customer_id,customer_name,email,country,signup_date,customer_segment,lifetime_value
1,Laura Brown,laura.brown@company.com,Germany,2023-02-18,Premium,1601.96
2,Donald Lee,donald.lee@outlook.com,France,2020-08-23,Standard,158.46
3,Susan Perez,susan.perez@outlook.com,France,2024-10-10,Standard,145.86
4,Emily Williams,emily.williams@yahoo.com,France,2024-11-28,Basic,38.44
5,Ashley Lopez,ashley.lopez@gmail.com,United Kingdom,2021-12-14,Standard,466.56
6,William Taylor,william.taylor@gmail.com,Canada,2023-08-06,Basic,154.84
7,Jessica Perez,jessica.perez@gmail.com,Australia,2023-11-25,Standard,578.59
8,Sharon Thomas,sharon.thomas@company.com,Germany,2023-05-11,Standard,161.10
9,Patricia Thompson,patricia.thompson@gmail.com,India,2020-02-09,Premium,2827.81
10,Sharon Jackson,sharon.jackson@gmail.com,Germany,2024-07-23,Basic,193.90
11,Thomas Thompson,thomas.thompson@gmail.com,Germany,2022-08-13,Basic,6.81
12,Nancy Martin,nancy.martin@mail.io,United Kingdom,2023-01-20,Basic,32.55
13,Kenneth Smith,kenneth.smith@yahoo.com,Canada,2021-02-01,Basic,101.09
14,Emily Taylor,emily.taylor@outlook.com,United Kingdom,2024-04-15,Basic,175.88
15,Oliver Patel,oliver.patel@company.com,United Kingdom,2022-08-28,Standard,532.50
16,Kenneth Brown,kenneth.brown@gmail.com,United Kingdom,2021-09-03,Basic,2.43
17,Sarah Taylor,sarah.taylor@gmail.com,United States,2022-08-07,Standard,660.89
18,Sofia Taylor,sofia.taylor@outlook.com,India,2024-05-10,Standard,323.09
19,Elizabeth Kumar,elizabeth.kumar@gmail.com,United States,2021-08-15,Premium,2989.59
20,Mark Lee,mark.lee@corp.net,India,2023-06-16,Standard,775.40
21,Nancy Sharma,nancy.sharma@yahoo.com,Germany,2022-10-30,Standard,286.13
22,Kenneth Johnson,kenneth.johnson@gmail.com,France,2022-12-16,Basic,174.78
23,William Hernandez,william.hernandez@yahoo.com,United States,2024-07-10,Standard,710.74
24,Barbara Walker,barbara.walker@hotmail.com,United States,2022-11-04,Standard,526.99
25,Mia Robinson,mia.robinson@mail.io,United States,2023-02-11,Basic,128.72
26,Arjun Williams,arjun.williams@outlook.com,United States,2021-08-13,Basic,178.66
27,Robert Lewis,robert.lewis@gmail.com,Australia,2024-08-26,Standard,796.28
28,John Clark,john.clark@mail.io,United Kingdom,2024-09-11,Standard,236.54
29,Thomas White,thomas.white@company.com,United Kingdom,2025-03-09,Standard,394.47
30,Priya Chen,priya.chen@gmail.com,United Kingdom,2023-08-23,Standard,503.72
31,Arjun Sharma,arjun.sharma@outlook.com,France,2021-05-07,Standard,572.89
32,Emma Wang,emma.wang@mail.io,United States,2021-04-29,Standard,467.96
33,Rebecca Jones,rebecca.jones@company.com,United States,2020-09-25,Basic,162.33
34,Patricia Wang,patricia.wang@mail.io,France,2022-07-21,Standard,375.23
35,Kenneth Moore,kenneth.moore@hotmail.com,Germany,2021-05-12,Standard,251.77
36,Laura Wilson,laura.wilson@mail.io,France,2023-02-11,Basic,127.97
37,Elizabeth Sharma,elizabeth.sharma@company.com,United States,2020-01-11,Standard,553.23
38,Robert Singh,robert.singh@mail.io,United States,2023-11-18,Standard,481.54
39,Barbara Harris,barbara.harris@gmail.com,United Kingdom,2021-12-28,Standard,97.68
40,Arjun Ramirez,arjun.ramirez@gmail.com,United States,2025-04-15,Premium,4427.35
41,William Miller,william.miller@gmail.com,United States,2022-03-13,Standard,473.57
42,Thomas Jones,thomas.jones@gmail.com,United States,2022-01-21,Standard,792.19
43,Laura Gonzalez,laura.gonzalez@mail.io,India,2024-06-22,Basic,15.83
44,Emily Rodriguez,emily.rodriguez@corp.net,United States,2024-09-03,Premium,3553.23
45,Laura Jones,laura.jones@gmail.com,Australia,2020-05-03,Basic,35.28
46,Emma Wang,emma.wang@company.com,United States,2024-11-29,Standard,299.22
47,Rebecca Nguyen,rebecca.nguyen@gmail.com,Canada,2022-04-19,Standard,355.30
48,Anthony Brown,anthony.brown@outlook.com,United Kingdom,2023-11-07,Premium,2332.77
49,Laura Martinez,laura.martinez@gmail.com,United States,2021-02-08,Standard,517.98
50,Steven Martinez,steven.martinez@gmail.com,United Kingdom,2022-04-19,Basic,40.49
51,Donald Hernandez,donald.hernandez@icloud.com,United States,2024-07-20,Standard,297.97
52,Christopher Lopez,christopher.lopez@yahoo.com,France,2024-06-10,Premium,1152.90
53,Daniel Rodriguez,daniel.rodriguez@company.com,United States,2024-02-24,Standard,99.39
54,Sarah Brown,sarah.brown@yahoo.com,United States,2022-06-29,Standard,143.50
55,Anthony Jackson,anthony.jackson@company.com,Germany,2025-02-02,Premium,4247.22
56,Noah Moore,noah.moore@gmail.com,United Kingdom,2022-12-05,Standard,86.82
57,Richard Gonzalez,richard.gonzalez@outlook.com,United States,2022-09-25,Standard,50.69
58,Sharon Martin,sharon.martin@corp.net,India,2023-06-11,Standard,793.70
59,Joshua Williams,joshua.williams@outlook.com,United States,2020-12-01,Basic,31.58
60,Andrew Chen,andrew.chen@gmail.com,United States,2024-10-13,Standard,164.28
61,Stephanie Gonzalez,stephanie.gonzalez@yahoo.com,France,2024-02-21,Standard,227.02
62,Andrew Gonzalez,andrew.gonzalez@gmail.com,Germany,2023-05-31,Standard,640.89
63,James Moore,james.moore@outlook.com,France,2021-04-08,Standard,74.43
64,Priya Williams,priya.williams@company.com,United States,2020-05-26,Basic,72.90
65,Jessica Moore,jessica.moore@outlook.com,France,2022-05-06,Standard,308.64
66,David Miller,david.miller@outlook.com,France,2021-09-25,Standard,533.94
67,Thomas Harris,thomas.harris@outlook.com,Australia,2023-05-30,Standard,555.49
68,Joshua Ramirez,joshua.ramirez@icloud.com,United States,2021-06-24,Basic,117.12
69,Mark Sharma,mark.sharma@gmail.com,United Kingdom,2023-06-22,Premium,2181.04
70,Christopher Ramirez,christopher.ramirez@gmail.com,United States,2024-02-14,Basic,170.77
71,William Walker,william.walker@company.com,France,2020-03-11,Standard,716.63
72,Joseph Mueller,joseph.mueller@mail.io,India,2023-07-04,Standard,625.03
73,Oliver Martin,oliver.martin@corp.net,United States,2021-08-14,Basic,116.57
74,Daniel Chen,daniel.chen@mail.io,Germany,2024-01-12,Basic,196.79
75,Sofia Taylor,sofia.taylor@gmail.com,Australia,2022-05-14,Basic,50.81
76,Nancy Chen,nancy.chen@gmail.com,United States,2025-05-15,Basic,184.26
77,Matthew Lee,matthew.lee@mail.io,United Kingdom,2020-08-19,Basic,151.63
78,Lucas Jones,lucas.jones@gmail.com,United Kingdom,2021-11-19,Standard,252.36
79,Thomas Chen,thomas.chen@outlook.com,Germany,2022-09-04,Standard,582.35
80,Noah Perez,noah.perez@company.com,United States,2020-12-21,Basic,160.68
81,Joshua Nguyen,joshua.nguyen@outlook.com,United States,2023-10-05,Standard,498.46
82,Nancy Rodriguez,nancy.rodriguez@icloud.com,United States,2020-05-22,Standard,323.57
83,Steven Anderson,steven.anderson@outlook.com,United States,2023-03-02,Standard,534.79
84,Andrew Hernandez,andrew.hernandez@yahoo.com,India,2020-05-19,Basic,49.22
85,Melissa Ramirez,melissa.ramirez@yahoo.com,United Kingdom,2024-12-23,Standard,440.25
86,Amanda Ramirez,amanda.ramirez@company.com,India,2025-02-13,Standard,270.98
87,Amanda Johnson,amanda.johnson@gmail.com,United Kingdom,2020-03-29,Basic,173.59
88,Nancy Chen,nancy.chen@corp.net,United Kingdom,2022-08-02,Standard,703.00
89,Kenneth Davis,kenneth.davis@company.com,India,2021-04-04,Standard,518.34
90,Sarah Walker,,India,2023-01-19,Standard,609.68
91,Emma Rodriguez,emma.rodriguez@hotmail.com,United States,2021-03-19,Standard,412.23
92,Susan Lewis,susan.lewis@gmail.com,United States,2024-04-29,Standard,587.53
93,Ashley Thomas,ashley.thomas@yahoo.com,France,2021-08-02,Standard,639.61
94,Barbara Robinson,barbara.robinson@mail.io,United States,2020-04-01,Basic,35.19
95,Sofia Thompson,sofia.thompson@mail.io,Canada,2024-11-08,Standard,269.94
96,Amanda Williams,amanda.williams@gmail.com,France,2021-02-09,Basic,152.56
97,Robert Martinez,robert.martinez@icloud.com,United States,2020-10-23,Basic,167.63
98,Arjun Lewis,arjun.lewis@yahoo.com,United Kingdom,2023-07-12,Standard,588.20
99,Matthew Lee,matthew.lee@company.com,India,2025-04-25,Standard,100.85
100,Richard Sanchez,richard.sanchez@mail.io,United States,2023-04-06,Basic,188.53
101,Lucas Johnson,lucas.johnson@gmail.com,Australia,2021-04-04,Basic,38.08
102,Raj Patel,raj.patel@gmail.com,United Kingdom,2024-05-25,Standard,766.74
103,Paul Miller,paul.miller@outlook.com,United States,2023-10-03,Premium,2465.79
104,Mia Anderson,mia.anderson@corp.net,France,2020-07-09,Basic,190.68
105,Sofia Chen,sofia.chen@gmail.com,Germany,2023-08-10,Standard,620.40
106,David Gonzalez,david.gonzalez@icloud.com,United Kingdom,2021-05-30,Basic,141.26
107,Raj Kumar,raj.kumar@gmail.com,Germany,2023-10-11,Standard,302.99
108,Robert Singh,robert.singh@corp.net,India,2021-10-24,Premium,638.51
109,Stephanie Gonzalez,stephanie.gonzalez@outlook.com,United States,2021-03-18,Standard,349.91
110,Noah Ramirez,noah.ramirez@company.com,United States,2022-02-27,Standard,574.04
111,Steven Singh,steven.singh@outlook.com,United Kingdom,2022-08-24,Standard,665.46
112,Emma Chen,emma.chen@mail.io,Canada,2022-10-20,Basic,95.92
113,James Jones,james.jones@mail.io,United Kingdom,2021-07-20,Standard,770.39
114,Jessica Kim,jessica.kim@company.com,United States,2021-05-06,Standard,263.55
115,Ashley Kim,ashley.kim@outlook.com,United States,2024-02-12,Premium,4900.43
116,Lisa Lopez,lisa.lopez@gmail.com,France,2020-07-01,Basic,16.68
117,John Walker,john.walker@gmail.com,United States,2020-09-29,Standard,583.99
118,Ashley Rodriguez,ashley.rodriguez@corp.net,United States,2022-11-18,Premium,714.78
119,Barbara Sharma,barbara.sharma@yahoo.com,United States,2025-02-13,Standard,517.07
120,William Gonzalez,william.gonzalez@yahoo.com,United States,2021-03-09,Standard,131.16
121,Priya Chen,priya.chen1@gmail.com,Australia,2020-04-18,Basic,72.12
122,David Wilson,david.wilson@mail.io,United Kingdom,2021-05-06,Standard,541.20
123,Amanda Chen,amanda.chen@hotmail.com,France,2023-04-26,Basic,84.52
124,Nancy Patel,nancy.patel@company.com,United States,2022-11-30,Standard,779.05
125,Melissa Lopez,melissa.lopez@outlook.com,United States,2023-10-15,Basic,56.40
126,Barbara Hernandez,barbara.hernandez@hotmail.com,United States,2023-04-22,Standard,261.26
127,Christopher Lewis,christopher.lewis@company.com,Australia,2021-02-22,Basic,24.55
128,Lucas Johnson,lucas.johnson@mail.io,United States,2023-12-22,Standard,220.05
129,Jessica Singh,jessica.singh@hotmail.com,France,2020-07-28,Standard,195.61
130,Rebecca Sharma,rebecca.sharma@outlook.com,United States,2021-05-17,Basic,109.36
131,Barbara Wang,barbara.wang@yahoo.com,Germany,2023-11-24,Standard,64.23
132,Sofia Patel,sofia.patel@yahoo.com,Germany,2020-05-23,Standard,537.54
133,David Patel,david.patel@gmail.com,Australia,2020-08-26,Standard,56.40
134,Robert Ramirez,robert.ramirez@outlook.com,United States,2024-08-25,Basic,109.78
135,Anthony Kim,anthony.kim@outlook.com,Australia,2020-04-22,Premium,4003.32
136,Jessica Clark,jessica.clark@outlook.com,Germany,2022-02-03,Premium,3704.50
137,Matthew Davis,matthew.davis@mail.io,United States,2021-10-09,Standard,130.23
138,Nancy Robinson,nancy.robinson@company.com,United Kingdom,2024-04-22,Basic,129.60
139,William Wang,william.wang@company.com,United States,2024-08-04,Standard,97.71
140,Jessica Miller,jessica.miller@outlook.com,Canada,2023-01-04,Standard,626.55
141,Andrew Nguyen,andrew.nguyen@yahoo.com,France,2023-10-02,Premium,2425.88
142,Emma Robinson,emma.robinson@company.com,Germany,2023-03-08,Standard,768.01
143,Emily Smith,emily.smith@outlook.com,India,2024-05-13,Basic,101.01
144,Lisa Rodriguez,lisa.rodriguez@yahoo.com,Canada,2024-03-12,Standard,214.10
145,Daniel Gonzalez,daniel.gonzalez@outlook.com,United States,2022-09-02,Premium,3833.26
146,Jennifer Ramirez,jennifer.ramirez@mail.io,France,2021-12-05,Standard,150.72
147,Linda Lewis,linda.lewis@mail.io,Germany,2024-01-23,Standard,380.77
148,Karen Brown,karen.brown@outlook.com,United Kingdom,2024-10-31,Standard,250.64
149,David Ramirez,david.ramirez@gmail.com,Canada,2021-09-21,Standard,404.94
150,Stephanie Miller,stephanie.miller@icloud.com,United States,2023-05-11,Basic,25.97
151,Priya Gonzalez,priya.gonzalez@corp.net,United States,2024-06-13,Standard,157.59
152,Priya Martin,priya.martin@mail.io,Canada,2021-07-21,Basic,166.85
153,Priya Thompson,priya.thompson@icloud.com,United States,2022-06-19,Basic,37.96
154,Christopher Kim,christopher.kim@gmail.com,India,2020-07-08,Premium,4574.75
155,Melissa Ramirez,melissa.ramirez@company.com,Germany,2020-05-22,Standard,174.94
156,Kenneth Mueller,kenneth.mueller@gmail.com,United States,2021-05-05,Standard,473.86
157,Kenneth Harris,kenneth.harris@company.com,United States,2023-06-01,Standard,454.55
158,Sarah Lopez,sarah.lopez@mail.io,United Kingdom,2022-04-17,Standard,586.53
159,Anthony Martin,anthony.martin@gmail.com,United States,2020-11-05,Standard,477.53
160,Thomas Harris,thomas.harris@company.com,France,2022-06-03,Standard,379.48
161,Sofia Lopez,sofia.lopez@gmail.com,India,2021-11-04,Standard,115.50
162,Noah Smith,noah.smith@corp.net,Germany,2020-11-14,Premium,570.71
163,Ashley Lopez,ashley.lopez@company.com,Australia,2022-05-03,Standard,473.80
164,Daniel Lee,daniel.lee@gmail.com,United States,2020-06-25,Basic,143.27
165,Andrew Kim,andrew.kim@icloud.com,Canada,2021-10-05,Standard,362.16
166,Richard Moore,richard.moore@corp.net,United Kingdom,2024-07-13,Standard,700.51
167,Rebecca Sharma,rebecca.sharma@gmail.com,India,2024-11-18,Standard,548.94
168,John Singh,john.singh@company.com,United States,2022-03-25,Standard,177.54
169,Emily Perez,emily.perez@outlook.com,Germany,2025-02-09,Basic,43.05
170,Patricia Singh,patricia.singh@gmail.com,France,2024-02-19,Standard,124.73
171,Ananya Nguyen,ananya.nguyen@gmail.com,United Kingdom,2022-03-08,Basic,76.12
172,Raj Jones,raj.jones@gmail.com,Australia,2023-09-05,Standard,165.89
173,Stephanie Lee,stephanie.lee@outlook.com,Germany,2021-05-22,Standard,295.27
174,Laura Kim,laura.kim@corp.net,United Kingdom,2023-03-18,Standard,468.35
175,Karen Walker,karen.walker@gmail.com,United Kingdom,2025-04-03,Standard,552.24
176,Nancy Patel,nancy.patel@gmail.com,United Kingdom,2022-04-21,Basic,55.21
177,Barbara Taylor,barbara.taylor@gmail.com,United States,2020-05-03,Premium,4006.49
178,Laura Mueller,laura.mueller@hotmail.com,United Kingdom,2024-10-22,Standard,175.77
179,Jennifer Wang,jennifer.wang@yahoo.com,United States,2021-07-28,Basic,46.85
180,Ashley Kumar,ashley.kumar@gmail.com,Germany,2021-06-29,Basic,50.87
181,Oliver Rodriguez,oliver.rodriguez@mail.io,United States,2024-01-16,Standard,247.26
182,James Thompson,james.thompson@mail.io,Australia,2023-04-19,Basic,1.36
183,Amanda Lee,amanda.lee@outlook.com,Germany,2022-03-23,Basic,172.76
184,Thomas Kumar,thomas.kumar@yahoo.com,United Kingdom,2021-06-30,Premium,3701.46
185,Amanda Robinson,amanda.robinson@gmail.com,United States,2022-07-30,Standard,64.79
186,Mark Wang,mark.wang@corp.net,France,2021-10-07,Standard,103.43
187,Amanda Harris,amanda.harris@mail.io,India,2022-04-09,Standard,546.94
188,David Lee,david.lee@yahoo.com,United States,2021-02-03,Standard,302.05
189,Paul Hernandez,paul.hernandez@gmail.com,United Kingdom,2020-05-06,Basic,121.02
190,Lucas Martinez,lucas.martinez@corp.net,Canada,2023-04-21,Basic,130.68
191,Elizabeth Smith,elizabeth.smith@outlook.com,United States,2021-06-10,Standard,408.00
192,Karen Thompson,karen.thompson@outlook.com,Germany,2020-07-10,Standard,175.85
193,Sharon Lewis,sharon.lewis@yahoo.com,United States,2021-08-01,Standard,90.80
194,Joseph Moore,joseph.moore@mail.io,United States,2021-11-01,Standard,338.32
195,Jennifer Lewis,jennifer.lewis@hotmail.com,United States,2021-05-22,Basic,51.87
196,Ananya Jones,ananya.jones@yahoo.com,United States,2024-07-29,Basic,187.28
197,Robert Davis,robert.davis@outlook.com,Australia,2020-07-23,Basic,118.93
198,Christopher Wilson,christopher.wilson@yahoo.com,United Kingdom,2020-08-13,Standard,383.05
199,Rebecca Sharma,rebecca.sharma1@gmail.com,India,2021-10-08,Basic,14.00
200,Melissa Sharma,melissa.sharma@corp.net,United Kingdom,2022-09-09,Basic,120.59
201,Priya Hernandez,priya.hernandez@gmail.com,United Kingdom,2022-05-27,Basic,63.73
202,Nancy Nguyen,nancy.nguyen@mail.io,United Kingdom,2021-01-10,Basic,56.69
203,John Rodriguez,john.rodriguez@gmail.com,United States,2020-02-02,Basic,100.99
204,Priya White,priya.white@gmail.com,India,2020-07-02,Basic,87.64
205,Joshua Sharma,joshua.sharma@outlook.com,India,2022-12-12,Standard,541.70
206,Oliver Perez,oliver.perez@gmail.com,France,2021-05-15,Basic,117.70
207,Raj Hernandez,raj.hernandez@company.com,United States,2020-04-02,Standard,543.90
208,Sharon Smith,sharon.smith@gmail.com,United States,2025-01-07,Premium,4735.11
209,Ananya Harris,ananya.harris@yahoo.com,United States,2024-12-04,Premium,3644.83
210,Karen Taylor,karen.taylor@outlook.com,France,2024-08-23,Standard,199.59
211,Paul Williams,paul.williams@gmail.com,India,2021-07-06,Standard,154.19
212,Amanda Kim,amanda.kim@mail.io,United Kingdom,2020-10-14,Premium,2715.24
213,John Taylor,john.taylor@mail.io,United States,2022-09-12,Standard,394.66
214,Steven Lewis,steven.lewis@mail.io,India,2022-04-12,Standard,614.17
215,Joshua Anderson,joshua.anderson@mail.io,France,2021-07-14,Basic,3.56
216,Donald Kim,donald.kim@outlook.com,France,2024-06-30,Standard,372.98
217,Matthew Davis,matthew.davis@corp.net,United States,2022-04-14,Standard,129.44
218,Karen Wang,karen.wang@company.com,United Kingdom,2025-01-27,Premium,3159.99
219,James Lewis,james.lewis@gmail.com,France,2025-05-01,Standard,178.22
220,Lucas Johnson,lucas.johnson@hotmail.com,United States,2023-08-08,Basic,146.41
221,Arjun Martin,arjun.martin@gmail.com,Germany,2020-07-21,Standard,755.08
222,Rebecca Martin,rebecca.martin@yahoo.com,United States,2022-07-18,Premium,3851.65
223,Elizabeth Chen,elizabeth.chen@corp.net,United States,2024-04-03,Basic,119.14
224,Matthew Gonzalez,matthew.gonzalez@icloud.com,Germany,2023-01-25,Basic,0.67
225,Sarah Mueller,sarah.mueller@gmail.com,India,2022-10-19,Basic,31.62
226,Susan Robinson,susan.robinson@mail.io,Germany,2020-04-06,Standard,86.97
227,Mark Davis,mark.davis@company.com,United Kingdom,2022-03-20,Basic,138.26
228,Rebecca Davis,rebecca.davis@outlook.com,United States,2025-05-06,Basic,69.99
229,Ashley Lee,ashley.lee@gmail.com,India,2024-04-23,Premium,2386.03
230,Elizabeth Sharma,elizabeth.sharma@outlook.com,Germany,2025-04-13,Basic,106.72
231,Mia Moore,mia.moore@mail.io,Australia,2022-03-24,Standard,634.59
232,Joseph Williams,joseph.williams@outlook.com,Australia,2020-03-19,Basic,2.60
233,Robert Sharma,robert.sharma@corp.net,Germany,2022-10-19,Standard,491.36
234,Emma Nguyen,emma.nguyen@gmail.com,India,2020-01-07,Standard,549.41
235,Emma Martin,emma.martin@company.com,Germany,2020-07-20,Standard,761.14
236,Mark Thomas,mark.thomas@gmail.com,United States,2021-01-30,Premium,1045.40
237,Paul Robinson,paul.robinson@gmail.com,Australia,2022-11-18,Premium,3857.54
238,Linda Walker,linda.walker@gmail.com,United States,2022-03-18,Premium,2410.11
239,Mary Anderson,mary.anderson@gmail.com,Australia,2020-08-22,Standard,616.20
240,David Smith,david.smith@gmail.com,France,2020-12-23,Standard,500.99
241,Lisa Jackson,lisa.jackson@gmail.com,United States,2021-11-04,Standard,272.64
242,Susan Rodriguez,susan.rodriguez@corp.net,United States,2024-03-08,Basic,62.60
243,Jennifer Jones,jennifer.jones@gmail.com,Australia,2024-03-20,Standard,251.40
244,Karen Brown,karen.brown@mail.io,Canada,2024-04-13,Premium,4490.28
245,Matthew Moore,matthew.moore@corp.net,France,2023-05-07,Basic,92.44
246,Kenneth Miller,kenneth.miller@hotmail.com,India,2020-04-18,Standard,538.29
247,William Singh,william.singh@hotmail.com,United States,2023-06-25,Basic,23.26
248,Susan Robinson,susan.robinson@icloud.com,France,2021-07-16,Basic,199.78
249,Sharon Walker,sharon.walker@outlook.com,United States,2023-04-29,Standard,583.64
250,Thomas Moore,thomas.moore@yahoo.com,Canada,2024-08-04,Standard,448.27
251,Thomas Lopez,thomas.lopez@gmail.com,Australia,2020-06-29,Basic,30.90
252,Mark Gonzalez,mark.gonzalez@company.com,United States,2025-02-21,Standard,85.81
253,Jessica Patel,jessica.patel@outlook.com,Germany,2020-08-20,Standard,624.85
254,Ashley Harris,ashley.harris@yahoo.com,France,2021-07-01,Standard,404.78
255,Jessica Taylor,jessica.taylor@outlook.com,Australia,2024-01-19,Standard,671.18
256,David Anderson,david.anderson@gmail.com,France,2024-03-13,Standard,731.04
257,Karen Moore,karen.moore@company.com,United States,2021-03-01,Standard,688.23
258,Sharon Wilson,sharon.wilson@yahoo.com,India,2024-11-27,Standard,436.67
259,William Sanchez,william.sanchez@outlook.com,United States,2024-02-11,Basic,78.97
260,Andrew Davis,andrew.davis@outlook.com,United States,2023-07-16,Standard,136.51
261,Ananya Garcia,ananya.garcia@hotmail.com,United Kingdom,2020-01-11,Premium,1384.02
262,Jessica Johnson,jessica.johnson@hotmail.com,Germany,2021-04-25,Basic,149.48
263,Paul Hernandez,paul.hernandez@mail.io,France,2023-09-21,Standard,501.49
264,John Chen,john.chen@company.com,United States,2021-10-05,Standard,199.72
265,Christopher Perez,christopher.perez@corp.net,India,2022-03-31,Standard,369.71
266,Ashley Jones,ashley.jones@hotmail.com,United States,2025-05-24,Standard,427.26
267,Paul Ramirez,paul.ramirez@corp.net,Canada,2022-02-19,Basic,114.96
268,Sharon Nguyen,sharon.nguyen@gmail.com,Australia,2024-04-20,Basic,61.59
269,Paul Lewis,paul.lewis@gmail.com,France,2023-08-25,Premium,4431.61
270,David Martin,david.martin@mail.io,United States,2020-09-27,Basic,32.09
271,Mia White,mia.white@yahoo.com,Canada,2023-10-05,Standard,478.07
272,Mia Davis,mia.davis@gmail.com,United States,2025-01-09,Basic,131.04
273,Barbara Williams,barbara.williams@mail.io,Germany,2023-07-30,Standard,778.17
274,Mary Johnson,mary.johnson@outlook.com,India,2023-05-01,Premium,1809.49
275,Mia Harris,mia.harris@gmail.com,United States,2020-03-07,Standard,203.80
276,Ashley Kim,ashley.kim@company.com,United States,2024-01-23,Standard,243.25
277,John Thomas,john.thomas@icloud.com,Germany,2020-11-04,Standard,89.45
278,Michael Miller,michael.miller@gmail.com,United States,2023-10-25,Premium,1688.87
279,James Williams,james.williams@gmail.com,Germany,2020-12-02,Basic,76.27
280,Daniel Johnson,daniel.johnson@gmail.com,United Kingdom,2024-07-04,Standard,342.42
281,John Taylor,john.taylor@company.com,United States,2021-04-16,Standard,373.81
282,Nancy Lewis,nancy.lewis@corp.net,United States,2023-08-21,Standard,569.59
283,Emma Taylor,emma.taylor@mail.io,United States,2021-05-31,Standard,662.50
284,Lucas Smith,lucas.smith@gmail.com,United States,2023-06-27,Basic,65.24
285,Thomas Chen,thomas.chen@company.com,Germany,2024-02-12,Premium,2667.43
286,John Mueller,john.mueller@yahoo.com,India,2024-11-04,Premium,3235.01
287,Ananya Moore,ananya.moore@icloud.com,Australia,2024-06-29,Premium,4331.71
288,Sarah Patel,sarah.patel@outlook.com,France,2022-05-16,Standard,633.57
289,Priya Singh,priya.singh@gmail.com,United States,2025-05-25,Standard,676.35
290,Priya Nguyen,priya.nguyen@yahoo.com,United States,2021-11-30,Premium,4308.06
291,Sarah Smith,sarah.smith@icloud.com,India,2021-04-20,Basic,29.44
292,Emma Kumar,emma.kumar@gmail.com,United States,2021-10-01,Standard,83.35
293,Joseph Rodriguez,joseph.rodriguez@yahoo.com,United States,2022-04-13,Basic,75.02
294,Mia Martin,mia.martin@hotmail.com,United Kingdom,2023-10-15,Standard,590.94
295,Christopher Wilson,christopher.wilson1@yahoo.com,United States,2020-01-30,Basic,54.80
296,Arjun Kumar,arjun.kumar@company.com,United States,2024-08-10,Standard,501.72
297,James Johnson,james.johnson@hotmail.com,United States,2022-10-14,Basic,141.00
298,Jessica Davis,jessica.davis@gmail.com,United States,2020-10-24,Standard,243.60
299,Donald Thompson,donald.thompson@hotmail.com,Germany,2025-03-05,Premium,4643.99
300,Melissa Moore,melissa.moore@gmail.com,United States,2020-05-04,Standard,765.07
301,Noah Lewis,noah.lewis@mail.io,United States,2023-07-11,Premium,2050.35
302,Barbara Kumar,barbara.kumar@outlook.com,United Kingdom,2023-01-16,Basic,49.28
303,Lucas Brown,lucas.brown@outlook.com,United States,2022-08-12,Standard,747.37
304,Christopher Lopez,christopher.lopez@gmail.com,France,2024-12-12,Standard,423.78
305,Mark Walker,mark.walker@gmail.com,United States,2023-01-28,Standard,779.80
306,Sharon Smith,sharon.smith@company.com,United States,2022-02-13,Standard,667.71
307,Christopher Lopez,,United States,2023-04-16,Premium,1534.82
308,Michael Singh,michael.singh@outlook.com,Germany,2021-03-19,Standard,566.26
309,John Jackson,john.jackson@icloud.com,Germany,2024-06-18,Standard,697.62
310,John Sharma,john.sharma@gmail.com,United States,2024-02-26,Premium,4450.28
311,Lisa Patel,lisa.patel@corp.net,United States,2022-12-24,Standard,421.15
312,Noah Patel,noah.patel@outlook.com,Australia,2020-03-27,Premium,2865.86
313,Andrew Martin,andrew.martin@icloud.com,France,2023-12-12,Basic,195.07
314,Oliver Clark,oliver.clark@gmail.com,United States,2021-11-20,Basic,187.32
315,Mark Robinson,mark.robinson@outlook.com,Germany,2020-06-09,Standard,512.93
316,Noah Miller,noah.miller@outlook.com,United States,2020-04-14,Basic,196.39
317,Barbara Kumar,barbara.kumar@gmail.com,United States,2020-01-23,Basic,122.33
318,Jessica Clark,jessica.clark@yahoo.com,United States,2021-02-07,Basic,52.15
319,Stephanie Anderson,stephanie.anderson@gmail.com,Canada,2021-04-09,Premium,2129.87
320,Matthew Kim,matthew.kim@gmail.com,United States,2025-02-04,Basic,45.01
321,Michael Robinson,michael.robinson@outlook.com,Germany,2021-02-01,Premium,2185.10
322,Thomas Kim,thomas.kim@yahoo.com,United Kingdom,2022-10-13,Standard,83.27
323,Linda Anderson,linda.anderson@company.com,United Kingdom,2023-03-19,Premium,4677.09
324,Michael Patel,michael.patel@corp.net,United States,2023-04-11,Standard,120.78
325,Michael Ramirez,michael.ramirez@mail.io,Canada,2024-05-29,Premium,748.98
326,James White,james.white@gmail.com,India,2021-06-22,Standard,318.86
327,Robert Thompson,robert.thompson@outlook.com,India,2021-09-18,Basic,153.72
328,Noah Mueller,noah.mueller@hotmail.com,United States,2023-03-10,Basic,134.29
329,Paul Williams,paul.williams1@gmail.com,United Kingdom,2024-06-29,Basic,149.16
330,Sharon Nguyen,sharon.nguyen1@gmail.com,United Kingdom,2021-06-22,Standard,708.44
331,Arjun Harris,,Germany,2025-04-22,Premium,1921.46
332,Ananya Clark,ananya.clark@yahoo.com,Germany,2023-11-25,Premium,2304.55
333,Robert Anderson,robert.anderson@gmail.com,Australia,2020-04-28,Standard,762.41
334,Donald Robinson,donald.robinson@mail.io,Australia,2022-10-12,Standard,467.55
335,Michael Singh,michael.singh@mail.io,United Kingdom,2022-04-19,Standard,67.72
336,Oliver Lewis,oliver.lewis@gmail.com,United Kingdom,2024-04-12,Standard,515.79
337,Mia Kim,mia.kim@gmail.com,United States,2020-01-11,Basic,12.29
338,Melissa Kumar,melissa.kumar@gmail.com,Canada,2023-01-29,Premium,3923.45
339,Andrew Taylor,andrew.taylor@gmail.com,India,2025-05-14,Basic,193.88
340,Jennifer Wilson,jennifer.wilson@hotmail.com,Australia,2025-03-06,Standard,257.82
341,Barbara Gonzalez,barbara.gonzalez@hotmail.com,United States,2022-03-21,Standard,440.40
342,Kenneth Kim,kenneth.kim@gmail.com,Canada,2022-02-21,Standard,336.30
343,William Chen,william.chen@yahoo.com,India,2023-04-09,Basic,45.89
344,Joshua Wilson,joshua.wilson@gmail.com,Australia,2024-07-03,Standard,464.57
345,Matthew Taylor,matthew.taylor@hotmail.com,India,2021-08-29,Standard,209.22
346,Raj Smith,raj.smith@gmail.com,India,2024-12-16,Standard,364.87
347,Amanda Martinez,amanda.martinez@hotmail.com,United States,2020-01-30,Basic,79.49
348,Richard Chen,richard.chen@mail.io,United Kingdom,2025-04-17,Standard,413.64
349,Joshua Smith,joshua.smith@corp.net,India,2023-04-12,Premium,3732.38
350,John Thomas,john.thomas@outlook.com,United States,2023-07-23,Standard,251.05
351,Elizabeth Taylor,elizabeth.taylor@mail.io,United States,2022-01-29,Standard,532.16
352,Ananya Patel,ananya.patel@company.com,Germany,2021-03-26,Standard,416.05
353,Jessica Singh,jessica.singh1@hotmail.com,Canada,2021-01-08,Standard,98.35
354,Nancy Wang,nancy.wang@gmail.com,United Kingdom,2022-05-29,Basic,120.47
355,Jennifer Singh,jennifer.singh@mail.io,Germany,2020-09-29,Basic,37.99
356,Anthony Davis,anthony.davis@gmail.com,United States,2021-11-26,Standard,293.44
357,Christopher Lee,christopher.lee@icloud.com,United Kingdom,2022-06-24,Premium,2249.49
358,Oliver Rodriguez,oliver.rodriguez@gmail.com,United States,2025-01-27,Standard,453.11
359,Christopher Moore,christopher.moore@gmail.com,United States,2025-03-13,Standard,433.28
360,Sofia Wilson,sofia.wilson@gmail.com,United States,2023-11-27,Standard,375.77
361,Noah Davis,,Australia,2022-03-14,Standard,688.47
362,Laura Moore,laura.moore@company.com,United States,2024-05-28,Standard,778.72
363,Emily Nguyen,emily.nguyen@outlook.com,United States,2023-02-15,Standard,604.88
364,Melissa Wilson,melissa.wilson@icloud.com,United States,2023-08-17,Standard,765.29
365,James Smith,james.smith@gmail.com,United States,2024-11-17,Standard,738.77
366,Raj Jackson,raj.jackson@gmail.com,United States,2021-11-14,Basic,34.57
367,Anthony Hernandez,anthony.hernandez@icloud.com,Australia,2023-05-17,Standard,343.83
368,Priya Harris,priya.harris@gmail.com,United States,2020-04-16,Basic,111.55
369,Mark Clark,mark.clark@gmail.com,Australia,2024-04-29,Standard,67.41
370,Matthew Wang,matthew.wang@outlook.com,India,2022-11-02,Standard,789.51
371,James Harris,james.harris@gmail.com,Australia,2023-09-12,Basic,31.04
372,Joshua Moore,joshua.moore@gmail.com,United Kingdom,2024-03-30,Basic,101.82
373,Paul Sharma,paul.sharma@hotmail.com,France,2021-12-29,Standard,361.49
374,Joshua Harris,joshua.harris@gmail.com,United Kingdom,2024-06-14,Basic,131.08
375,Amanda Johnson,amanda.johnson1@gmail.com,United Kingdom,2022-07-20,Basic,180.34
376,Sarah Lewis,sarah.lewis@mail.io,United States,2023-07-17,Standard,347.26
377,Raj Singh,raj.singh@corp.net,United States,2022-06-18,Standard,659.84
378,Raj Patel,raj.patel1@gmail.com,United States,2020-06-18,Standard,173.57
379,Mary Sharma,mary.sharma@mail.io,United Kingdom,2020-03-14,Standard,736.19
380,Karen Harris,karen.harris@mail.io,United States,2020-04-06,Standard,476.98
381,Matthew Smith,matthew.smith@company.com,United Kingdom,2025-03-11,Premium,4180.43
382,Emily Jackson,emily.jackson@outlook.com,United Kingdom,2024-08-14,Standard,299.61
383,Oliver Patel,oliver.patel@outlook.com,Germany,2022-03-21,Standard,504.00
384,Oliver Clark,oliver.clark1@gmail.com,United States,2023-09-27,Premium,2683.52
385,Rebecca Mueller,rebecca.mueller@gmail.com,Australia,2025-05-07,Standard,134.23
386,Lisa Hernandez,lisa.hernandez@gmail.com,France,2022-02-11,Standard,277.36
387,John Garcia,john.garcia@outlook.com,Germany,2020-08-17,Standard,68.37
388,John Thomas,john.thomas@gmail.com,Canada,2021-01-18,Standard,640.45
389,Sarah Nguyen,sarah.nguyen@gmail.com,United States,2022-08-16,Standard,649.02
390,Mary Chen,mary.chen@hotmail.com,United States,2020-02-02,Standard,139.38
391,Nancy Martin,nancy.martin@gmail.com,United States,2024-04-05,Basic,162.33
392,Kenneth Wilson,kenneth.wilson@company.com,India,2024-02-09,Standard,611.39
393,Lucas Robinson,lucas.robinson@icloud.com,United Kingdom,2023-05-04,Standard,121.60
394,Kenneth Williams,kenneth.williams@mail.io,United States,2024-06-15,Basic,71.10
395,Sharon Ramirez,sharon.ramirez@outlook.com,Australia,2024-11-28,Premium,2873.65
396,Emma Rodriguez,emma.rodriguez@gmail.com,United States,2021-12-11,Standard,357.84
397,Priya Martinez,priya.martinez@hotmail.com,India,2021-02-07,Standard,597.25
398,John Patel,john.patel@icloud.com,United States,2022-10-27,Standard,734.13
399,Paul Sanchez,paul.sanchez@outlook.com,Australia,2023-07-29,Basic,35.39
400,James Lopez,james.lopez@outlook.com,United Kingdom,2022-09-28,Standard,272.03
401,Donald Robinson,donald.robinson@yahoo.com,France,2020-05-05,Premium,1616.37
402,Raj Lewis,raj.lewis@gmail.com,United States,2023-08-07,Standard,574.54
403,Laura Davis,laura.davis@gmail.com,United States,2024-10-16,Standard,235.51
404,Patricia Kumar,patricia.kumar@gmail.com,United States,2023-11-03,Standard,742.36
405,Robert Ramirez,robert.ramirez1@outlook.com,Germany,2024-01-19,Standard,506.27
406,Sarah Wilson,sarah.wilson@gmail.com,France,2024-10-29,Standard,789.02
407,Anthony Kim,anthony.kim@company.com,Canada,2023-10-24,Basic,36.93
408,Sofia Mueller,sofia.mueller@gmail.com,India,2024-08-21,Standard,355.81
409,Lisa Lewis,lisa.lewis@gmail.com,India,2020-12-07,Standard,217.80
410,Stephanie Sharma,stephanie.sharma@gmail.com,India,2023-02-09,Standard,435.68
411,Nancy Jackson,nancy.jackson@mail.io,United States,2020-11-07,Basic,90.15
412,Richard Brown,richard.brown@hotmail.com,Canada,2021-10-03,Basic,122.60
413,Melissa Sanchez,melissa.sanchez@yahoo.com,Germany,2024-05-11,Standard,333.91
414,Melissa Garcia,melissa.garcia@outlook.com,France,2023-01-07,Standard,372.30
415,Rebecca Patel,rebecca.patel@gmail.com,United Kingdom,2021-10-30,Standard,437.97
416,Matthew Williams,matthew.williams@yahoo.com,India,2024-01-09,Standard,92.79
417,Sarah Sanchez,sarah.sanchez@yahoo.com,United States,2020-10-19,Premium,2038.94
418,Sofia Harris,sofia.harris@outlook.com,Germany,2025-03-07,Standard,334.69
419,Barbara Rodriguez,barbara.rodriguez@gmail.com,India,2021-04-17,Standard,115.59
420,Laura Walker,laura.walker@gmail.com,Australia,2024-11-20,Standard,481.91
421,Patricia Kumar,patricia.kumar@outlook.com,Germany,2024-06-20,Premium,2244.76
422,Noah Lopez,noah.lopez@corp.net,United Kingdom,2025-01-01,Premium,1594.18
423,Michael Mueller,michael.mueller@outlook.com,United States,2023-02-24,Standard,534.04
424,Daniel Wilson,daniel.wilson@outlook.com,France,2024-03-22,Basic,193.06
425,Raj Ramirez,raj.ramirez@yahoo.com,United States,2023-10-16,Standard,53.68
426,Karen Chen,karen.chen@hotmail.com,Germany,2022-08-10,Standard,119.00
427,Sarah Perez,sarah.perez@gmail.com,India,2022-12-29,Standard,419.33
428,Paul Kumar,paul.kumar@gmail.com,United Kingdom,2022-01-05,Standard,623.65
429,Linda Mueller,linda.mueller@company.com,France,2022-01-09,Standard,168.99
430,James Johnson,james.johnson@icloud.com,United States,2024-07-03,Standard,421.08
431,Emily Williams,emily.williams@company.com,France,2023-08-05,Standard,129.20
432,Karen Martin,karen.martin@mail.io,Germany,2025-03-20,Basic,185.69
433,Amanda Smith,amanda.smith@gmail.com,Germany,2023-03-08,Standard,172.80
434,David Chen,david.chen@gmail.com,Canada,2024-10-05,Premium,2017.04
435,Mark Sanchez,mark.sanchez@yahoo.com,United States,2023-12-29,Basic,14.42
436,Michael Martinez,michael.martinez@outlook.com,France,2021-02-19,Basic,155.47
437,William Miller,william.miller@corp.net,United States,2022-04-04,Basic,195.33
438,James Nguyen,james.nguyen@icloud.com,Canada,2022-06-24,Standard,372.42
439,Sofia Rodriguez,sofia.rodriguez@yahoo.com,Germany,2024-10-15,Standard,641.50
440,Stephanie Lopez,stephanie.lopez@hotmail.com,United States,2021-09-15,Standard,333.26
441,Sharon Patel,sharon.patel@icloud.com,France,2024-01-24,Premium,3590.21
442,Robert Perez,robert.perez@company.com,United Kingdom,2023-05-14,Standard,506.22
443,John Lee,john.lee@company.com,United States,2021-07-04,Standard,760.99
444,Sofia Patel,sofia.patel@outlook.com,Canada,2021-08-23,Basic,70.92
445,Lucas Lewis,lucas.lewis@hotmail.com,United Kingdom,2022-06-06,Basic,148.39
446,Matthew Martin,matthew.martin@mail.io,Australia,2023-01-15,Standard,611.10
447,David Jackson,david.jackson@hotmail.com,India,2025-03-06,Standard,367.87
448,Mary Smith,mary.smith@outlook.com,United States,2023-05-25,Basic,165.75
449,William Kumar,william.kumar@mail.io,India,2020-02-12,Basic,162.90
450,Steven Harris,steven.harris@gmail.com,India,2025-05-30,Standard,342.27
451,Kenneth Garcia,kenneth.garcia@mail.io,United Kingdom,2024-08-18,Standard,394.70
452,Laura Clark,laura.clark@yahoo.com,United States,2020-01-12,Standard,104.87
453,Donald Lopez,donald.lopez@hotmail.com,India,2020-05-26,Basic,197.90
454,Matthew Rodriguez,matthew.rodriguez@gmail.com,Canada,2022-06-07,Standard,683.58
455,Sarah Lopez,sarah.lopez@outlook.com,United States,2020-09-07,Basic,57.77
456,Robert Wilson,robert.wilson@mail.io,Canada,2020-02-20,Standard,749.67
457,Daniel Moore,daniel.moore@company.com,Germany,2022-10-09,Basic,45.11
458,Sharon Sharma,sharon.sharma@gmail.com,Germany,2024-10-04,Standard,59.46
459,Michael Anderson,michael.anderson@yahoo.com,France,2021-08-31,Basic,5.63
460,Sharon Lewis,sharon.lewis@gmail.com,Australia,2025-04-18,Standard,457.21
461,David Williams,david.williams@outlook.com,Australia,2025-04-03,Standard,441.05
462,Sarah Singh,sarah.singh@gmail.com,United States,2022-10-11,Basic,18.46
463,Emily Lopez,emily.lopez@company.com,Germany,2020-04-01,Basic,38.22
464,Robert Chen,robert.chen@yahoo.com,United States,2020-03-04,Basic,69.92
465,Lucas Kim,lucas.kim@outlook.com,India,2022-08-15,Standard,233.03
466,Robert Patel,robert.patel@outlook.com,India,2022-08-11,Standard,66.23
467,Matthew Robinson,matthew.robinson@gmail.com,United States,2023-01-17,Standard,636.14
468,Ashley Ramirez,ashley.ramirez@gmail.com,France,2021-12-02,Standard,187.53
469,Raj Miller,raj.miller@icloud.com,United States,2020-10-20,Standard,101.21
470,Anthony Harris,anthony.harris@corp.net,India,2021-12-05,Basic,177.72
471,William Kim,william.kim@mail.io,France,2024-12-24,Standard,266.95
472,Ashley Kim,ashley.kim@corp.net,Australia,2021-01-25,Standard,234.66
473,Anthony Garcia,anthony.garcia@yahoo.com,Canada,2022-02-07,Standard,177.90
474,Ananya Jackson,ananya.jackson@company.com,United Kingdom,2021-01-05,Basic,147.77
475,Joshua Walker,joshua.walker@yahoo.com,United States,2024-10-12,Premium,4316.88
476,Jessica Mueller,jessica.mueller@gmail.com,United States,2021-06-06,Basic,3.80
477,Daniel Kumar,daniel.kumar@gmail.com,Germany,2021-02-05,Standard,569.92
478,Linda Kumar,linda.kumar@mail.io,United States,2024-09-30,Standard,223.39
479,Joseph Williams,joseph.williams1@outlook.com,United Kingdom,2022-08-24,Basic,135.92
480,Susan Smith,susan.smith@outlook.com,United States,2025-05-31,Basic,185.10
481,Nancy Thomas,nancy.thomas@gmail.com,United States,2022-05-19,Basic,177.44
482,Raj Thomas,raj.thomas@gmail.com,United States,2021-05-14,Standard,666.52
483,Amanda Hernandez,amanda.hernandez@gmail.com,United States,2023-09-19,Standard,605.79
484,Stephanie Thomas,stephanie.thomas@gmail.com,United Kingdom,2025-04-19,Standard,629.27
485,Laura Rodriguez,laura.rodriguez@icloud.com,France,2024-03-27,Standard,597.54
486,Joseph Wilson,joseph.wilson@gmail.com,United States,2022-05-05,Standard,333.63
487,Emily Garcia,emily.garcia@outlook.com,Canada,2020-07-01,Standard,716.64
488,Ananya Gonzalez,ananya.gonzalez@yahoo.com,France,2020-01-02,Standard,642.39
489,Jessica Ramirez,jessica.ramirez@icloud.com,United States,2020-09-30,Basic,85.11
490,Joseph Johnson,joseph.johnson@gmail.com,United Kingdom,2022-10-28,Basic,55.30
491,Robert Martin,robert.martin@yahoo.com,United States,2021-02-14,Standard,692.51
492,David Lewis,david.lewis@company.com,United Kingdom,2020-08-30,Standard,247.06
493,Arjun Jackson,arjun.jackson@yahoo.com,United States,2022-08-02,Standard,360.50
494,Michael Moore,michael.moore@gmail.com,Germany,2020-06-27,Premium,632.87
495,Steven Williams,steven.williams@gmail.com,United States,2022-04-04,Basic,26.25
496,John Mueller,john.mueller@hotmail.com,France,2021-08-04,Standard,770.23
497,Nancy Martin,nancy.martin@yahoo.com,Australia,2025-01-15,Basic,128.74
498,Noah Jones,noah.jones@gmail.com,United States,2020-02-02,Basic,143.18
499,Andrew Brown,andrew.brown@yahoo.com,United States,2020-01-19,Premium,2937.00
500,Michael Anderson,michael.anderson@hotmail.com,India,2025-02-23,Standard,370.20
501,Sarah Sanchez,sarah.sanchez@gmail.com,Australia,2022-12-16,Standard,784.84
502,William Moore,william.moore@mail.io,Canada,2023-05-21,Premium,731.45
503,Emily Brown,emily.brown@hotmail.com,United States,2022-12-05,Basic,19.17
504,Oliver Patel,oliver.patel@gmail.com,France,2022-09-24,Standard,511.11
505,Amanda Thomas,amanda.thomas@mail.io,Germany,2023-10-09,Basic,123.45
506,Barbara Jackson,barbara.jackson@mail.io,France,2021-02-05,Standard,121.35
507,Emma Jones,emma.jones@mail.io,Canada,2022-09-23,Standard,93.86
508,Daniel Miller,daniel.miller@hotmail.com,United States,2023-10-27,Standard,351.96
509,Joshua Johnson,joshua.johnson@hotmail.com,Germany,2021-10-03,Standard,510.77
510,Nancy Mueller,nancy.mueller@icloud.com,United States,2021-03-20,Standard,191.62
511,Christopher Clark,christopher.clark@yahoo.com,United States,2020-05-26,Standard,275.88
512,Robert Martinez,robert.martinez@gmail.com,United States,2020-03-13,Standard,439.14
513,Noah Williams,noah.williams@outlook.com,Germany,2020-10-28,Basic,74.04
514,Richard Walker,richard.walker@mail.io,India,2023-03-30,Standard,624.82
515,Anthony Robinson,anthony.robinson@outlook.com,United States,2023-04-22,Standard,532.57
516,Lisa Perez,lisa.perez@corp.net,Germany,2020-08-13,Standard,178.07
517,Emma Lopez,emma.lopez@gmail.com,India,2024-03-17,Standard,252.02
518,James Walker,james.walker@yahoo.com,Germany,2020-10-15,Standard,189.90
519,Linda Lopez,linda.lopez@gmail.com,United States,2024-02-26,Standard,691.46
520,Jennifer Chen,jennifer.chen@outlook.com,United States,2020-07-17,Standard,755.74
521,Matthew Ramirez,matthew.ramirez@corp.net,United States,2023-05-16,Basic,47.46
522,Melissa Taylor,melissa.taylor@gmail.com,United States,2023-06-09,Standard,392.31
523,Ashley Taylor,ashley.taylor@company.com,United States,2020-11-19,Premium,2432.69
524,Christopher Singh,christopher.singh@yahoo.com,France,2021-07-15,Standard,109.16
525,Donald Lewis,donald.lewis@mail.io,France,2023-04-17,Standard,479.43
526,Sarah Anderson,sarah.anderson@company.com,France,2023-05-22,Premium,3773.37
527,James Thompson,james.thompson@company.com,United Kingdom,2020-01-08,Standard,381.22
528,Jennifer Brown,jennifer.brown@yahoo.com,United States,2024-07-24,Premium,4504.55
529,Linda Perez,linda.perez@icloud.com,Germany,2022-03-02,Premium,4685.73
530,Matthew Kim,matthew.kim@mail.io,United States,2021-07-14,Standard,681.79
531,Laura Lee,laura.lee@gmail.com,Germany,2024-03-09,Standard,458.04
532,Joshua Harris,joshua.harris@mail.io,United States,2022-11-25,Standard,664.78
533,Sofia Miller,sofia.miller@company.com,United States,2024-05-02,Standard,635.91
534,Mary Garcia,mary.garcia@icloud.com,United States,2021-06-17,Basic,42.47
535,Lucas Perez,lucas.perez@gmail.com,India,2020-08-02,Premium,1724.35
536,Elizabeth Singh,elizabeth.singh@gmail.com,India,2021-04-25,Premium,4025.56
537,Stephanie Singh,stephanie.singh@yahoo.com,United States,2024-11-21,Standard,286.49
538,Noah Moore,noah.moore@mail.io,United States,2021-09-08,Basic,9.05
539,Steven Miller,steven.miller@company.com,Germany,2023-08-27,Standard,449.94
540,Ananya Smith,ananya.smith@outlook.com,United States,2020-04-01,Premium,1442.35
541,Sharon Kim,sharon.kim@gmail.com,United States,2020-12-31,Standard,443.08
542,Donald Moore,donald.moore@yahoo.com,United Kingdom,2024-08-22,Standard,624.31
543,Noah Williams,noah.williams@gmail.com,Germany,2025-05-09,Premium,4167.92
544,Sharon Martin,sharon.martin@gmail.com,United States,2023-08-22,Basic,135.85
545,Patricia Sanchez,patricia.sanchez@gmail.com,France,2021-11-25,Standard,731.67
546,Patricia Singh,patricia.singh@yahoo.com,United States,2020-06-06,Standard,167.21
547,Joseph Martinez,joseph.martinez@yahoo.com,India,2024-04-14,Standard,347.56
548,David Rodriguez,david.rodriguez@mail.io,United Kingdom,2023-01-25,Standard,627.79
549,John Sanchez,john.sanchez@yahoo.com,United States,2024-07-17,Standard,348.31
550,Laura Robinson,laura.robinson@gmail.com,United States,2020-12-06,Standard,231.56
551,Andrew Ramirez,andrew.ramirez@gmail.com,Germany,2025-04-01,Standard,288.37
552,Emily Lopez,emily.lopez@gmail.com,Australia,2023-12-29,Standard,788.26
553,Kenneth Miller,kenneth.miller@icloud.com,United States,2024-03-09,Standard,194.30
554,Linda White,linda.white@gmail.com,United States,2024-04-01,Premium,3426.96
555,Richard Gonzalez,richard.gonzalez@company.com,France,2021-11-21,Basic,178.09
556,Laura Jackson,laura.jackson@gmail.com,United Kingdom,2025-02-18,Standard,712.24
557,Joshua Chen,joshua.chen@gmail.com,United States,2021-08-05,Basic,54.05
558,Mia Jones,mia.jones@corp.net,France,2020-01-19,Basic,165.48
559,Mary Patel,mary.patel@gmail.com,United Kingdom,2023-06-09,Standard,320.69
560,Raj Garcia,raj.garcia@gmail.com,United States,2021-09-13,Standard,239.20
561,Kenneth Lewis,kenneth.lewis@gmail.com,Germany,2022-03-12,Premium,1156.92
562,Mia Sharma,mia.sharma@hotmail.com,United States,2021-08-06,Premium,2617.48
563,Michael Harris,michael.harris@gmail.com,United Kingdom,2024-08-01,Standard,681.53
564,Paul Martin,paul.martin@hotmail.com,Canada,2024-10-04,Standard,440.30
565,Andrew Rodriguez,andrew.rodriguez@mail.io,United States,2021-11-03,Premium,3682.99
566,Kenneth Robinson,kenneth.robinson@yahoo.com,United States,2025-03-13,Premium,2492.60
567,Arjun Harris,arjun.harris1@icloud.com,United States,2024-02-24,Standard,483.01
568,Linda Rodriguez,linda.rodriguez@outlook.com,United Kingdom,2020-06-20,Basic,165.68
569,Paul Gonzalez,paul.gonzalez@hotmail.com,Germany,2022-08-06,Standard,334.50
570,Oliver Sanchez,oliver.sanchez@icloud.com,United States,2020-03-15,Basic,165.09
571,Arjun Hernandez,arjun.hernandez@gmail.com,France,2025-04-30,Basic,37.98
572,Stephanie Lee,stephanie.lee@mail.io,United Kingdom,2020-05-31,Standard,390.70
573,Nancy Jackson,nancy.jackson@hotmail.com,United States,2022-08-01,Standard,768.60
574,Mary Clark,mary.clark@outlook.com,United States,2021-09-26,Standard,80.19
575,John Martin,john.martin@gmail.com,United Kingdom,2023-04-16,Basic,23.51
576,Patricia Kim,patricia.kim@company.com,Canada,2024-11-20,Standard,297.06
577,Lisa Nguyen,lisa.nguyen@outlook.com,United States,2020-03-12,Premium,3114.92
578,James Miller,james.miller@corp.net,United States,2021-04-23,Standard,341.77
579,William Johnson,william.johnson@outlook.com,United States,2023-04-08,Standard,360.18
580,Karen Johnson,karen.johnson@mail.io,Canada,2025-03-14,Basic,15.90
581,Linda Wilson,linda.wilson@gmail.com,United Kingdom,2023-02-27,Standard,728.46
582,Mary Davis,mary.davis@mail.io,United States,2024-01-24,Standard,671.74
583,Oliver Davis,oliver.davis@yahoo.com,United Kingdom,2022-08-27,Standard,688.30
584,Joshua Kim,joshua.kim@outlook.com,United States,2020-04-04,Standard,724.87
585,Sofia Taylor,sofia.taylor@icloud.com,India,2022-08-16,Standard,785.70
586,Patricia Clark,patricia.clark@yahoo.com,United Kingdom,2021-05-25,Standard,535.87
587,William Williams,william.williams@gmail.com,United States,2024-09-03,Basic,120.13
588,William Chen,william.chen@outlook.com,France,2020-02-21,Premium,4259.31
589,David Rodriguez,david.rodriguez@icloud.com,United States,2020-05-29,Standard,544.43
590,Mary Martinez,mary.martinez@gmail.com,Germany,2021-08-15,Basic,86.85
591,Mark Gonzalez,mark.gonzalez@mail.io,France,2024-07-15,Standard,383.67
592,Joseph Brown,joseph.brown@hotmail.com,United Kingdom,2021-11-23,Premium,1909.18
593,Elizabeth Martin,elizabeth.martin@gmail.com,France,2023-02-21,Basic,124.11
594,Linda Sanchez,linda.sanchez@hotmail.com,United States,2022-07-22,Standard,86.45
595,Jessica Martinez,jessica.martinez@gmail.com,Germany,2020-06-11,Basic,188.28
596,William Wilson,william.wilson@mail.io,United Kingdom,2020-02-19,Basic,188.32
597,Mia Kim,mia.kim@outlook.com,India,2024-11-21,Basic,198.59
598,Ashley Lopez,ashley.lopez@mail.io,Germany,2020-08-06,Basic,191.63
599,Patricia Kim,patricia.kim@yahoo.com,Canada,2021-09-04,Standard,53.39
600,Emily Jackson,emily.jackson@gmail.com,United Kingdom,2022-10-05,Standard,572.72
601,Donald Davis,donald.davis@hotmail.com,France,2022-10-07,Standard,731.22
602,Lucas Sharma,lucas.sharma@hotmail.com,France,2022-09-22,Basic,86.17
603,Barbara Patel,barbara.patel@company.com,United States,2020-10-12,Standard,784.39
604,Lisa Mueller,lisa.mueller@gmail.com,Australia,2022-01-17,Basic,78.79
605,Daniel Perez,daniel.perez@gmail.com,Germany,2024-02-04,Standard,348.20
606,Noah Ramirez,noah.ramirez@gmail.com,Germany,2023-04-14,Basic,186.95
607,Melissa Smith,melissa.smith@gmail.com,United Kingdom,2020-10-14,Standard,702.42
608,John Walker,john.walker1@gmail.com,France,2021-06-19,Premium,1883.89
609,Jessica Robinson,jessica.robinson@company.com,United Kingdom,2020-06-19,Standard,408.06
610,Patricia Lopez,patricia.lopez@gmail.com,United Kingdom,2022-03-11,Basic,170.62
611,Barbara Johnson,barbara.johnson@mail.io,Germany,2020-08-11,Basic,133.81
612,Kenneth Smith,kenneth.smith@gmail.com,United Kingdom,2023-02-11,Standard,270.72
613,Ananya Lewis,ananya.lewis@company.com,United States,2024-07-22,Premium,4212.32
614,Linda Davis,linda.davis@gmail.com,France,2023-10-16,Standard,415.38
615,Linda Nguyen,linda.nguyen@company.com,Germany,2020-03-24,Premium,873.06
616,Emily Sanchez,emily.sanchez@mail.io,United States,2020-03-13,Basic,182.90
617,Elizabeth Sharma,elizabeth.sharma@mail.io,India,2020-02-27,Basic,155.84
618,Anthony Miller,anthony.miller@gmail.com,United States,2020-12-24,Premium,2098.41
619,Thomas Rodriguez,thomas.rodriguez@gmail.com,India,2024-07-12,Basic,155.71
620,Laura Walker,laura.walker@icloud.com,Germany,2022-08-11,Basic,88.55
621,Mark Nguyen,mark.nguyen@gmail.com,United States,2020-09-29,Basic,60.66
622,Thomas Walker,thomas.walker@mail.io,United States,2020-05-22,Premium,4945.76
623,Emily Jackson,emily.jackson@company.com,United States,2023-06-15,Standard,387.57
624,Sharon Sanchez,sharon.sanchez@outlook.com,United States,2022-12-08,Basic,70.81
625,Sharon Thomas,sharon.thomas@gmail.com,United States,2020-10-06,Premium,4360.50
626,William Perez,william.perez@gmail.com,United States,2025-04-30,Standard,322.97
627,Paul Patel,paul.patel@gmail.com,France,2022-07-28,Premium,831.79
628,Karen Brown,karen.brown@gmail.com,United Kingdom,2020-07-10,Basic,78.37
629,Linda Ramirez,linda.ramirez@gmail.com,India,2025-05-22,Standard,500.84
630,Karen Jones,karen.jones@mail.io,France,2020-09-04,Basic,131.51
631,Oliver Taylor,oliver.taylor@company.com,India,2025-01-31,Standard,478.18
632,Barbara Martinez,barbara.martinez@gmail.com,Germany,2021-06-10,Basic,187.29
633,David Mueller,david.mueller@outlook.com,Australia,2022-04-16,Standard,510.38
634,Elizabeth Kumar,elizabeth.kumar@icloud.com,France,2020-02-07,Standard,720.51
635,Stephanie Miller,stephanie.miller1@icloud.com,United Kingdom,2022-11-14,Premium,514.23
636,Joseph Williams,joseph.williams@gmail.com,United States,2020-04-25,Standard,747.37
637,Ananya Thompson,ananya.thompson@outlook.com,Australia,2024-10-24,Standard,355.97
638,Priya Miller,priya.miller@company.com,France,2020-06-24,Standard,264.91
639,Sharon Singh,sharon.singh@yahoo.com,United States,2024-08-29,Premium,4152.29
640,Patricia Moore,patricia.moore@gmail.com,United States,2021-03-17,Basic,114.03
641,John Patel,john.patel1@icloud.com,India,2022-09-11,Basic,43.05
642,Laura Chen,laura.chen@mail.io,United States,2021-08-21,Standard,237.10
643,Joshua Sharma,joshua.sharma1@outlook.com,Germany,2022-06-23,Basic,107.18
644,Sharon Sanchez,sharon.sanchez1@outlook.com,United States,2024-08-13,Standard,539.66
645,Karen Perez,karen.perez@mail.io,United States,2022-06-16,Standard,640.13
646,Steven Nguyen,steven.nguyen@icloud.com,Canada,2023-12-31,Standard,769.88
647,John Hernandez,john.hernandez@gmail.com,Australia,2022-08-01,Standard,71.53
648,Donald Jones,donald.jones@hotmail.com,India,2023-03-04,Basic,85.14
649,Elizabeth Brown,elizabeth.brown@yahoo.com,France,2020-08-17,Basic,1.24
650,Patricia Kim,patricia.kim@hotmail.com,Canada,2023-03-07,Premium,2615.49
651,Barbara Sanchez,barbara.sanchez@gmail.com,United Kingdom,2022-03-10,Standard,272.85
652,Emma Patel,emma.patel@company.com,France,2021-05-29,Basic,115.11
653,Barbara Chen,barbara.chen@gmail.com,Australia,2021-11-20,Standard,608.79
654,Donald Clark,donald.clark@outlook.com,United States,2023-06-14,Basic,12.44
655,John Lewis,john.lewis@gmail.com,United States,2020-01-27,Standard,182.32
656,Susan Jones,susan.jones@icloud.com,United States,2023-06-07,Standard,174.73
657,Ananya Moore,ananya.moore@hotmail.com,Canada,2021-01-05,Standard,721.53
658,David Wang,david.wang@gmail.com,India,2021-06-15,Standard,423.77
659,Noah Anderson,noah.anderson@gmail.com,Canada,2023-01-31,Standard,163.32
660,Lucas Taylor,lucas.taylor@gmail.com,United States,2025-02-28,Premium,2401.56
661,Ananya Perez,ananya.perez@yahoo.com,India,2022-07-05,Standard,52.98
662,Noah Moore,noah.moore@corp.net,United States,2020-07-26,Basic,71.58
663,Steven Lee,steven.lee@gmail.com,France,2021-11-03,Standard,630.97
664,Lisa Jones,lisa.jones@corp.net,United States,2024-03-29,Standard,91.39
665,Robert Lee,robert.lee@corp.net,Australia,2022-01-25,Basic,16.29
666,Priya Miller,priya.miller@gmail.com,United States,2020-01-17,Standard,285.17
667,Amanda Mueller,amanda.mueller@icloud.com,France,2025-04-11,Basic,68.53
668,Sofia Gonzalez,sofia.gonzalez@corp.net,Canada,2021-05-11,Standard,342.00
669,Linda Wilson,linda.wilson@yahoo.com,Germany,2023-04-19,Standard,773.38
670,Christopher Garcia,christopher.garcia@gmail.com,India,2024-12-08,Standard,357.74
671,Richard Thompson,,United States,2022-05-18,Standard,794.30
672,Mark Smith,mark.smith@gmail.com,United States,2021-01-18,Premium,3144.30
673,Sharon Thompson,sharon.thompson@outlook.com,United States,2024-11-30,Standard,186.56
674,Donald Brown,donald.brown@gmail.com,United States,2020-08-29,Basic,49.02
675,Priya Brown,priya.brown@mail.io,United States,2024-08-02,Standard,244.26
676,Susan Hernandez,susan.hernandez@icloud.com,Canada,2021-07-21,Premium,3300.28
677,Donald Lewis,donald.lewis@gmail.com,United States,2021-03-30,Premium,2419.24
678,David Kumar,david.kumar@outlook.com,United States,2021-06-10,Standard,572.81
679,Sofia Rodriguez,sofia.rodriguez@company.com,United States,2020-04-30,Standard,701.66
680,Raj Rodriguez,raj.rodriguez@company.com,France,2024-05-02,Premium,1555.77
681,Emma Rodriguez,emma.rodriguez@company.com,United States,2020-08-23,Standard,739.16
682,Joseph Wang,joseph.wang@outlook.com,India,2025-01-20,Standard,395.78
683,Stephanie Wilson,stephanie.wilson@gmail.com,India,2023-07-07,Standard,374.78
684,Christopher Lopez,christopher.lopez@outlook.com,United Kingdom,2024-12-24,Basic,56.86
685,William Williams,william.williams@outlook.com,Australia,2024-09-15,Standard,691.69
686,Ananya Clark,ananya.clark@mail.io,United States,2020-04-15,Basic,108.69
687,Stephanie Kumar,stephanie.kumar@mail.io,United States,2025-02-15,Premium,2397.59
688,Barbara Martin,barbara.martin@gmail.com,France,2022-09-09,Basic,61.27
689,Daniel Kim,daniel.kim@corp.net,United States,2024-05-08,Standard,132.82
690,Paul Williams,paul.williams@outlook.com,United States,2024-12-04,Standard,199.49
691,Susan Jackson,susan.jackson@yahoo.com,Germany,2020-11-05,Standard,56.68
692,Priya Jackson,priya.jackson@company.com,Australia,2024-10-16,Standard,351.94
693,Joseph Kumar,joseph.kumar@hotmail.com,United States,2021-05-03,Basic,130.02
694,Anthony Davis,anthony.davis1@gmail.com,France,2022-08-01,Standard,730.62
695,Paul White,paul.white@mail.io,India,2020-11-18,Standard,593.71
696,Robert Hernandez,robert.hernandez@outlook.com,United Kingdom,2022-02-03,Premium,1780.13
697,Steven Clark,steven.clark@mail.io,Germany,2020-03-28,Basic,88.52
698,Arjun Ramirez,arjun.ramirez@yahoo.com,Germany,2020-07-28,Standard,684.89
699,Ashley Walker,ashley.walker@gmail.com,India,2025-03-09,Standard,769.21
700,Linda Nguyen,linda.nguyen@gmail.com,United Kingdom,2021-02-12,Premium,3608.24
701,Elizabeth Wang,elizabeth.wang@gmail.com,United States,2021-03-29,Premium,4845.54
702,Joshua Garcia,joshua.garcia@outlook.com,United States,2022-10-05,Basic,80.26
703,Mia Taylor,mia.taylor@outlook.com,Canada,2021-07-31,Standard,760.80
704,Joshua Rodriguez,joshua.rodriguez@outlook.com,United States,2024-02-20,Standard,160.13
705,Sofia Lopez,sofia.lopez@hotmail.com,Australia,2024-01-22,Standard,518.64
706,Sharon Lopez,sharon.lopez@mail.io,United States,2023-02-10,Basic,10.94
707,Elizabeth Mueller,elizabeth.mueller@outlook.com,Canada,2025-03-19,Premium,3405.47
708,Christopher Kim,christopher.kim@yahoo.com,United States,2022-10-29,Standard,59.03
709,Sarah Moore,sarah.moore@corp.net,Germany,2022-08-23,Standard,521.75
710,Lisa Walker,lisa.walker@corp.net,United States,2022-09-14,Standard,141.24
711,Laura Harris,laura.harris@gmail.com,United States,2020-07-13,Basic,26.65
712,Sarah Jackson,sarah.jackson@outlook.com,United States,2020-09-28,Standard,448.46
713,Melissa Chen,melissa.chen@yahoo.com,Canada,2020-08-03,Basic,102.07
714,Daniel Lee,daniel.lee@corp.net,United States,2022-05-18,Basic,192.39
715,Priya Miller,priya.miller@icloud.com,United States,2023-06-09,Standard,549.39
716,Joseph White,joseph.white@gmail.com,India,2024-12-12,Standard,713.15
717,Oliver Taylor,oliver.taylor@outlook.com,Australia,2021-03-01,Standard,771.50
718,Rebecca Brown,rebecca.brown@outlook.com,United States,2020-03-01,Standard,219.77
719,Paul Moore,paul.moore@gmail.com,United States,2020-07-01,Standard,675.04
720,Jennifer Walker,jennifer.walker@gmail.com,United States,2020-02-04,Standard,533.12
721,Thomas Patel,thomas.patel@mail.io,United Kingdom,2025-01-16,Basic,177.64
722,Christopher Jones,christopher.jones@gmail.com,United States,2025-01-18,Premium,2920.95
723,Sarah Harris,sarah.harris@outlook.com,United States,2025-02-24,Basic,196.88
724,Robert Lewis,robert.lewis1@gmail.com,France,2023-12-29,Premium,3323.80
725,Daniel Ramirez,daniel.ramirez@outlook.com,Australia,2021-12-28,Basic,94.15
726,Mary Anderson,mary.anderson1@gmail.com,Germany,2021-04-05,Premium,2194.48
727,Karen Jackson,karen.jackson@gmail.com,United States,2022-04-20,Standard,672.31
728,Rebecca Taylor,rebecca.taylor@yahoo.com,Australia,2024-07-23,Premium,1695.29
729,William Johnson,william.johnson1@outlook.com,United States,2021-06-01,Standard,456.50
730,Emma Williams,emma.williams@outlook.com,United Kingdom,2024-06-08,Standard,657.52
731,Patricia Walker,patricia.walker@gmail.com,France,2024-12-22,Standard,52.91
732,Joshua Brown,joshua.brown@gmail.com,United Kingdom,2021-12-24,Standard,446.83
733,Paul Chen,paul.chen@outlook.com,United Kingdom,2021-08-15,Standard,328.19
734,Sofia Lee,sofia.lee@outlook.com,United States,2023-08-02,Basic,62.72
735,Ananya Kim,ananya.kim@outlook.com,United States,2024-08-19,Basic,49.68
736,Joshua White,joshua.white@gmail.com,Germany,2024-03-08,Standard,215.05
737,Patricia Anderson,patricia.anderson@icloud.com,United States,2024-05-23,Standard,297.53
738,William Thomas,william.thomas@yahoo.com,Germany,2021-01-21,Standard,568.17
739,Ashley Lewis,ashley.lewis@mail.io,Australia,2022-01-22,Basic,113.50
740,Patricia Singh,patricia.singh@icloud.com,United Kingdom,2021-09-24,Standard,575.21
741,Christopher Harris,christopher.harris@outlook.com,United States,2021-09-21,Premium,1485.67
742,Emma Lee,emma.lee@icloud.com,United States,2024-12-25,Standard,130.58
743,Elizabeth Moore,elizabeth.moore@hotmail.com,India,2020-06-25,Standard,121.04
744,Matthew Chen,matthew.chen@gmail.com,United States,2024-09-14,Standard,551.66
745,Mark Mueller,mark.mueller@gmail.com,Canada,2024-03-07,Standard,481.30
746,Mia Miller,mia.miller@icloud.com,United States,2024-03-23,Premium,3374.34
747,Ananya Jackson,ananya.jackson@yahoo.com,United Kingdom,2023-10-09,Basic,149.14
748,Laura Perez,laura.perez@gmail.com,India,2025-03-15,Basic,106.35
749,Emma Thomas,emma.thomas@company.com,United States,2021-08-21,Basic,159.64
750,William Wang,william.wang1@company.com,Australia,2020-08-27,Standard,334.69
751,Sharon Chen,sharon.chen@gmail.com,Canada,2020-06-30,Basic,9.35
752,Joshua Anderson,joshua.anderson@yahoo.com,United States,2020-12-23,Basic,151.64
753,Noah Kumar,noah.kumar@gmail.com,United States,2022-08-20,Basic,177.98
754,Daniel Hernandez,daniel.hernandez@corp.net,United Kingdom,2023-12-31,Premium,2603.13
755,Sarah Hernandez,sarah.hernandez@gmail.com,France,2024-12-30,Standard,771.38
756,Raj Harris,raj.harris@yahoo.com,United Kingdom,2022-09-03,Standard,464.33
757,Anthony Jackson,anthony.jackson@corp.net,India,2022-02-05,Basic,96.97
758,James White,james.white@icloud.com,Australia,2024-05-02,Standard,677.04
759,William Wang,william.wang2@company.com,United States,2021-08-12,Premium,3201.51
760,Jennifer Jones,jennifer.jones1@gmail.com,United States,2020-08-24,Basic,140.01
761,Elizabeth Williams,elizabeth.williams@company.com,Australia,2024-12-05,Standard,203.88
762,Richard Jones,richard.jones@yahoo.com,India,2025-02-16,Standard,269.98
763,Sofia Ramirez,sofia.ramirez@hotmail.com,India,2023-02-17,Basic,45.24
764,Karen Patel,karen.patel@mail.io,Canada,2022-02-02,Basic,195.12
765,Michael Garcia,michael.garcia@icloud.com,Australia,2024-10-25,Premium,4215.05
766,Laura Chen,laura.chen@gmail.com,United States,2020-07-12,Standard,127.77
767,Nancy Mueller,nancy.mueller@yahoo.com,Canada,2020-02-15,Standard,255.04
768,Jennifer Johnson,jennifer.johnson@mail.io,Germany,2025-02-16,Standard,96.06
769,James Clark,james.clark@outlook.com,United States,2021-03-23,Basic,22.27
770,Sharon Lewis,sharon.lewis1@yahoo.com,France,2020-04-30,Basic,137.77
771,Matthew Jones,matthew.jones@outlook.com,United States,2020-01-03,Premium,2987.74
772,Linda Nguyen,linda.nguyen@corp.net,Australia,2021-09-21,Premium,1074.45
773,Michael Walker,michael.walker@gmail.com,United States,2020-01-25,Standard,683.19
774,Robert Jones,robert.jones@gmail.com,Germany,2025-05-16,Premium,3855.32
775,Lisa Patel,lisa.patel@mail.io,United Kingdom,2020-01-26,Standard,683.86
776,Sharon Brown,sharon.brown@icloud.com,United States,2023-08-30,Premium,2760.63
777,Steven Harris,steven.harris1@gmail.com,United Kingdom,2021-04-04,Basic,81.83
778,Kenneth Brown,kenneth.brown@outlook.com,United States,2023-10-26,Standard,655.41
779,Thomas Brown,thomas.brown@mail.io,United States,2023-05-20,Standard,77.35
780,Stephanie Taylor,stephanie.taylor@icloud.com,Canada,2022-07-29,Standard,784.07
781,Robert Walker,robert.walker@outlook.com,United Kingdom,2024-04-07,Standard,395.21
782,Mia Mueller,mia.mueller@hotmail.com,Germany,2023-10-10,Basic,192.48
783,Kenneth Patel,kenneth.patel@gmail.com,United States,2022-08-19,Standard,324.71
784,Laura Williams,laura.williams@outlook.com,United States,2024-10-26,Standard,320.29
785,James White,james.white1@gmail.com,United States,2022-07-25,Premium,1844.60
786,Mia Moore,mia.moore@yahoo.com,Australia,2020-08-04,Standard,402.92
787,Amanda White,amanda.white@hotmail.com,United States,2022-08-28,Standard,67.51
788,Noah Chen,noah.chen@gmail.com,Australia,2023-04-23,Standard,450.77
789,Mia Gonzalez,mia.gonzalez@gmail.com,United States,2024-04-24,Basic,129.51
790,Barbara Moore,barbara.moore@yahoo.com,Canada,2024-04-28,Basic,197.24
791,Elizabeth Wilson,elizabeth.wilson@icloud.com,Canada,2023-07-15,Standard,729.74
792,Emma Jackson,emma.jackson@yahoo.com,France,2022-05-09,Standard,328.97
793,Susan Lewis,susan.lewis1@gmail.com,India,2022-01-18,Standard,609.66
794,Arjun Thomas,arjun.thomas@outlook.com,United States,2023-04-06,Basic,11.61
795,Mark Davis,mark.davis@hotmail.com,Australia,2024-08-15,Standard,443.27
796,Mark Patel,mark.patel@company.com,United States,2025-02-09,Basic,33.95
797,Mia Brown,mia.brown@gmail.com,United States,2022-03-03,Premium,776.89
798,Stephanie Gonzalez,stephanie.gonzalez1@yahoo.com,United Kingdom,2023-07-11,Premium,3373.49
799,William Taylor,william.taylor@outlook.com,India,2023-08-18,Standard,430.75
800,John Garcia,john.garcia@corp.net,France,2022-03-09,Standard,547.65
801,Joseph Miller,joseph.miller@gmail.com,United States,2020-09-05,Standard,630.48
802,Mary Thomas,mary.thomas@gmail.com,Germany,2024-04-25,Standard,467.83
803,Robert Singh,robert.singh@yahoo.com,India,2020-01-22,Basic,85.93
804,Sharon Chen,sharon.chen@hotmail.com,United Kingdom,2024-01-11,Standard,435.40
805,Mark Walker,mark.walker@icloud.com,United Kingdom,2024-06-25,Standard,324.93
806,Arjun Garcia,arjun.garcia@outlook.com,United States,2022-04-11,Standard,403.62
807,Emily Williams,emily.williams@gmail.com,France,2023-07-01,Standard,206.25
808,James Rodriguez,,United States,2022-09-12,Standard,149.87
809,Joseph Lee,joseph.lee@mail.io,United Kingdom,2022-04-11,Basic,114.59
810,Raj Davis,raj.davis@yahoo.com,United States,2024-12-14,Premium,4326.15
811,Laura Clark,laura.clark@gmail.com,India,2021-09-17,Basic,179.32
812,Mia Chen,mia.chen@gmail.com,Australia,2020-03-27,Basic,39.53
813,Robert Wilson,robert.wilson1@mail.io,United States,2021-03-28,Standard,676.99
814,Lucas Kumar,lucas.kumar@gmail.com,United States,2023-09-17,Basic,143.19
815,Sarah Thomas,sarah.thomas@gmail.com,France,2025-01-06,Premium,2585.79
816,Noah Harris,noah.harris@gmail.com,United States,2023-12-23,Basic,199.32
817,Arjun Rodriguez,arjun.rodriguez@gmail.com,United States,2022-08-16,Basic,139.12
818,Noah Sharma,noah.sharma@gmail.com,United States,2024-01-10,Basic,174.82
819,Sharon Perez,sharon.perez@yahoo.com,India,2021-05-03,Standard,399.12
820,Rebecca Lopez,rebecca.lopez@company.com,United Kingdom,2023-02-04,Standard,703.69
821,Steven Perez,steven.perez@mail.io,United States,2024-06-11,Standard,579.14
822,Joseph Wang,joseph.wang@yahoo.com,India,2020-09-27,Basic,19.73
823,Paul Harris,paul.harris@company.com,France,2022-11-03,Standard,765.79
824,Laura Ramirez,laura.ramirez@yahoo.com,United Kingdom,2020-04-05,Basic,2.52
825,Mark Thomas,mark.thomas@yahoo.com,United States,2024-11-23,Standard,553.79
826,Sharon Perez,sharon.perez@outlook.com,Australia,2021-07-05,Basic,148.80
827,Patricia Kim,patricia.kim@corp.net,Australia,2023-11-10,Standard,441.71
828,John Sanchez,john.sanchez@gmail.com,Canada,2020-10-31,Standard,794.52
829,Jennifer Thomas,jennifer.thomas@mail.io,India,2021-01-04,Basic,188.41
830,Sharon Patel,sharon.patel@mail.io,India,2024-01-21,Basic,38.27
831,John Lee,john.lee@outlook.com,Germany,2020-07-14,Standard,615.32
832,John Johnson,john.johnson@mail.io,United States,2020-01-18,Basic,118.64
833,Lisa Wilson,,Canada,2020-01-17,Standard,96.76
834,Oliver Mueller,oliver.mueller@mail.io,United Kingdom,2020-09-06,Premium,1631.28
835,Sharon Brown,sharon.brown@corp.net,United Kingdom,2022-04-06,Basic,109.28
836,Robert Williams,robert.williams@hotmail.com,United States,2021-01-14,Standard,578.34
837,Joseph Walker,joseph.walker@gmail.com,France,2022-05-29,Standard,501.97
838,Thomas Thompson,thomas.thompson@yahoo.com,Germany,2023-12-31,Basic,139.18
839,Elizabeth Rodriguez,elizabeth.rodriguez@company.com,United States,2023-11-11,Standard,262.92
840,Richard Patel,richard.patel@icloud.com,Germany,2024-04-18,Basic,66.52
841,Anthony Jones,anthony.jones@outlook.com,United States,2023-12-19,Basic,78.35
842,Joshua Kumar,joshua.kumar@gmail.com,France,2023-11-20,Premium,1735.90
843,Raj Lewis,raj.lewis1@gmail.com,Australia,2020-04-06,Basic,199.38
844,Arjun Davis,arjun.davis@gmail.com,United States,2022-01-15,Standard,303.33
845,Donald Thomas,donald.thomas@gmail.com,United Kingdom,2024-09-14,Standard,706.36
846,Ananya Jackson,ananya.jackson@outlook.com,United States,2023-02-12,Standard,743.48
847,Melissa Garcia,melissa.garcia@company.com,India,2023-12-22,Standard,655.93
848,Oliver Mueller,oliver.mueller@yahoo.com,Germany,2021-03-07,Basic,29.94
849,Nancy Clark,nancy.clark@mail.io,Canada,2024-09-30,Standard,446.11
850,Karen Perez,karen.perez@outlook.com,France,2020-08-07,Premium,3599.92
851,Daniel Moore,daniel.moore@hotmail.com,United States,2022-10-18,Standard,122.60
852,Kenneth Martinez,kenneth.martinez@outlook.com,Germany,2024-07-09,Basic,68.91
853,Joseph Miller,joseph.miller@company.com,India,2021-10-24,Basic,194.20
854,Michael Jones,michael.jones@mail.io,United States,2024-10-22,Standard,262.41
855,Mark Sanchez,mark.sanchez@icloud.com,Germany,2024-09-18,Basic,117.68
856,Ashley Harris,ashley.harris@icloud.com,United States,2021-04-27,Standard,94.37
857,Thomas Robinson,thomas.robinson@hotmail.com,United States,2020-10-31,Standard,442.83
858,Matthew Robinson,matthew.robinson@hotmail.com,Germany,2022-10-24,Basic,91.82
859,Anthony Lee,anthony.lee@gmail.com,United States,2024-04-25,Standard,463.64
860,Steven Singh,steven.singh@gmail.com,United States,2021-08-23,Standard,260.16
861,Ashley Walker,ashley.walker1@gmail.com,United States,2020-08-21,Standard,789.58
862,Laura Thomas,laura.thomas@gmail.com,United States,2022-07-30,Basic,97.66
863,Joshua Clark,joshua.clark@outlook.com,United States,2023-01-03,Standard,316.77
864,Arjun Kim,arjun.kim@company.com,Canada,2025-02-02,Basic,104.46
865,Ashley Nguyen,ashley.nguyen@yahoo.com,United States,2021-09-01,Standard,70.81
866,James Lopez,james.lopez1@outlook.com,Germany,2021-12-23,Standard,654.85
867,Michael Thomas,michael.thomas@icloud.com,Australia,2023-12-03,Standard,282.25
868,Jennifer Anderson,jennifer.anderson@yahoo.com,United States,2023-06-25,Basic,64.71
869,Lucas Miller,lucas.miller@gmail.com,France,2022-03-22,Premium,3574.94
870,Raj Moore,raj.moore@outlook.com,Germany,2021-07-16,Premium,2145.14
871,Paul Sharma,paul.sharma@mail.io,Canada,2021-10-29,Basic,42.88
872,William Williams,,United States,2021-10-21,Basic,124.44
873,Daniel Brown,daniel.brown@outlook.com,Australia,2021-12-24,Standard,82.31
874,Rebecca Wilson,rebecca.wilson@hotmail.com,Australia,2023-08-25,Standard,626.44
875,Sarah Patel,sarah.patel@gmail.com,United States,2020-01-30,Premium,1411.04
876,John Lopez,john.lopez@icloud.com,United Kingdom,2021-04-02,Standard,692.07
877,James Wang,james.wang@gmail.com,United States,2022-09-29,Premium,4486.76
878,Raj Johnson,raj.johnson@gmail.com,France,2020-01-03,Basic,56.65
879,Mark Thompson,mark.thompson@gmail.com,United States,2023-02-25,Premium,3835.78
880,Lucas Smith,lucas.smith@mail.io,United States,2021-12-04,Basic,149.14
881,Joseph Gonzalez,joseph.gonzalez@yahoo.com,United States,2024-07-01,Standard,324.97
882,Mark Perez,mark.perez@gmail.com,Canada,2023-10-17,Standard,504.54
883,Steven Martin,steven.martin@outlook.com,United Kingdom,2022-06-19,Standard,546.71
884,Lucas Wang,lucas.wang@mail.io,India,2023-06-22,Premium,585.33
885,William Johnson,william.johnson@company.com,Germany,2020-07-04,Premium,2474.20
886,Joseph Miller,joseph.miller@mail.io,United Kingdom,2024-09-29,Basic,34.99
887,Mary Lewis,mary.lewis@gmail.com,Canada,2020-02-20,Standard,754.64
888,Paul Sharma,paul.sharma@gmail.com,United Kingdom,2022-03-15,Standard,590.60
889,Mark Taylor,mark.taylor@gmail.com,Canada,2021-12-29,Standard,786.24
890,Melissa Lewis,melissa.lewis@hotmail.com,United Kingdom,2021-09-24,Standard,657.11
891,Jessica Taylor,jessica.taylor@corp.net,United States,2022-10-09,Standard,786.24
892,James Ramirez,james.ramirez@gmail.com,United States,2023-11-07,Standard,366.77
893,Emily Smith,emily.smith1@outlook.com,India,2022-05-28,Standard,56.73
894,Joseph Harris,joseph.harris@icloud.com,United States,2021-08-12,Standard,424.16
895,Ashley Rodriguez,ashley.rodriguez@gmail.com,Germany,2021-06-28,Standard,462.92
896,Joseph Chen,joseph.chen@outlook.com,United States,2021-10-13,Premium,544.55
897,Joseph Thompson,joseph.thompson@mail.io,United States,2023-02-05,Standard,300.38
898,Donald Taylor,donald.taylor@gmail.com,United States,2023-07-30,Basic,96.74
899,Sofia White,sofia.white@outlook.com,United Kingdom,2022-05-28,Premium,1926.98
900,Elizabeth Lewis,elizabeth.lewis@gmail.com,United States,2023-11-06,Standard,629.83
901,Thomas Jackson,thomas.jackson@gmail.com,United Kingdom,2023-08-22,Premium,2454.03
902,Matthew Rodriguez,matthew.rodriguez@yahoo.com,United States,2021-12-29,Standard,388.30
903,Amanda Kumar,amanda.kumar@mail.io,United States,2024-09-15,Premium,1122.54
904,Thomas White,thomas.white@hotmail.com,Australia,2025-03-23,Basic,195.52
905,Sarah Thompson,sarah.thompson@company.com,United States,2020-11-01,Standard,305.98
906,Linda Jackson,linda.jackson@company.com,Australia,2021-11-20,Basic,36.50
907,James Smith,james.smith1@gmail.com,Canada,2024-12-11,Basic,145.10
908,Oliver Ramirez,oliver.ramirez@gmail.com,United States,2024-12-01,Premium,4984.67
909,Elizabeth Anderson,elizabeth.anderson@hotmail.com,Germany,2021-12-04,Basic,192.09
910,Mary Garcia,mary.garcia@gmail.com,United States,2023-06-26,Basic,123.47
911,Andrew Miller,andrew.miller@mail.io,United States,2021-06-05,Basic,86.56
912,Arjun Martinez,arjun.martinez@outlook.com,Canada,2021-11-07,Standard,79.87
913,Anthony Singh,anthony.singh@hotmail.com,United States,2020-06-16,Basic,109.18
914,Sarah Kumar,sarah.kumar@outlook.com,Germany,2021-09-17,Standard,729.66
915,Thomas Martin,thomas.martin@company.com,France,2021-11-07,Basic,125.13
916,Raj Clark,raj.clark@outlook.com,United States,2024-01-17,Basic,98.71
917,Oliver Garcia,oliver.garcia@mail.io,United States,2023-08-05,Basic,149.64
918,Sharon Lewis,sharon.lewis1@gmail.com,United States,2024-04-07,Standard,606.47
919,Priya Davis,priya.davis@gmail.com,Germany,2022-10-30,Standard,540.27
920,Susan Brown,susan.brown@company.com,Australia,2022-02-23,Standard,290.81
921,David Walker,david.walker@gmail.com,Canada,2024-11-03,Standard,631.14
922,Elizabeth Chen,elizabeth.chen@gmail.com,Germany,2020-12-09,Standard,288.79
923,William Johnson,william.johnson@yahoo.com,Canada,2024-02-04,Basic,50.15
924,Emma Walker,emma.walker@company.com,United Kingdom,2020-10-21,Standard,555.09
925,Joshua Harris,joshua.harris1@gmail.com,Germany,2022-01-03,Standard,99.18
926,Melissa Davis,melissa.davis@gmail.com,United States,2024-06-10,Basic,49.61
927,Stephanie Mueller,stephanie.mueller@outlook.com,France,2024-05-14,Standard,797.53
928,Rebecca Sanchez,rebecca.sanchez@outlook.com,Germany,2023-12-08,Basic,120.96
929,Lisa Garcia,lisa.garcia@gmail.com,United States,2024-08-26,Basic,39.19
930,Oliver Garcia,oliver.garcia@gmail.com,Germany,2023-04-04,Standard,539.02
931,Mia Perez,mia.perez@outlook.com,United States,2023-01-18,Premium,2710.87
932,Daniel Brown,daniel.brown@corp.net,Canada,2023-09-04,Standard,629.15
933,Steven Gonzalez,steven.gonzalez@mail.io,United Kingdom,2021-10-02,Basic,61.70
934,Ashley Thomas,ashley.thomas@mail.io,United States,2020-07-11,Standard,317.26
935,Thomas Chen,thomas.chen@mail.io,India,2021-08-22,Standard,191.14
936,Joshua Garcia,joshua.garcia@company.com,United States,2023-07-27,Standard,768.54
937,Andrew Wilson,andrew.wilson@gmail.com,United Kingdom,2024-06-25,Standard,657.59
938,Patricia Anderson,patricia.anderson@gmail.com,United Kingdom,2020-11-29,Basic,2.64
939,Amanda Nguyen,amanda.nguyen@yahoo.com,France,2022-07-05,Standard,258.03
940,Matthew Thomas,matthew.thomas@corp.net,United States,2022-02-27,Basic,77.86
941,Emma Johnson,emma.johnson@yahoo.com,United States,2020-02-28,Standard,291.32
942,Emma Gonzalez,emma.gonzalez@gmail.com,United Kingdom,2024-04-26,Basic,94.39
943,Robert Sanchez,robert.sanchez@yahoo.com,Germany,2020-05-23,Basic,117.52
944,Priya Walker,priya.walker@yahoo.com,India,2022-09-24,Basic,70.36
945,Thomas Miller,thomas.miller@gmail.com,United States,2024-11-17,Basic,94.97
946,Joseph Moore,joseph.moore@outlook.com,Canada,2024-08-24,Standard,110.97
947,Michael Martin,michael.martin@yahoo.com,United States,2021-06-15,Basic,170.75
948,Melissa Williams,melissa.williams@gmail.com,Australia,2022-12-03,Standard,161.62
949,Linda White,linda.white@hotmail.com,United States,2020-01-03,Standard,151.45
950,Priya Thomas,priya.thomas@gmail.com,United Kingdom,2025-05-30,Premium,812.73
951,Nancy Lopez,nancy.lopez@company.com,Canada,2023-12-28,Basic,82.41
952,Nancy Davis,nancy.davis@outlook.com,United States,2020-10-01,Basic,12.35
953,Arjun Singh,arjun.singh@company.com,United Kingdom,2020-10-20,Basic,199.64
954,Jessica Anderson,jessica.anderson@gmail.com,United States,2024-11-06,Standard,524.75
955,Sarah Walker,sarah.walker@yahoo.com,United Kingdom,2025-04-07,Premium,718.99
956,Sarah Davis,sarah.davis@mail.io,France,2024-08-03,Standard,110.86
957,Karen Smith,karen.smith@mail.io,United Kingdom,2022-12-05,Standard,647.48
958,Ananya Smith,ananya.smith@gmail.com,United States,2021-08-27,Basic,18.36
959,Mary Mueller,mary.mueller@outlook.com,France,2024-07-21,Standard,344.38
960,Amanda Rodriguez,amanda.rodriguez@gmail.com,United Kingdom,2024-04-22,Premium,3158.66
961,Anthony Harris,anthony.harris@gmail.com,United Kingdom,2022-09-29,Standard,383.86
962,David Wang,david.wang1@gmail.com,United States,2021-10-13,Standard,688.41
963,Noah Kumar,noah.kumar1@gmail.com,United Kingdom,2020-11-24,Standard,584.21
964,Nancy Sanchez,nancy.sanchez@hotmail.com,France,2022-08-01,Standard,602.95
965,Mark Mueller,mark.mueller@outlook.com,United Kingdom,2020-09-15,Standard,481.61
966,Christopher Williams,christopher.williams@outlook.com,United States,2022-12-24,Basic,74.59
967,Joseph Singh,joseph.singh@mail.io,France,2021-04-14,Premium,595.42
968,Emily Ramirez,emily.ramirez@gmail.com,India,2023-02-23,Standard,519.99
969,Christopher Williams,christopher.williams1@outlook.com,Australia,2021-03-21,Standard,184.86
970,Karen White,karen.white@gmail.com,France,2022-07-23,Standard,459.30
971,Amanda Wilson,amanda.wilson@corp.net,Germany,2024-03-02,Premium,1642.97
972,Priya White,priya.white@outlook.com,France,2023-10-28,Standard,508.32
973,Mia Clark,mia.clark@hotmail.com,Germany,2020-12-16,Premium,636.05
974,Priya Harris,priya.harris1@gmail.com,United States,2020-10-01,Standard,398.68
975,Mia Sanchez,mia.sanchez@mail.io,France,2023-08-22,Standard,694.70
976,John Clark,john.clark@outlook.com,United States,2022-12-29,Standard,464.19
977,Robert Hernandez,robert.hernandez@gmail.com,Australia,2021-12-14,Basic,103.47
978,David Lee,david.lee@gmail.com,United States,2022-05-13,Standard,437.57
979,Jessica Clark,jessica.clark1@outlook.com,United States,2020-05-18,Basic,54.81
980,Lisa Miller,lisa.miller@corp.net,India,2021-08-19,Standard,118.69
981,Oliver Thompson,oliver.thompson@corp.net,Australia,2024-12-09,Premium,4804.70
982,Sharon Johnson,sharon.johnson@company.com,United States,2021-05-29,Standard,294.31
983,Lisa Gonzalez,lisa.gonzalez@gmail.com,United Kingdom,2022-01-13,Standard,502.62
984,David Rodriguez,david.rodriguez@yahoo.com,United Kingdom,2022-07-22,Standard,171.38
985,Kenneth Hernandez,kenneth.hernandez@icloud.com,United States,2025-02-19,Premium,1305.22
986,Michael Kim,michael.kim@outlook.com,India,2025-04-10,Standard,331.74
987,David Thompson,david.thompson@gmail.com,United Kingdom,2022-12-28,Basic,123.47
988,Joseph Rodriguez,joseph.rodriguez@gmail.com,United Kingdom,2020-06-11,Standard,555.85
989,James Jackson,james.jackson@gmail.com,Germany,2025-03-31,Standard,276.71
990,Andrew Hernandez,andrew.hernandez@company.com,United States,2022-02-12,Standard,438.70
991,Barbara Walker,barbara.walker@gmail.com,Canada,2024-09-06,Basic,65.13
992,Steven Wilson,steven.wilson@outlook.com,Australia,2021-01-03,Basic,185.73
993,Emma Garcia,emma.garcia@gmail.com,United States,2020-06-24,Standard,453.22
994,Amanda Lee,amanda.lee@corp.net,United States,2022-06-20,Standard,723.77
995,Sarah Johnson,sarah.johnson@gmail.com,France,2024-03-17,Standard,316.08
996,Steven Wang,steven.wang@gmail.com,Germany,2022-03-14,Standard,648.85
997,Anthony Mueller,anthony.mueller@yahoo.com,United States,2020-01-18,Standard,453.41
998,Sofia Kumar,sofia.kumar@outlook.com,United States,2025-04-26,Standard,526.38
999,Thomas Rodriguez,thomas.rodriguez1@gmail.com,United States,2021-05-05,Basic,131.40
1000,Thomas Martin,thomas.martin1@company.com,United States,2020-12-01,Standard,97.32
1001,Karen Mueller,karen.mueller@company.com,United States,2024-08-28,Premium,4881.45
1002,Steven Singh,steven.singh1@gmail.com,India,2024-08-15,Standard,128.60
1003,John Ramirez,john.ramirez@gmail.com,United States,2023-05-24,Standard,337.28
1004,Sharon Wang,sharon.wang@icloud.com,United Kingdom,2023-03-08,Premium,4570.99
1005,Melissa Kumar,melissa.kumar@mail.io,Germany,2024-08-22,Basic,154.86
1006,Jennifer Singh,jennifer.singh@gmail.com,United States,2022-07-27,Premium,1375.90
1007,Anthony Robinson,anthony.robinson@company.com,Canada,2020-06-11,Basic,168.72
1008,Kenneth Johnson,kenneth.johnson1@gmail.com,Canada,2020-08-26,Standard,474.31
1009,Lucas Sanchez,lucas.sanchez@gmail.com,United States,2023-11-29,Standard,445.58
1010,John Moore,john.moore@gmail.com,United States,2022-01-10,Standard,431.12
1011,Daniel Chen,daniel.chen@corp.net,Germany,2024-10-05,Standard,683.93
1012,Kenneth Martinez,kenneth.martinez@company.com,Canada,2020-05-07,Premium,2226.01
1013,Mark Hernandez,mark.hernandez@icloud.com,United States,2023-04-25,Standard,105.05
1014,Mary Martinez,mary.martinez@icloud.com,France,2022-04-27,Standard,245.01
1015,Mia Harris,mia.harris1@gmail.com,Germany,2023-10-18,Basic,133.22
1016,Arjun Perez,arjun.perez@outlook.com,United States,2023-01-24,Standard,339.23
1017,David Ramirez,david.ramirez1@gmail.com,United States,2021-10-27,Basic,33.50
1018,James Rodriguez,james.rodriguez@outlook.com,United Kingdom,2021-03-11,Standard,781.62
1019,Ananya White,ananya.white@company.com,France,2025-02-26,Basic,10.97
1020,Donald Hernandez,donald.hernandez@gmail.com,United States,2024-01-30,Standard,67.39
1021,Arjun Perez,arjun.perez@company.com,France,2024-02-16,Standard,423.25
1022,Ashley Brown,ashley.brown@gmail.com,United Kingdom,2023-11-07,Standard,556.87
1023,Lisa Thompson,lisa.thompson@gmail.com,United States,2022-06-16,Standard,744.33
1024,Raj Martinez,raj.martinez@gmail.com,Germany,2021-09-26,Standard,387.90
1025,Jessica Kim,jessica.kim@yahoo.com,United Kingdom,2023-05-03,Premium,1274.63
1026,Richard Davis,richard.davis@company.com,United States,2023-12-15,Basic,92.33
1027,Anthony Robinson,anthony.robinson1@outlook.com,United Kingdom,2021-04-06,Standard,779.23
1028,Lucas White,lucas.white@gmail.com,Canada,2020-04-12,Basic,133.13
1029,Mia Lewis,mia.lewis@outlook.com,United States,2022-01-31,Standard,210.69
1030,John Singh,john.singh@mail.io,United States,2020-04-25,Basic,109.82
1031,Sarah Martin,sarah.martin@icloud.com,Germany,2024-03-04,Standard,482.35
1032,Raj Harris,raj.harris@hotmail.com,Australia,2020-05-17,Basic,170.83
1033,Arjun Chen,arjun.chen@yahoo.com,France,2021-03-01,Standard,390.18
1034,Emily Smith,emily.smith@company.com,Germany,2021-10-17,Basic,57.61
1035,Susan Williams,susan.williams@mail.io,India,2020-02-24,Basic,8.29
1036,Karen Robinson,karen.robinson@mail.io,United States,2021-10-12,Standard,778.93
1037,James Kim,james.kim@mail.io,United Kingdom,2020-01-25,Standard,149.74
1038,Joseph Johnson,joseph.johnson@yahoo.com,United Kingdom,2020-04-17,Standard,236.93
1039,Sharon White,sharon.white@mail.io,Canada,2024-11-17,Basic,140.37
1040,Barbara Lee,barbara.lee@outlook.com,United Kingdom,2022-10-11,Standard,278.22
1041,Lucas Sanchez,lucas.sanchez1@gmail.com,United States,2023-10-15,Standard,640.04
1042,David Moore,david.moore@icloud.com,United States,2022-09-13,Premium,558.25
1043,Melissa Lewis,melissa.lewis@company.com,France,2020-09-20,Standard,548.42
1044,Ashley Garcia,ashley.garcia@corp.net,Canada,2024-04-03,Standard,257.50
1045,Emily Martin,emily.martin@hotmail.com,Canada,2023-09-16,Standard,302.35
1046,Mary Mueller,mary.mueller@gmail.com,India,2020-09-06,Standard,628.93
1047,Amanda Robinson,amanda.robinson@icloud.com,United States,2024-07-30,Basic,75.58
1048,Joshua Hernandez,joshua.hernandez@gmail.com,Germany,2023-08-02,Standard,643.51
1049,Lucas Gonzalez,lucas.gonzalez@gmail.com,Canada,2021-05-31,Standard,464.20
1050,Jessica Davis,jessica.davis1@gmail.com,United States,2024-03-13,Standard,569.71
1051,Christopher Harris,christopher.harris@company.com,United States,2025-04-05,Standard,619.37
1052,Kenneth Walker,kenneth.walker@gmail.com,United States,2020-03-08,Basic,128.45
1053,Susan Thompson,,Canada,2020-12-09,Standard,82.63
1054,Priya Brown,priya.brown@gmail.com,United States,2020-10-22,Premium,4108.46
1055,Anthony Kim,anthony.kim@corp.net,United States,2020-07-07,Standard,716.60
1056,Mary Harris,mary.harris@icloud.com,United States,2025-02-16,Basic,194.47
1057,Barbara Brown,barbara.brown@gmail.com,Germany,2022-05-09,Basic,153.04
1058,Amanda Wang,amanda.wang@outlook.com,United States,2022-02-20,Standard,387.60
1059,Steven Harris,steven.harris@company.com,United States,2021-04-19,Standard,67.64
1060,Raj Sharma,raj.sharma@gmail.com,United States,2020-01-28,Basic,50.49
1061,Richard Anderson,richard.anderson@gmail.com,United States,2020-05-10,Premium,1461.18
1062,David Smith,david.smith@corp.net,France,2024-12-03,Standard,116.88
1063,Joshua Lewis,joshua.lewis@outlook.com,United Kingdom,2022-05-30,Standard,668.04
1064,Joseph Brown,joseph.brown@outlook.com,United States,2025-01-13,Premium,1757.16
1065,Patricia Sharma,patricia.sharma@gmail.com,United States,2022-12-29,Premium,3347.21
1066,William Moore,william.moore@yahoo.com,United States,2020-01-21,Standard,570.09
1067,Noah Gonzalez,noah.gonzalez@corp.net,Germany,2025-03-30,Basic,132.47
1068,James Davis,james.davis@outlook.com,United Kingdom,2021-04-29,Standard,66.33
1069,Melissa Jones,melissa.jones@company.com,Australia,2022-06-03,Basic,84.94
1070,James Chen,james.chen@mail.io,Germany,2020-04-21,Standard,160.98
1071,Arjun Wang,arjun.wang@outlook.com,India,2020-10-27,Standard,487.61
1072,Stephanie Harris,stephanie.harris@yahoo.com,United States,2025-04-21,Standard,195.76
1073,Mark Harris,mark.harris@outlook.com,United States,2023-02-21,Basic,42.57
1074,Steven Chen,steven.chen@company.com,United States,2024-04-07,Standard,143.09
1075,David Martin,david.martin@outlook.com,United Kingdom,2024-04-04,Standard,712.28
1076,Daniel Miller,daniel.miller@corp.net,Australia,2025-04-13,Standard,491.54
1077,William Kim,william.kim@outlook.com,France,2021-01-23,Basic,188.76
1078,Donald Thompson,donald.thompson@outlook.com,France,2025-02-01,Standard,567.72
1079,Barbara Garcia,barbara.garcia@yahoo.com,United States,2021-08-24,Basic,95.20
1080,Ananya Ramirez,ananya.ramirez@mail.io,India,2022-06-30,Basic,161.10
1081,Lucas Sanchez,lucas.sanchez2@gmail.com,United Kingdom,2023-11-15,Premium,2685.18
1082,Christopher Sanchez,christopher.sanchez@gmail.com,Germany,2021-01-05,Standard,132.45
1083,James Kumar,james.kumar@gmail.com,United Kingdom,2022-07-23,Standard,768.96
1084,Elizabeth Taylor,elizabeth.taylor@corp.net,France,2021-04-18,Standard,81.16
1085,Susan Hernandez,susan.hernandez@gmail.com,United States,2023-02-07,Basic,98.25
1086,Sofia Lee,sofia.lee@gmail.com,Germany,2023-12-17,Standard,394.81
1087,Jessica Lewis,jessica.lewis@gmail.com,United States,2022-06-29,Basic,125.57
1088,Robert Ramirez,robert.ramirez@icloud.com,Australia,2020-07-23,Premium,3245.19
1089,Melissa Smith,melissa.smith1@gmail.com,United States,2023-06-09,Standard,195.79
1090,Michael Thompson,michael.thompson@outlook.com,United States,2020-06-16,Premium,3817.70
1091,Amanda Thomas,amanda.thomas@company.com,United States,2023-05-27,Standard,80.12
1092,Amanda Martinez,amanda.martinez@yahoo.com,Canada,2023-06-25,Premium,1668.53
1093,Sharon Kim,sharon.kim1@gmail.com,United Kingdom,2021-01-28,Standard,676.48
1094,Sofia Clark,sofia.clark@gmail.com,France,2020-07-14,Basic,79.00
1095,Noah Wilson,noah.wilson@gmail.com,France,2023-01-13,Standard,729.93
1096,Elizabeth Gonzalez,elizabeth.gonzalez@gmail.com,Canada,2021-09-22,Standard,193.32
1097,Amanda Mueller,amanda.mueller@hotmail.com,United States,2024-12-04,Standard,620.37
1098,David Kim,david.kim@gmail.com,United States,2020-02-08,Basic,43.02
1099,Steven Moore,steven.moore@yahoo.com,France,2023-08-01,Standard,100.67
1100,Oliver Hernandez,oliver.hernandez@company.com,France,2025-01-10,Premium,3971.30
1101,Noah Kim,noah.kim@outlook.com,India,2022-01-05,Premium,3251.16
1102,Melissa Chen,melissa.chen1@yahoo.com,United States,2024-08-25,Standard,131.14
1103,Amanda Lee,amanda.lee@gmail.com,United States,2020-06-17,Basic,11.87
1104,Arjun Thomas,arjun.thomas1@outlook.com,United States,2024-06-18,Basic,110.23
1105,Noah Smith,noah.smith1@corp.net,United States,2022-09-11,Standard,103.95
1106,Oliver Martinez,oliver.martinez@mail.io,France,2021-02-21,Basic,157.27
1107,Rebecca Jones,rebecca.jones1@company.com,United States,2021-12-17,Standard,516.18
1108,Christopher Williams,christopher.williams2@outlook.com,Australia,2023-01-13,Standard,392.20
1109,Robert Brown,robert.brown@corp.net,Australia,2021-05-13,Standard,128.59
1110,Barbara Miller,barbara.miller@outlook.com,Germany,2023-05-23,Standard,315.36
1111,Emma Smith,emma.smith@gmail.com,United States,2021-01-06,Basic,0.32
1112,Melissa Martinez,melissa.martinez@gmail.com,United States,2021-03-01,Basic,135.01
1113,Mia Gonzalez,mia.gonzalez@icloud.com,United Kingdom,2021-10-19,Basic,98.35
1114,Lucas Ramirez,lucas.ramirez@icloud.com,United States,2024-09-07,Standard,375.10
1115,Robert Thomas,robert.thomas@company.com,United States,2023-05-20,Standard,130.26
1116,Elizabeth Sharma,elizabeth.sharma@gmail.com,United States,2023-02-06,Basic,31.53
1117,Amanda Singh,amanda.singh@gmail.com,France,2024-08-02,Basic,190.70
1118,Melissa Anderson,melissa.anderson@gmail.com,United States,2021-09-23,Premium,880.51
1119,Donald Moore,donald.moore@gmail.com,United States,2022-02-03,Standard,519.65
1120,Thomas Hernandez,thomas.hernandez@outlook.com,India,2023-03-23,Standard,643.01
1121,Mia Patel,mia.patel@mail.io,United States,2024-05-03,Basic,55.52
1122,James Chen,james.chen1@mail.io,United Kingdom,2021-03-13,Premium,553.23
1123,Donald Martin,donald.martin@gmail.com,United States,2022-07-17,Standard,781.76
1124,Sarah Walker,sarah.walker@mail.io,Australia,2022-01-09,Basic,25.55
1125,John Martinez,john.martinez@company.com,France,2022-05-13,Standard,65.24
1126,William Moore,william.moore@icloud.com,Germany,2022-12-27,Standard,282.76
1127,Richard Smith,richard.smith@gmail.com,United States,2022-12-23,Standard,92.82
1128,Oliver Rodriguez,oliver.rodriguez1@gmail.com,India,2020-09-18,Standard,476.54
1129,Raj Johnson,raj.johnson1@gmail.com,United Kingdom,2020-08-29,Standard,495.04
1130,Sofia Clark,sofia.clark@outlook.com,France,2025-03-31,Standard,670.46
1131,Barbara Anderson,barbara.anderson@icloud.com,Germany,2022-09-06,Premium,4981.28
1132,Jessica Davis,jessica.davis@company.com,United States,2024-05-28,Standard,457.18
1133,Sarah Lewis,sarah.lewis@icloud.com,Germany,2024-08-16,Standard,601.63
1134,Patricia White,patricia.white@mail.io,United Kingdom,2022-09-12,Basic,156.82
1135,Jessica Gonzalez,jessica.gonzalez@gmail.com,France,2023-08-14,Premium,4281.02
1136,Ashley Williams,ashley.williams@company.com,United States,2024-01-12,Basic,120.21
1137,Linda Lee,linda.lee@yahoo.com,Canada,2022-02-09,Standard,394.01
1138,Thomas Martinez,thomas.martinez@gmail.com,United States,2024-10-17,Standard,766.77
1139,Raj Brown,raj.brown@gmail.com,Germany,2023-02-12,Premium,1116.44
1140,Sofia Robinson,sofia.robinson@icloud.com,France,2024-01-03,Basic,139.25
1141,Jennifer Taylor,jennifer.taylor@yahoo.com,Canada,2021-06-23,Standard,61.92
1142,Lisa Patel,lisa.patel1@corp.net,Canada,2024-06-20,Basic,83.34
1143,Jessica Lewis,jessica.lewis@mail.io,United States,2020-12-22,Basic,114.56
1144,Anthony Kumar,anthony.kumar@company.com,India,2023-03-18,Standard,750.12
1145,Ashley Moore,ashley.moore@gmail.com,United States,2020-03-18,Basic,103.00
1146,Laura Ramirez,laura.ramirez@company.com,France,2023-07-14,Basic,54.12
1147,Rebecca Kumar,rebecca.kumar@outlook.com,United States,2021-04-03,Basic,180.16
1148,Sarah Moore,sarah.moore@gmail.com,United States,2023-08-01,Standard,628.17
1149,Richard White,richard.white@icloud.com,India,2024-09-10,Premium,3037.98
1150,Sarah Martin,sarah.martin1@icloud.com,United States,2024-08-31,Standard,51.86
1151,David Anderson,david.anderson@hotmail.com,Canada,2021-09-12,Standard,338.56
1152,Christopher Jackson,christopher.jackson@gmail.com,United Kingdom,2023-11-18,Premium,554.98
1153,Sharon Clark,sharon.clark@gmail.com,France,2022-12-17,Standard,296.85
1154,William Thompson,william.thompson@yahoo.com,United States,2023-04-23,Basic,80.58
1155,Christopher Davis,christopher.davis@corp.net,United States,2022-06-22,Standard,275.76
1156,Raj Smith,raj.smith@icloud.com,United Kingdom,2022-08-24,Basic,119.89
1157,Nancy Anderson,nancy.anderson@icloud.com,Germany,2021-07-26,Premium,3537.87
1158,Noah Anderson,noah.anderson1@gmail.com,India,2025-03-11,Standard,281.49
1159,Amanda Chen,amanda.chen@outlook.com,United States,2023-02-22,Standard,725.02
1160,Jennifer Gonzalez,jennifer.gonzalez@mail.io,France,2020-06-16,Premium,2658.64
1161,Ashley Perez,ashley.perez@gmail.com,United Kingdom,2020-12-08,Standard,589.82
1162,Kenneth Robinson,kenneth.robinson@gmail.com,United States,2023-07-16,Basic,150.10
1163,Barbara Lewis,barbara.lewis@corp.net,United States,2022-07-07,Basic,107.93
1164,Andrew Davis,andrew.davis@yahoo.com,France,2022-03-14,Standard,202.07
1165,Lisa White,lisa.white@mail.io,Germany,2024-06-24,Standard,564.46
1166,Emma Kim,emma.kim@gmail.com,United States,2024-08-14,Basic,9.45
1167,Jessica White,jessica.white@hotmail.com,Australia,2021-05-12,Premium,1779.16
1168,Ananya Harris,ananya.harris@icloud.com,France,2020-10-27,Basic,31.59
1169,Melissa Mueller,melissa.mueller@icloud.com,United States,2024-10-20,Basic,199.59
1170,Stephanie Garcia,stephanie.garcia@yahoo.com,India,2022-09-17,Standard,513.46
1171,Mark Nguyen,mark.nguyen@icloud.com,Germany,2022-01-04,Basic,129.08
1172,Anthony Jones,anthony.jones@company.com,Australia,2021-12-07,Standard,646.05
1173,Sharon Perez,sharon.perez@corp.net,United Kingdom,2021-09-10,Standard,273.54
1174,Robert Moore,robert.moore@company.com,United States,2020-12-14,Standard,171.43
1175,Paul Singh,paul.singh@gmail.com,France,2025-05-21,Basic,59.90
1176,Noah Patel,noah.patel@mail.io,France,2022-04-03,Standard,574.87
1177,Elizabeth Lewis,elizabeth.lewis@outlook.com,Germany,2022-07-22,Premium,4233.72
1178,Priya Martin,priya.martin@yahoo.com,United Kingdom,2023-07-08,Basic,60.95
1179,Joshua Garcia,joshua.garcia1@outlook.com,Canada,2020-03-14,Standard,232.40
1180,Amanda Wilson,amanda.wilson@outlook.com,United States,2021-05-22,Standard,413.93
1181,Susan Mueller,susan.mueller@gmail.com,Canada,2020-09-04,Basic,57.19
1182,Stephanie Hernandez,stephanie.hernandez@hotmail.com,India,2021-10-03,Standard,739.02
1183,Elizabeth Wang,elizabeth.wang1@gmail.com,United States,2025-05-12,Premium,1177.40
1184,Anthony Williams,anthony.williams@mail.io,India,2022-11-30,Standard,172.86
1185,Linda Miller,linda.miller@hotmail.com,United States,2023-05-20,Basic,61.70
1186,Sofia Taylor,sofia.taylor@yahoo.com,United States,2022-09-07,Standard,536.21
1187,Stephanie Sharma,stephanie.sharma@yahoo.com,United Kingdom,2021-05-17,Standard,608.94
1188,Ananya Robinson,ananya.robinson@gmail.com,United Kingdom,2021-07-09,Basic,52.71
1189,Laura Wang,laura.wang@outlook.com,France,2023-10-05,Premium,2591.49
1190,Lisa Perez,lisa.perez@outlook.com,Germany,2021-12-03,Standard,352.83
1191,Matthew Harris,matthew.harris@outlook.com,United States,2021-02-04,Standard,596.86
1192,Melissa Lewis,melissa.lewis1@company.com,United States,2020-06-18,Standard,371.55
1193,Nancy Jones,nancy.jones@company.com,Germany,2023-10-07,Standard,560.54
1194,Robert Thompson,robert.thompson@mail.io,Germany,2022-05-19,Basic,26.63
1195,John Wilson,john.wilson@hotmail.com,Australia,2020-01-18,Standard,268.81
1196,Ashley Moore,ashley.moore@hotmail.com,Germany,2021-11-16,Premium,3279.38
1197,David Kim,david.kim@company.com,United Kingdom,2023-04-21,Standard,433.12
1198,Paul Robinson,paul.robinson@yahoo.com,India,2021-11-09,Basic,60.45
1199,Andrew Mueller,andrew.mueller@corp.net,Canada,2021-02-25,Premium,1904.08
1200,Paul Jones,paul.jones@outlook.com,Canada,2020-07-14,Standard,747.05
1201,David Moore,david.moore@gmail.com,United States,2022-08-22,Basic,195.41
1202,James Lee,james.lee@gmail.com,United Kingdom,2023-12-17,Basic,96.36
1203,Lisa Sanchez,lisa.sanchez@mail.io,France,2024-09-17,Premium,865.80
1204,Donald Brown,donald.brown@outlook.com,United States,2024-05-21,Basic,198.85
1205,Arjun Miller,arjun.miller@gmail.com,United States,2023-11-19,Standard,668.21
1206,Richard Miller,richard.miller@icloud.com,Germany,2024-02-09,Basic,142.03
1207,Lucas Garcia,lucas.garcia@gmail.com,United States,2024-04-08,Standard,215.89
1208,Jessica Sharma,jessica.sharma@gmail.com,Canada,2020-04-16,Standard,698.71
1209,Mark Taylor,mark.taylor1@gmail.com,Germany,2023-01-14,Premium,4607.76
1210,Michael Lee,michael.lee@icloud.com,France,2020-07-14,Standard,325.29
1211,John Perez,john.perez@gmail.com,France,2023-08-29,Basic,161.34
1212,Raj Kim,raj.kim@outlook.com,United Kingdom,2022-01-18,Basic,115.06
1213,Ashley Kumar,ashley.kumar1@gmail.com,Germany,2021-06-22,Premium,3142.02
1214,Lisa Wang,lisa.wang@mail.io,United States,2021-10-26,Basic,28.34
1215,William Thompson,william.thompson1@yahoo.com,France,2020-06-10,Standard,582.93
1216,Mia Moore,mia.moore@corp.net,United States,2024-08-04,Standard,408.82
1217,Linda Singh,linda.singh@yahoo.com,United States,2022-09-18,Premium,3650.95
1218,Noah Hernandez,noah.hernandez@gmail.com,United States,2021-11-24,Standard,373.12
1219,Amanda Kim,amanda.kim@company.com,France,2021-09-17,Basic,116.31
1220,Barbara Garcia,barbara.garcia@company.com,United States,2023-05-08,Standard,415.30
1221,Mark Sanchez,mark.sanchez1@yahoo.com,India,2020-06-01,Premium,1505.46
1222,Donald Brown,donald.brown1@gmail.com,France,2021-12-17,Standard,659.78
1223,Stephanie Thomas,stephanie.thomas1@gmail.com,United Kingdom,2022-03-14,Standard,613.26
1224,John Kumar,john.kumar@mail.io,India,2021-08-19,Standard,770.28
1225,Patricia Rodriguez,patricia.rodriguez@gmail.com,United States,2023-11-18,Standard,168.70
1226,Jessica Singh,jessica.singh@mail.io,Australia,2021-08-29,Standard,646.75
1227,Mary Williams,mary.williams@gmail.com,United States,2024-10-25,Basic,0.37
1228,Sofia Brown,sofia.brown@company.com,Germany,2022-10-29,Basic,70.23
1229,Melissa Lewis,melissa.lewis@outlook.com,France,2020-01-30,Basic,147.39
1230,Jennifer Chen,jennifer.chen@hotmail.com,United States,2022-12-19,Basic,3.06
1231,Andrew Jackson,andrew.jackson@gmail.com,India,2022-12-20,Basic,190.12
1232,Lucas Thomas,lucas.thomas@company.com,France,2021-03-31,Standard,72.12
1233,Richard Sanchez,richard.sanchez@outlook.com,United States,2022-09-26,Basic,172.03
1234,Jennifer Thomas,jennifer.thomas@yahoo.com,United States,2020-04-04,Standard,560.90
1235,Emily Moore,emily.moore@gmail.com,United States,2021-03-26,Premium,1023.32
1236,Joseph Kim,joseph.kim@outlook.com,United Kingdom,2020-06-24,Premium,4028.59
1237,Nancy Singh,nancy.singh@gmail.com,United States,2022-11-22,Basic,53.06
1238,William Thompson,william.thompson@hotmail.com,United States,2023-06-16,Premium,2532.50
1239,Rebecca Robinson,rebecca.robinson@hotmail.com,United Kingdom,2023-06-07,Standard,226.50
1240,Linda Anderson,linda.anderson@outlook.com,Germany,2022-03-07,Standard,541.02
1241,Donald Moore,donald.moore@company.com,United Kingdom,2023-01-20,Basic,6.22
1242,Anthony Lopez,anthony.lopez@yahoo.com,Canada,2021-03-06,Premium,819.94
1243,Ananya Lopez,ananya.lopez@yahoo.com,France,2021-04-30,Standard,441.59
1244,Ananya Nguyen,ananya.nguyen1@gmail.com,United States,2024-04-21,Standard,622.80
1245,Matthew Johnson,matthew.johnson@outlook.com,Germany,2021-12-07,Standard,449.40
1246,John Robinson,john.robinson@gmail.com,United States,2022-09-22,Premium,3154.21
1247,Barbara Rodriguez,barbara.rodriguez@yahoo.com,United Kingdom,2023-06-15,Basic,135.36
1248,Kenneth Johnson,kenneth.johnson@hotmail.com,Australia,2020-05-11,Standard,231.84
1249,Oliver Chen,oliver.chen@icloud.com,United Kingdom,2024-06-25,Premium,2742.03
1250,Joshua Williams,joshua.williams@mail.io,United States,2023-05-03,Basic,57.80
1251,Anthony Mueller,anthony.mueller@company.com,United States,2020-03-03,Standard,547.65
1252,Oliver White,oliver.white@icloud.com,United States,2025-05-30,Standard,762.69
1253,Joseph Kumar,joseph.kumar@gmail.com,Germany,2022-02-26,Basic,191.35
1254,William Robinson,william.robinson@yahoo.com,United States,2021-06-13,Standard,328.01
1255,Richard Singh,richard.singh@company.com,Australia,2022-01-14,Standard,281.40
1256,Emma Rodriguez,emma.rodriguez1@hotmail.com,United States,2022-05-01,Basic,7.14
1257,Christopher Walker,christopher.walker@company.com,United States,2024-12-27,Standard,508.16
1258,Emily Jackson,emily.jackson@yahoo.com,Australia,2025-05-09,Standard,279.97
1259,Raj Wang,raj.wang@gmail.com,Germany,2022-05-13,Premium,831.69
1260,Jennifer Lee,jennifer.lee@yahoo.com,United States,2024-05-03,Basic,80.89
1261,Sarah Gonzalez,sarah.gonzalez@gmail.com,United States,2023-08-17,Basic,94.45
1262,Priya Clark,priya.clark@hotmail.com,France,2024-11-04,Basic,58.44
1263,Karen Patel,karen.patel@outlook.com,United States,2022-10-21,Standard,685.86
1264,Karen Lee,karen.lee@mail.io,United States,2022-06-01,Standard,146.45
1265,Rebecca Walker,rebecca.walker@outlook.com,India,2021-11-19,Standard,575.27
1266,Patricia Brown,patricia.brown@gmail.com,India,2025-03-14,Standard,88.80
1267,Stephanie Gonzalez,stephanie.gonzalez@hotmail.com,United States,2020-06-29,Standard,571.20
1268,Elizabeth Singh,elizabeth.singh@yahoo.com,United States,2022-04-06,Premium,759.37
1269,Joshua Perez,joshua.perez@outlook.com,United Kingdom,2023-09-13,Standard,539.05
1270,Christopher Williams,christopher.williams3@outlook.com,Australia,2022-12-09,Premium,3062.65
1271,Sofia Brown,sofia.brown1@company.com,United States,2021-06-30,Standard,169.75
1272,Susan Sanchez,susan.sanchez@yahoo.com,United States,2023-09-29,Basic,91.77
1273,Lucas Singh,lucas.singh@mail.io,United States,2024-08-24,Standard,691.15
1274,Emily Thompson,emily.thompson@hotmail.com,United Kingdom,2021-09-04,Standard,363.30
1275,Ashley Johnson,ashley.johnson@hotmail.com,Canada,2025-05-16,Standard,696.24
1276,Patricia Garcia,patricia.garcia@outlook.com,Germany,2022-04-09,Premium,1151.29
1277,Thomas Walker,thomas.walker@outlook.com,Australia,2024-08-16,Standard,488.46
1278,William Harris,william.harris@hotmail.com,Canada,2021-03-31,Basic,88.19
1279,David Lee,david.lee1@yahoo.com,United States,2022-12-18,Standard,187.35
1280,Sarah Moore,sarah.moore@yahoo.com,United States,2021-05-30,Basic,133.34
1281,Mia Kim,mia.kim1@outlook.com,United States,2021-08-28,Standard,587.55
1282,Richard Lewis,richard.lewis@gmail.com,France,2020-06-25,Premium,2340.49
1283,Kenneth Chen,kenneth.chen@hotmail.com,United States,2023-08-14,Standard,765.43
1284,Mia Walker,mia.walker@gmail.com,United States,2021-03-21,Standard,84.28
1285,John Lee,john.lee@gmail.com,United States,2022-05-25,Standard,396.40
1286,Patricia Davis,patricia.davis@corp.net,France,2021-10-15,Standard,131.18
1287,Melissa Martinez,melissa.martinez@yahoo.com,France,2023-11-13,Standard,425.12
1288,Sofia Kim,sofia.kim@gmail.com,United States,2020-12-03,Standard,132.93
1289,Emma Smith,emma.smith1@gmail.com,United Kingdom,2022-12-01,Basic,68.86
1290,Matthew Lee,matthew.lee@yahoo.com,United Kingdom,2020-07-07,Premium,686.84
1291,Barbara Johnson,barbara.johnson1@mail.io,United States,2021-02-02,Standard,55.60
1292,Andrew Lopez,andrew.lopez@outlook.com,Germany,2020-08-15,Premium,3414.99
1293,Stephanie Singh,stephanie.singh@hotmail.com,United States,2022-04-25,Standard,103.56
1294,Raj Hernandez,raj.hernandez@gmail.com,United States,2021-09-01,Premium,3251.81
1295,Oliver Mueller,oliver.mueller@gmail.com,France,2025-05-11,Standard,710.79
1296,Jessica Johnson,jessica.johnson@mail.io,Canada,2020-04-24,Basic,43.91
1297,Michael Smith,michael.smith@gmail.com,United States,2023-02-03,Basic,43.10
1298,Steven Johnson,steven.johnson@mail.io,France,2023-04-12,Basic,11.35
1299,Steven Jones,steven.jones@icloud.com,Germany,2023-09-07,Standard,719.60
1300,Kenneth Taylor,kenneth.taylor@outlook.com,Canada,2021-03-01,Premium,3011.08
1301,James Sharma,james.sharma@outlook.com,United States,2020-07-30,Standard,293.77
1302,Sharon Brown,sharon.brown1@icloud.com,India,2023-07-06,Basic,66.68
1303,Joshua Singh,joshua.singh@corp.net,France,2021-04-17,Standard,408.87
1304,Robert Smith,robert.smith@gmail.com,United States,2024-09-29,Premium,1428.77
1305,Emily Sanchez,emily.sanchez@gmail.com,Canada,2024-12-02,Basic,169.58
1306,Joseph Moore,joseph.moore@gmail.com,Australia,2022-02-19,Standard,74.81
1307,Paul Kim,paul.kim@gmail.com,United States,2020-07-19,Standard,162.11
1308,Paul Jackson,paul.jackson@gmail.com,United States,2021-05-22,Standard,75.75
1309,Susan Chen,susan.chen@mail.io,United Kingdom,2022-04-30,Premium,4073.55
1310,Joshua Thompson,joshua.thompson@mail.io,India,2022-01-20,Premium,3820.42
1311,Sofia Lopez,sofia.lopez1@gmail.com,Germany,2022-08-22,Standard,175.56
1312,Sofia Davis,sofia.davis@yahoo.com,United States,2024-04-28,Basic,74.67
1313,Ashley Moore,ashley.moore1@hotmail.com,France,2021-05-18,Standard,783.56
1314,Paul Williams,paul.williams1@outlook.com,Australia,2021-05-12,Standard,201.68
1315,Barbara Lopez,barbara.lopez@mail.io,India,2021-08-07,Standard,257.12
1316,Nancy Lee,nancy.lee@gmail.com,Australia,2020-05-17,Standard,792.66
1317,Laura Taylor,laura.taylor@hotmail.com,United States,2022-10-17,Standard,346.70
1318,Sofia Jones,sofia.jones@gmail.com,United States,2020-06-29,Standard,179.70
1319,Stephanie Nguyen,stephanie.nguyen@corp.net,United Kingdom,2021-02-07,Standard,482.71
1320,Ananya Patel,ananya.patel@hotmail.com,India,2022-07-07,Premium,2811.17
1321,John Gonzalez,john.gonzalez@gmail.com,United States,2023-09-18,Standard,68.53
1322,Patricia Wang,patricia.wang@outlook.com,United States,2020-04-16,Standard,403.17
1323,Paul Johnson,paul.johnson@mail.io,United Kingdom,2022-04-26,Standard,753.54
1324,Emily Chen,emily.chen@icloud.com,India,2023-09-19,Standard,776.58
1325,Kenneth Thompson,kenneth.thompson@gmail.com,United States,2023-05-05,Standard,439.41
1326,Andrew Walker,andrew.walker@outlook.com,Germany,2021-10-17,Basic,72.76
1327,Linda Sanchez,linda.sanchez@yahoo.com,United States,2023-08-11,Standard,157.31
1328,Priya Kumar,priya.kumar@icloud.com,Australia,2022-03-11,Premium,3063.72
1329,Ananya Smith,ananya.smith1@gmail.com,United States,2020-11-21,Standard,150.73
1330,Amanda Davis,amanda.davis@gmail.com,Germany,2022-07-27,Standard,245.90
1331,Elizabeth Jackson,elizabeth.jackson@gmail.com,United States,2021-10-06,Standard,752.22
1332,Sharon Johnson,sharon.johnson@hotmail.com,Canada,2020-05-15,Standard,447.96
1333,Emma Patel,emma.patel@outlook.com,United States,2020-12-09,Standard,126.57
1334,Patricia Rodriguez,patricia.rodriguez1@gmail.com,Australia,2020-10-18,Premium,1241.37
1335,Raj Sharma,raj.sharma1@gmail.com,Canada,2020-07-05,Standard,168.79
1336,Nancy Hernandez,nancy.hernandez@corp.net,France,2024-09-13,Premium,3899.53
1337,Ananya Williams,ananya.williams@company.com,France,2022-08-31,Basic,32.41
1338,Joshua Sanchez,joshua.sanchez@icloud.com,France,2021-10-07,Standard,351.28
1339,Robert Sharma,robert.sharma@icloud.com,Canada,2024-08-19,Standard,356.17
1340,Andrew White,andrew.white@gmail.com,Germany,2024-08-05,Standard,251.96
1341,Linda Chen,linda.chen@company.com,United Kingdom,2024-08-24,Standard,654.30
1342,Matthew Clark,matthew.clark@company.com,United Kingdom,2024-06-20,Basic,145.88
1343,Amanda Martin,amanda.martin@gmail.com,United States,2024-10-24,Basic,151.47
1344,Emma Sanchez,emma.sanchez@company.com,United States,2021-09-22,Standard,298.84
1345,Barbara Wilson,barbara.wilson@icloud.com,United States,2022-11-19,Basic,100.72
1346,William Jackson,william.jackson@company.com,Australia,2020-11-10,Basic,21.00
1347,Amanda Sanchez,amanda.sanchez@mail.io,India,2024-08-18,Basic,104.42
1348,Steven Johnson,steven.johnson@corp.net,United States,2020-09-27,Standard,734.85
1349,Steven Kumar,steven.kumar@icloud.com,France,2021-09-27,Premium,3528.75
1350,Mia Harris,mia.harris@mail.io,United States,2021-06-29,Standard,589.71
1351,Robert Sanchez,robert.sanchez@outlook.com,Australia,2021-09-22,Standard,300.39
1352,Noah Rodriguez,noah.rodriguez@company.com,United Kingdom,2024-04-22,Standard,432.51
1353,Kenneth Patel,kenneth.patel1@gmail.com,United Kingdom,2025-03-05,Basic,153.97
1354,Matthew Martinez,matthew.martinez@outlook.com,Australia,2021-07-26,Premium,2410.64
1355,Ashley Nguyen,ashley.nguyen@company.com,United States,2022-03-05,Basic,129.29
1356,Oliver Taylor,oliver.taylor@gmail.com,Canada,2024-10-24,Premium,507.25
1357,Melissa Martin,melissa.martin@company.com,Australia,2020-06-08,Basic,116.19
1358,Andrew Chen,andrew.chen@outlook.com,United States,2020-01-07,Standard,157.58
1359,Laura Anderson,laura.anderson@gmail.com,United States,2020-07-13,Standard,562.11
1360,Jennifer Miller,jennifer.miller@corp.net,United Kingdom,2024-07-29,Standard,334.95
1361,Lucas Miller,lucas.miller1@gmail.com,United States,2020-02-19,Standard,706.97
1362,Noah Singh,noah.singh@company.com,United States,2020-10-28,Standard,438.57
1363,Thomas Mueller,thomas.mueller@icloud.com,United States,2020-06-25,Basic,162.73
1364,Stephanie Singh,stephanie.singh@company.com,France,2022-05-02,Basic,6.36
1365,Ashley Lee,ashley.lee@outlook.com,United States,2023-05-12,Standard,422.18
1366,Mark Patel,mark.patel@gmail.com,United States,2024-01-10,Standard,222.03
1367,Christopher Clark,christopher.clark@gmail.com,India,2023-12-17,Premium,2133.54
1368,Priya Jackson,priya.jackson@hotmail.com,United States,2021-01-12,Standard,301.91
1369,Joseph Martinez,joseph.martinez@gmail.com,United Kingdom,2021-03-15,Basic,15.60
1370,Lucas Lee,lucas.lee@outlook.com,United States,2023-12-14,Basic,107.54
1371,Mia Lewis,mia.lewis@gmail.com,United States,2024-07-30,Basic,25.48
1372,Arjun Sanchez,arjun.sanchez@gmail.com,United States,2021-12-15,Standard,96.69
1373,Emily Robinson,emily.robinson@mail.io,United States,2021-08-29,Premium,2766.42
1374,Sarah Thomas,sarah.thomas1@gmail.com,India,2024-09-06,Basic,19.50
1375,Susan Martinez,susan.martinez@company.com,France,2025-01-25,Basic,180.28
1376,Matthew Miller,matthew.miller@icloud.com,United States,2024-09-15,Standard,505.58
1377,Raj Sharma,raj.sharma@icloud.com,United Kingdom,2025-01-09,Basic,179.76
1378,James Wilson,james.wilson@mail.io,United Kingdom,2021-10-29,Basic,146.53
1379,Rebecca Garcia,rebecca.garcia@icloud.com,United Kingdom,2023-08-25,Standard,257.74
1380,Joshua White,joshua.white@company.com,France,2022-03-27,Standard,652.51
1381,Lucas Hernandez,lucas.hernandez@outlook.com,United States,2025-02-13,Basic,68.20
1382,Mary Martinez,mary.martinez@company.com,France,2022-11-02,Basic,18.53
1383,Daniel Brown,daniel.brown1@outlook.com,United Kingdom,2024-08-22,Standard,63.59
1384,Donald Jones,donald.jones@mail.io,United States,2020-09-10,Premium,4199.21
1385,Paul Patel,paul.patel@company.com,United States,2025-02-18,Standard,502.09
1386,Linda Singh,linda.singh@company.com,United States,2023-03-23,Standard,461.01
1387,John Johnson,john.johnson@hotmail.com,Germany,2021-03-29,Standard,69.79
1388,Andrew Kim,andrew.kim1@icloud.com,United States,2024-11-24,Standard,143.24
1389,Amanda Moore,amanda.moore@gmail.com,France,2020-07-24,Standard,83.96
1390,Joshua Lewis,joshua.lewis@gmail.com,Canada,2025-05-08,Basic,130.35
1391,Lisa Sharma,lisa.sharma@icloud.com,Australia,2022-02-28,Premium,875.41
1392,David Patel,david.patel1@gmail.com,United States,2020-09-29,Standard,93.00
1393,John Johnson,john.johnson@company.com,United States,2022-03-25,Standard,389.30
1394,William Jackson,william.jackson@outlook.com,India,2025-05-09,Standard,354.07
1395,Sharon Gonzalez,sharon.gonzalez@corp.net,United Kingdom,2020-09-05,Standard,175.78
1396,Linda Jackson,linda.jackson@outlook.com,United Kingdom,2023-11-23,Standard,791.45
1397,Barbara Lee,barbara.lee@gmail.com,Germany,2024-04-08,Basic,124.09
1398,Rebecca Lee,rebecca.lee@icloud.com,United States,2022-12-07,Standard,186.47
1399,Nancy Perez,nancy.perez@gmail.com,India,2024-03-01,Premium,4972.71
1400,Kenneth Taylor,kenneth.taylor@gmail.com,United States,2022-07-30,Standard,777.65
1401,Susan Taylor,susan.taylor@outlook.com,Australia,2024-08-31,Basic,76.37
1402,Nancy Gonzalez,nancy.gonzalez@hotmail.com,United States,2025-01-03,Basic,194.52
1403,John Sanchez,john.sanchez1@gmail.com,Germany,2020-11-24,Basic,198.07
1404,Elizabeth Rodriguez,elizabeth.rodriguez@icloud.com,United States,2020-05-12,Basic,130.17
1405,Ashley Singh,ashley.singh@icloud.com,Germany,2023-08-10,Premium,1703.81
1406,Ananya Rodriguez,ananya.rodriguez@gmail.com,United States,2020-12-29,Basic,48.38
1407,Sofia Garcia,sofia.garcia@company.com,Germany,2025-03-10,Basic,0.11
1408,Mary Walker,mary.walker@outlook.com,United States,2022-05-25,Premium,1028.78
1409,Ananya Miller,ananya.miller@company.com,India,2024-12-11,Basic,0.17
1410,Matthew Sharma,matthew.sharma@icloud.com,Australia,2022-03-03,Basic,8.99
1411,Emily Lewis,emily.lewis@outlook.com,France,2025-02-24,Premium,1869.60
1412,Stephanie Sanchez,stephanie.sanchez@company.com,United States,2024-09-04,Standard,204.28
1413,Sharon Nguyen,sharon.nguyen@mail.io,United States,2022-05-21,Basic,194.36
1414,Daniel Clark,daniel.clark@gmail.com,Canada,2023-04-28,Standard,115.50
1415,Elizabeth Davis,elizabeth.davis@gmail.com,United States,2023-10-29,Standard,608.42
1416,Jennifer Chen,jennifer.chen@yahoo.com,United Kingdom,2023-10-21,Standard,320.37
1417,Stephanie Lewis,stephanie.lewis@outlook.com,France,2024-07-19,Premium,4383.68
1418,Richard Singh,richard.singh@icloud.com,United States,2022-03-27,Basic,64.37
1419,Anthony Nguyen,anthony.nguyen@corp.net,United States,2020-04-01,Standard,673.03
1420,Sharon Walker,sharon.walker@icloud.com,Germany,2021-12-07,Standard,153.88
1421,James Moore,james.moore@company.com,United States,2024-12-03,Premium,1894.83
1422,Elizabeth Jones,elizabeth.jones@gmail.com,Canada,2023-04-08,Standard,773.28
1423,Mia Clark,mia.clark@icloud.com,Germany,2022-12-23,Basic,5.51
1424,Lucas Lee,lucas.lee@gmail.com,United States,2022-09-03,Standard,389.34
1425,John Smith,john.smith@yahoo.com,United States,2020-06-26,Basic,75.87
1426,Donald Gonzalez,donald.gonzalez@outlook.com,United States,2024-05-23,Standard,522.36
1427,Nancy Jones,nancy.jones1@company.com,United Kingdom,2024-04-01,Standard,502.17
1428,Sarah Hernandez,sarah.hernandez1@gmail.com,Canada,2022-03-02,Basic,67.66
1429,Linda Kumar,linda.kumar@corp.net,United Kingdom,2022-09-09,Basic,33.10
1430,Barbara Lewis,barbara.lewis@gmail.com,United States,2023-10-11,Standard,629.63
1431,Mary Lopez,mary.lopez@outlook.com,Australia,2023-10-03,Standard,221.69
1432,Jessica Kim,jessica.kim@mail.io,United Kingdom,2021-06-14,Basic,33.99
1433,Richard Lopez,richard.lopez@hotmail.com,France,2021-04-05,Basic,20.65
1434,Priya Kim,priya.kim@gmail.com,India,2020-12-20,Standard,599.66
1435,Mia Sanchez,mia.sanchez@gmail.com,Australia,2021-01-03,Standard,198.73
1436,Lisa Wilson,lisa.wilson@corp.net,France,2022-06-21,Standard,774.26
1437,Laura Martin,laura.martin@mail.io,United States,2022-04-09,Basic,11.25
1438,Barbara Sharma,barbara.sharma@hotmail.com,Germany,2020-08-29,Standard,723.07
1439,Lisa Jackson,lisa.jackson@company.com,Germany,2021-04-21,Standard,330.92
1440,Barbara Gonzalez,barbara.gonzalez@icloud.com,United States,2022-04-07,Premium,3984.20
1441,Sarah Moore,sarah.moore@mail.io,United States,2022-03-28,Standard,551.77
1442,John Lee,john.lee1@gmail.com,Germany,2022-09-27,Premium,1180.26
1443,Thomas Singh,thomas.singh@gmail.com,United States,2022-04-05,Premium,3084.50
1444,Rebecca Wang,rebecca.wang@gmail.com,Australia,2021-06-25,Premium,1250.59
1445,Paul Rodriguez,paul.rodriguez@gmail.com,India,2021-06-24,Standard,145.62
1446,Matthew Hernandez,matthew.hernandez@company.com,United States,2024-06-06,Standard,50.21
1447,Mary Martinez,mary.martinez@yahoo.com,United States,2024-02-16,Standard,468.46
1448,William Sharma,william.sharma@mail.io,United Kingdom,2020-12-16,Basic,19.27
1449,Elizabeth Lewis,elizabeth.lewis1@outlook.com,United States,2021-12-19,Premium,3358.48
1450,Melissa Wang,melissa.wang@company.com,United States,2023-01-05,Standard,214.37
1451,William Taylor,william.taylor@icloud.com,India,2022-07-03,Premium,739.75
1452,Joseph Chen,joseph.chen1@outlook.com,France,2021-09-06,Premium,1176.73
1453,Joshua Sharma,joshua.sharma@gmail.com,United States,2023-12-02,Standard,677.32
1454,Joshua Sharma,joshua.sharma2@outlook.com,United States,2020-05-14,Basic,16.45
1455,Nancy Jackson,nancy.jackson@company.com,Australia,2021-09-27,Standard,240.05
1456,Sarah Garcia,,Canada,2025-03-16,Standard,237.00
1457,Susan Wang,susan.wang@yahoo.com,United Kingdom,2020-10-16,Standard,409.48
1458,Mia Lewis,mia.lewis1@gmail.com,France,2020-09-30,Basic,177.31
1459,Christopher Lopez,christopher.lopez2@gmail.com,United Kingdom,2024-10-06,Premium,1509.04
1460,Raj Jones,raj.jones@outlook.com,United States,2023-06-18,Standard,742.68
1461,Nancy Davis,nancy.davis@gmail.com,United States,2024-02-22,Standard,217.88
1462,Nancy Brown,nancy.brown@hotmail.com,United States,2020-12-14,Standard,469.37
1463,Susan Nguyen,susan.nguyen@outlook.com,United Kingdom,2022-09-01,Standard,115.85
1464,Robert Martin,robert.martin@corp.net,United States,2020-09-28,Basic,20.13
1465,Karen Garcia,karen.garcia@gmail.com,United States,2021-10-12,Basic,196.55
1466,Andrew Patel,andrew.patel@yahoo.com,Australia,2024-06-20,Standard,188.83
1467,Anthony Sanchez,anthony.sanchez@hotmail.com,India,2023-09-13,Premium,1875.06
1468,Priya Hernandez,priya.hernandez@yahoo.com,Germany,2020-08-04,Basic,169.29
1469,Elizabeth Hernandez,elizabeth.hernandez@gmail.com,Canada,2021-05-18,Premium,508.29
1470,Jennifer Walker,jennifer.walker@icloud.com,Australia,2023-03-21,Basic,166.06
1471,Barbara Gonzalez,barbara.gonzalez@mail.io,Germany,2023-03-20,Premium,535.77
1472,Elizabeth Johnson,elizabeth.johnson@mail.io,Germany,2022-11-05,Standard,644.57
1473,Sarah Moore,sarah.moore@company.com,Canada,2023-09-08,Basic,182.75
1474,Jessica Gonzalez,jessica.gonzalez@icloud.com,United States,2020-12-26,Basic,37.01
1475,Mark Walker,mark.walker1@icloud.com,Australia,2023-09-06,Basic,31.65
1476,Nancy Robinson,nancy.robinson@gmail.com,United States,2020-05-11,Standard,338.36
1477,Jessica Martin,jessica.martin@corp.net,United States,2020-02-26,Standard,95.48
1478,Raj Robinson,raj.robinson@gmail.com,Canada,2024-04-22,Standard,131.88
1479,Jennifer Perez,jennifer.perez@hotmail.com,United Kingdom,2020-02-08,Basic,67.83
1480,Jessica Lee,jessica.lee@mail.io,United Kingdom,2024-06-15,Basic,193.31
1481,Jessica Jones,jessica.jones@yahoo.com,India,2021-01-19,Standard,101.86
1482,Laura Kumar,laura.kumar@mail.io,France,2024-07-21,Premium,2810.78
1483,Noah Lopez,noah.lopez@gmail.com,India,2023-08-07,Premium,2223.33
1484,Jessica Williams,jessica.williams@gmail.com,United States,2020-01-22,Premium,3296.27
1485,Patricia Clark,patricia.clark1@yahoo.com,United States,2024-09-25,Standard,160.18
1486,Mark Williams,mark.williams@hotmail.com,United States,2023-11-29,Standard,795.54
1487,Barbara Johnson,barbara.johnson@icloud.com,United States,2021-01-26,Standard,701.45
1488,Ashley Sharma,ashley.sharma@corp.net,United States,2023-09-18,Standard,739.11
1489,Amanda Martin,amanda.martin@mail.io,United States,2024-10-31,Premium,4766.24
1490,Robert Moore,robert.moore@icloud.com,United Kingdom,2025-03-08,Standard,248.55
1491,Lucas Walker,lucas.walker@yahoo.com,France,2025-02-18,Standard,193.85
1492,Oliver Gonzalez,oliver.gonzalez@gmail.com,United States,2022-12-20,Standard,749.89
1493,Amanda Hernandez,amanda.hernandez1@gmail.com,Germany,2022-10-04,Standard,453.04
1494,Daniel Taylor,daniel.taylor@corp.net,United States,2020-07-08,Standard,206.69
1495,Mary Garcia,mary.garcia@corp.net,United States,2020-12-28,Standard,759.40
1496,Matthew Wilson,matthew.wilson@icloud.com,France,2023-11-22,Basic,5.45
1497,Ashley Wang,ashley.wang@hotmail.com,United States,2023-04-20,Premium,1191.37
1498,Jessica Garcia,jessica.garcia@gmail.com,United Kingdom,2021-02-07,Basic,185.81
1499,Thomas Clark,thomas.clark@outlook.com,United Kingdom,2020-12-05,Basic,97.04
1500,Ananya Rodriguez,ananya.rodriguez@hotmail.com,United Kingdom,2020-11-30,Basic,171.20
1501,Mia Moore,mia.moore1@mail.io,Canada,2024-03-14,Premium,4772.96
1502,Stephanie Sanchez,stephanie.sanchez@yahoo.com,United States,2022-10-29,Standard,640.86
1503,Rebecca Kumar,rebecca.kumar@company.com,United States,2020-10-05,Standard,715.23
1504,Lucas Clark,lucas.clark@outlook.com,Germany,2021-09-30,Basic,104.43
1505,Daniel Clark,daniel.clark1@gmail.com,United Kingdom,2023-12-02,Standard,759.06
1506,Mark Chen,mark.chen@gmail.com,United States,2023-02-23,Premium,1516.86
1507,Sarah Thompson,sarah.thompson@yahoo.com,United Kingdom,2020-08-02,Premium,4774.02
1508,Donald Singh,donald.singh@gmail.com,Australia,2022-03-01,Standard,544.03
1509,Mark White,mark.white@gmail.com,United Kingdom,2024-11-21,Standard,281.95
1510,Raj Mueller,raj.mueller@gmail.com,Germany,2021-03-29,Standard,486.66
1511,Joshua Mueller,joshua.mueller@company.com,Australia,2020-12-19,Standard,745.93
1512,Linda Garcia,linda.garcia@gmail.com,United States,2024-07-19,Standard,117.34
1513,Stephanie Kumar,stephanie.kumar@gmail.com,United States,2020-01-02,Basic,175.81
1514,Robert Nguyen,robert.nguyen@gmail.com,Germany,2023-07-12,Basic,43.19
1515,Daniel Clark,daniel.clark@icloud.com,United States,2020-08-10,Standard,411.84
1516,Barbara Williams,barbara.williams@company.com,India,2023-07-10,Basic,48.73
1517,Mary Rodriguez,mary.rodriguez@mail.io,United States,2023-12-19,Premium,2293.19
1518,Andrew Lewis,andrew.lewis@yahoo.com,United Kingdom,2022-07-03,Standard,771.66
1519,Lisa Wang,lisa.wang@company.com,United States,2023-04-25,Standard,297.59
1520,Noah White,noah.white@outlook.com,United Kingdom,2024-08-27,Standard,434.07
1521,James Nguyen,james.nguyen@hotmail.com,Germany,2022-07-01,Standard,694.08
1522,Sarah Sharma,sarah.sharma@corp.net,Germany,2021-10-02,Basic,74.78
1523,Ashley Ramirez,ashley.ramirez@outlook.com,Germany,2023-08-17,Standard,580.66
1524,Patricia Lopez,patricia.lopez1@gmail.com,United States,2021-08-02,Standard,485.54
1525,Donald Lee,donald.lee@mail.io,United States,2022-06-17,Standard,160.78
1526,Susan Martin,susan.martin@company.com,United States,2021-11-24,Standard,361.11
1527,Sharon Kumar,sharon.kumar@gmail.com,United States,2024-08-30,Premium,2000.82
1528,Sharon Nguyen,sharon.nguyen2@gmail.com,United States,2025-05-07,Basic,147.96
1529,Laura Singh,laura.singh@company.com,Canada,2023-05-23,Standard,219.51
1530,Andrew Williams,andrew.williams@hotmail.com,United Kingdom,2023-10-03,Basic,147.13
1531,Stephanie Thompson,stephanie.thompson@company.com,United States,2023-11-19,Standard,262.09
1532,Oliver Lewis,oliver.lewis@hotmail.com,United Kingdom,2024-04-05,Standard,592.92
1533,Linda Singh,linda.singh@outlook.com,France,2023-12-08,Standard,649.07
1534,Christopher Wang,christopher.wang@gmail.com,United Kingdom,2022-11-12,Standard,184.98
1535,Priya Taylor,priya.taylor@company.com,United States,2020-02-07,Standard,584.12
1536,Emma Mueller,emma.mueller@corp.net,Germany,2025-01-11,Standard,459.61
1537,Matthew Mueller,matthew.mueller@outlook.com,France,2022-03-12,Standard,724.16
1538,Stephanie Johnson,stephanie.johnson@company.com,France,2022-04-16,Standard,766.00
1539,Mary Martinez,mary.martinez1@gmail.com,United States,2020-12-28,Standard,284.63
1540,Raj Martinez,raj.martinez@company.com,Australia,2023-05-13,Standard,519.84
1541,Noah Ramirez,noah.ramirez@corp.net,India,2023-05-07,Basic,186.48
1542,Matthew Miller,matthew.miller@gmail.com,United Kingdom,2025-01-12,Basic,51.31
1543,Michael Sanchez,michael.sanchez@outlook.com,Canada,2024-05-09,Standard,222.56
1544,Amanda Williams,amanda.williams@icloud.com,Canada,2022-11-22,Standard,378.49
1545,Barbara Taylor,barbara.taylor1@gmail.com,Canada,2024-12-22,Standard,143.50
1546,Mark Mueller,mark.mueller1@gmail.com,France,2024-11-19,Premium,1640.12
1547,Elizabeth Thompson,elizabeth.thompson@hotmail.com,United Kingdom,2023-08-09,Premium,4895.48
1548,Thomas Sanchez,thomas.sanchez@mail.io,Canada,2025-01-30,Basic,135.03
1549,Elizabeth Brown,elizabeth.brown@mail.io,Canada,2020-02-21,Basic,16.52
1550,Anthony Lopez,anthony.lopez@mail.io,United States,2025-01-30,Premium,2299.37
1551,David Taylor,david.taylor@company.com,United Kingdom,2025-05-07,Standard,582.42
1552,Donald Johnson,donald.johnson@outlook.com,Germany,2022-08-08,Basic,82.72
1553,Sarah Taylor,sarah.taylor@mail.io,India,2020-08-20,Standard,381.62
1554,Emily Martin,emily.martin@gmail.com,France,2022-07-18,Premium,1322.27
1555,Richard Ramirez,richard.ramirez@yahoo.com,France,2023-02-19,Standard,509.35
1556,Mary Thomas,mary.thomas1@gmail.com,Canada,2021-08-16,Basic,164.62
1557,Emily Anderson,emily.anderson@yahoo.com,United States,2022-08-03,Premium,3814.50
1558,Sharon Kim,sharon.kim@hotmail.com,Germany,2022-06-07,Basic,132.96
1559,Anthony Davis,anthony.davis@mail.io,United Kingdom,2021-03-04,Standard,752.83
1560,David Harris,david.harris@outlook.com,United States,2020-01-02,Basic,173.22
1561,Michael Williams,michael.williams@outlook.com,Canada,2021-01-26,Basic,161.83
1562,Emily Hernandez,emily.hernandez@company.com,France,2024-01-19,Standard,64.36
1563,Jennifer Williams,jennifer.williams@gmail.com,India,2024-09-16,Standard,183.34
1564,Raj Taylor,raj.taylor@yahoo.com,United States,2021-01-20,Standard,308.89
1565,Daniel Martinez,daniel.martinez@outlook.com,United States,2021-09-23,Basic,142.71
1566,Christopher Taylor,christopher.taylor@gmail.com,United Kingdom,2021-01-30,Standard,770.98
1567,Mia Lopez,mia.lopez@gmail.com,United States,2024-06-18,Basic,27.49
1568,Ananya Sharma,ananya.sharma@gmail.com,Canada,2023-02-22,Basic,21.17
1569,Barbara Kim,barbara.kim@hotmail.com,Germany,2021-08-09,Standard,459.00
1570,Andrew Kim,andrew.kim@outlook.com,Canada,2020-03-05,Standard,368.72
1571,John Lee,john.lee@mail.io,United Kingdom,2020-09-20,Basic,1.70
1572,Lisa Perez,lisa.perez@hotmail.com,Germany,2021-07-16,Premium,1908.30
1573,Joshua Williams,joshua.williams1@mail.io,Germany,2022-05-21,Standard,90.37
1574,Robert Lewis,robert.lewis@yahoo.com,United States,2024-12-17,Basic,199.23
1575,Emma Ramirez,emma.ramirez@hotmail.com,United States,2025-02-26,Standard,284.75
1576,Emily Taylor,emily.taylor@yahoo.com,United Kingdom,2023-02-28,Premium,1551.14
1577,Steven Ramirez,steven.ramirez@gmail.com,United States,2020-02-12,Premium,2998.87
1578,Emma Chen,emma.chen1@mail.io,United States,2020-08-20,Standard,709.00
1579,Joshua Johnson,joshua.johnson@gmail.com,United States,2021-05-20,Standard,290.99
1580,Richard Williams,richard.williams@icloud.com,United States,2022-09-14,Basic,179.17
1581,Joseph Garcia,joseph.garcia@gmail.com,United Kingdom,2024-06-29,Standard,378.31
1582,Ananya Perez,ananya.perez1@yahoo.com,Australia,2025-05-20,Basic,43.75
1583,Daniel Hernandez,daniel.hernandez@yahoo.com,Canada,2022-04-12,Standard,295.04
1584,Laura Smith,laura.smith@yahoo.com,United Kingdom,2021-11-26,Standard,340.20
1585,Sharon Walker,sharon.walker@company.com,France,2024-10-14,Standard,734.25
1586,Ashley Davis,ashley.davis@gmail.com,India,2021-04-07,Basic,121.58
1587,Paul Kim,paul.kim1@gmail.com,United States,2021-11-26,Premium,3541.10
1588,Emily Mueller,emily.mueller@gmail.com,France,2022-01-17,Standard,57.20
1589,Lisa Sharma,lisa.sharma@outlook.com,Canada,2024-08-14,Premium,4728.25
1590,John Hernandez,john.hernandez@hotmail.com,United States,2022-03-03,Standard,50.51
1591,Andrew Chen,andrew.chen1@gmail.com,Australia,2023-03-26,Basic,186.53
1592,Stephanie Nguyen,stephanie.nguyen@gmail.com,United States,2024-01-12,Standard,173.50
1593,Susan Clark,susan.clark@gmail.com,United States,2023-01-23,Standard,624.80
1594,Ashley Smith,ashley.smith@mail.io,United States,2023-07-03,Standard,230.91
1595,Nancy Lopez,nancy.lopez@hotmail.com,United Kingdom,2022-06-23,Standard,154.04
1596,Nancy Sanchez,nancy.sanchez@gmail.com,Germany,2022-12-17,Standard,574.73
1597,Andrew Wang,andrew.wang@company.com,Canada,2020-02-14,Basic,195.72
1598,Sarah Jackson,sarah.jackson@mail.io,United States,2023-11-15,Standard,78.25
1599,Mary Chen,mary.chen@yahoo.com,Canada,2023-11-14,Basic,39.65
1600,James Lee,james.lee@corp.net,Germany,2022-06-25,Basic,85.36
1601,Paul Brown,paul.brown@gmail.com,France,2022-02-27,Standard,118.93
1602,Michael Jones,michael.jones@gmail.com,United States,2020-07-16,Basic,171.33
1603,Melissa Taylor,melissa.taylor@company.com,Germany,2020-02-20,Standard,504.05
1604,Michael Moore,michael.moore@outlook.com,India,2021-12-14,Standard,401.72
1605,Christopher Nguyen,christopher.nguyen@gmail.com,Canada,2023-06-20,Basic,5.66
1606,Ananya Martinez,ananya.martinez@company.com,India,2024-02-01,Basic,51.29
1607,Linda Smith,linda.smith@hotmail.com,Germany,2022-01-23,Standard,512.33
1608,Ananya Miller,ananya.miller@yahoo.com,United States,2021-01-13,Standard,82.58
1609,Joseph Sanchez,joseph.sanchez@outlook.com,United Kingdom,2020-01-19,Standard,289.70
1610,Mark Sharma,mark.sharma1@gmail.com,United Kingdom,2023-04-22,Standard,293.72
1611,Priya Ramirez,priya.ramirez@gmail.com,United States,2023-08-23,Basic,108.32
1612,Oliver Chen,oliver.chen@outlook.com,India,2022-04-22,Premium,3702.53
1613,Steven Jones,steven.jones@corp.net,United States,2023-01-22,Standard,603.52
1614,Kenneth Kumar,kenneth.kumar@company.com,India,2025-02-04,Standard,696.00
1615,Laura Martinez,laura.martinez@icloud.com,United States,2020-06-09,Standard,183.21
1616,Susan Sanchez,susan.sanchez@icloud.com,United States,2020-11-05,Standard,723.76
1617,Sarah Kim,sarah.kim@corp.net,Australia,2024-09-03,Premium,2759.47
1618,Paul Sharma,paul.sharma@outlook.com,Canada,2022-10-31,Standard,254.91
1619,Linda Singh,linda.singh@icloud.com,United States,2024-12-22,Standard,80.69
1620,Mark Williams,mark.williams@gmail.com,United Kingdom,2024-04-25,Standard,114.32
1621,Patricia Chen,patricia.chen@gmail.com,Germany,2021-12-18,Basic,102.31
1622,Emily Chen,emily.chen@gmail.com,United States,2024-09-24,Basic,50.46
1623,Thomas Patel,thomas.patel@outlook.com,United States,2021-11-29,Standard,607.99
1624,Noah Lopez,noah.lopez1@gmail.com,India,2023-04-10,Standard,720.74
1625,Christopher White,christopher.white@gmail.com,United States,2021-05-15,Standard,153.25
1626,Sharon Jones,sharon.jones@gmail.com,Germany,2020-03-28,Standard,596.78
1627,Ashley Wang,ashley.wang1@hotmail.com,India,2024-04-26,Standard,534.98
1628,Steven Gonzalez,steven.gonzalez@gmail.com,United Kingdom,2024-09-10,Basic,22.08
1629,Richard Thomas,richard.thomas@gmail.com,United Kingdom,2024-06-14,Premium,1190.87
1630,Christopher Johnson,christopher.johnson@company.com,India,2023-03-12,Standard,183.28
1631,Richard Taylor,richard.taylor@outlook.com,United States,2020-06-14,Standard,295.89
1632,Mark Jones,mark.jones@gmail.com,Germany,2023-01-22,Premium,2462.92
1633,Jennifer Perez,jennifer.perez@icloud.com,United States,2022-02-28,Standard,775.67
1634,Elizabeth Lopez,elizabeth.lopez@mail.io,United States,2020-11-09,Premium,3292.97
1635,Donald Thomas,donald.thomas1@gmail.com,Germany,2022-09-19,Basic,129.68
1636,Steven Patel,steven.patel@gmail.com,United States,2024-04-07,Basic,0.31
1637,Thomas Nguyen,thomas.nguyen@gmail.com,United States,2023-07-21,Premium,1654.38
1638,Jennifer Williams,jennifer.williams@outlook.com,United States,2023-09-08,Standard,611.35
1639,Christopher White,christopher.white@yahoo.com,United Kingdom,2021-12-10,Basic,107.57
1640,Jessica Kim,jessica.kim@gmail.com,Germany,2023-11-21,Premium,1614.65
1641,Jessica Walker,jessica.walker@gmail.com,United States,2024-03-27,Premium,647.60
1642,Sharon Smith,sharon.smith@outlook.com,United States,2021-11-05,Premium,3889.90
1643,Richard Taylor,richard.taylor@gmail.com,United Kingdom,2020-08-29,Standard,203.80
1644,Richard Chen,richard.chen@company.com,United States,2024-04-05,Basic,136.69
1645,Robert Martinez,robert.martinez@company.com,United States,2020-07-11,Basic,142.17
1646,William Walker,william.walker@yahoo.com,Canada,2021-04-26,Standard,290.79
1647,Mary Anderson,mary.anderson@outlook.com,United States,2024-12-19,Standard,628.75
1648,Patricia Lopez,patricia.lopez@outlook.com,Canada,2020-06-18,Standard,447.31
1649,Rebecca Sanchez,rebecca.sanchez@yahoo.com,United States,2023-02-13,Standard,759.76
1650,Oliver Lopez,oliver.lopez@mail.io,United States,2023-07-26,Premium,2569.09
1651,Nancy Nguyen,nancy.nguyen1@mail.io,United Kingdom,2023-05-23,Standard,483.81
1652,Mia Walker,mia.walker@mail.io,Canada,2022-01-11,Standard,136.56
1653,Paul Thompson,paul.thompson@icloud.com,United Kingdom,2023-03-08,Premium,4754.51
1654,Karen Thomas,karen.thomas@yahoo.com,United States,2021-05-01,Standard,713.45
1655,Ashley Nguyen,ashley.nguyen@gmail.com,France,2025-02-26,Standard,197.74
1656,Sofia Jones,sofia.jones@corp.net,United Kingdom,2022-09-08,Standard,450.66
1657,Robert Thomas,robert.thomas@hotmail.com,France,2025-01-25,Basic,163.19
1658,Laura Williams,laura.williams@gmail.com,India,2024-03-13,Standard,142.30
1659,Jessica Hernandez,jessica.hernandez@gmail.com,France,2023-08-19,Standard,190.51
1660,Sharon Hernandez,sharon.hernandez@gmail.com,Australia,2020-09-09,Standard,727.80
1661,Sharon Martinez,sharon.martinez@mail.io,United States,2020-08-25,Premium,4502.21
1662,Melissa Sharma,melissa.sharma@gmail.com,United Kingdom,2020-08-20,Standard,464.84
1663,Nancy Thomas,nancy.thomas@yahoo.com,United Kingdom,2025-03-09,Standard,59.08
1664,Lucas Taylor,lucas.taylor@mail.io,United States,2020-02-03,Premium,3996.60
1665,Kenneth Johnson,kenneth.johnson1@hotmail.com,Australia,2021-01-28,Basic,87.42
1666,Laura Clark,laura.clark1@gmail.com,United States,2022-03-18,Premium,4758.45
1667,Richard Jackson,richard.jackson@gmail.com,Canada,2023-05-04,Basic,41.13
1668,Thomas Jackson,thomas.jackson@yahoo.com,United States,2024-07-25,Standard,376.66
1669,Raj Kumar,raj.kumar@corp.net,Canada,2023-12-16,Premium,1318.60
1670,Steven Sharma,steven.sharma@icloud.com,India,2020-11-23,Standard,520.11
1671,Arjun Jackson,arjun.jackson@company.com,United States,2025-04-06,Basic,125.91
1672,Andrew Perez,andrew.perez@gmail.com,United States,2020-10-24,Standard,260.05
1673,Linda Jones,linda.jones@company.com,United States,2023-06-16,Premium,3199.85
1674,Sharon Anderson,sharon.anderson@outlook.com,Canada,2025-02-25,Standard,797.44
1675,Lisa Lee,lisa.lee@mail.io,United Kingdom,2023-10-13,Basic,98.51
1676,Joseph Johnson,joseph.johnson1@gmail.com,United States,2024-09-22,Basic,146.36
1677,Paul Martin,paul.martin@gmail.com,United States,2023-09-28,Premium,2079.92
1678,Oliver Harris,oliver.harris@yahoo.com,United States,2022-04-23,Basic,109.82
1679,Noah Brown,noah.brown@company.com,Canada,2024-05-22,Basic,54.83
1680,Matthew Nguyen,matthew.nguyen@gmail.com,Germany,2023-09-16,Standard,649.35
1681,Barbara Lee,barbara.lee@yahoo.com,Australia,2022-04-21,Standard,403.24
1682,Mia Miller,mia.miller@corp.net,United Kingdom,2022-01-12,Standard,60.75
1683,Daniel Gonzalez,daniel.gonzalez@company.com,France,2023-04-23,Standard,491.90
1684,Amanda Gonzalez,amanda.gonzalez@gmail.com,Germany,2020-10-24,Standard,571.37
1685,Michael Perez,michael.perez@gmail.com,Germany,2023-05-20,Basic,194.21
1686,Steven Sharma,steven.sharma@gmail.com,United States,2023-10-15,Standard,57.89
1687,Ashley White,ashley.white@mail.io,United States,2022-11-21,Basic,120.08
1688,Oliver Martinez,oliver.martinez@gmail.com,United States,2021-05-02,Standard,303.05
1689,Richard Anderson,richard.anderson1@gmail.com,India,2025-03-31,Standard,382.86
1690,Jessica Garcia,jessica.garcia1@gmail.com,India,2025-02-03,Basic,98.06
1691,Robert Thompson,robert.thompson@gmail.com,Germany,2024-02-20,Premium,1110.05
1692,Jessica Sanchez,jessica.sanchez@hotmail.com,United States,2021-06-26,Standard,463.06
1693,Patricia Walker,patricia.walker@company.com,Australia,2022-12-28,Premium,815.80
1694,Noah Wilson,noah.wilson1@gmail.com,United States,2023-06-01,Standard,758.21
1695,Andrew Harris,andrew.harris@gmail.com,Australia,2021-03-23,Basic,143.67
1696,Mary Lee,mary.lee@gmail.com,Canada,2023-11-27,Standard,559.68
1697,Ashley Sharma,ashley.sharma@gmail.com,United States,2023-03-04,Standard,643.53
1698,Steven Patel,steven.patel@yahoo.com,United States,2020-08-12,Premium,1393.83
1699,John Rodriguez,john.rodriguez@yahoo.com,United Kingdom,2023-07-21,Basic,115.29
1700,Elizabeth Anderson,elizabeth.anderson@icloud.com,United States,2022-11-04,Premium,3896.46
1701,Joseph Garcia,joseph.garcia@outlook.com,France,2024-08-20,Standard,629.21
1702,Patricia Sanchez,patricia.sanchez@corp.net,United States,2024-11-03,Standard,358.37
1703,Joshua Martinez,joshua.martinez@mail.io,India,2022-04-18,Standard,609.14
1704,Emily Patel,emily.patel@gmail.com,India,2022-06-12,Basic,39.12
1705,Daniel Davis,daniel.davis@corp.net,Germany,2021-02-03,Premium,4088.26
1706,William Gonzalez,william.gonzalez@hotmail.com,United States,2023-06-09,Basic,59.43
1707,Patricia Sharma,patricia.sharma@hotmail.com,United States,2024-01-21,Standard,491.26
1708,Lisa Singh,lisa.singh@gmail.com,United Kingdom,2023-01-26,Standard,706.18
1709,Paul Lopez,paul.lopez@outlook.com,United Kingdom,2021-12-22,Standard,757.65
1710,Lisa White,lisa.white@corp.net,Germany,2020-06-06,Standard,708.67
1711,Richard Hernandez,richard.hernandez@yahoo.com,France,2022-03-24,Standard,335.47
1712,Mark Wang,mark.wang@yahoo.com,United Kingdom,2024-10-27,Premium,1180.73
1713,Noah Sanchez,noah.sanchez@gmail.com,United States,2024-01-30,Basic,141.12
1714,Emily Ramirez,emily.ramirez@outlook.com,Germany,2021-07-05,Standard,50.53
1715,Lisa Lewis,lisa.lewis@mail.io,United States,2020-12-02,Premium,2210.23
1716,Christopher Kumar,christopher.kumar@gmail.com,Germany,2020-12-10,Standard,207.16
1717,Jessica Kumar,jessica.kumar@gmail.com,United States,2023-05-24,Standard,97.72
1718,Paul Robinson,paul.robinson@corp.net,United Kingdom,2023-03-20,Premium,1856.58
1719,John Rodriguez,john.rodriguez1@yahoo.com,Canada,2022-08-09,Basic,104.94
1720,Richard Robinson,richard.robinson@company.com,Germany,2025-05-09,Standard,478.44
1721,Ashley Gonzalez,ashley.gonzalez@gmail.com,Canada,2021-05-17,Standard,176.42
1722,Patricia Hernandez,patricia.hernandez@gmail.com,United States,2022-02-25,Basic,68.52
1723,Barbara Thomas,barbara.thomas@outlook.com,United States,2020-07-24,Standard,58.63
1724,James Nguyen,james.nguyen@yahoo.com,United Kingdom,2025-05-14,Premium,1407.21
1725,Ananya Brown,ananya.brown@gmail.com,United States,2025-05-02,Basic,3.46
1726,Jennifer Perez,jennifer.perez@gmail.com,India,2022-03-25,Basic,95.90
1727,Nancy Patel,nancy.patel1@company.com,Germany,2024-06-18,Standard,510.42
1728,Rebecca Walker,rebecca.walker@mail.io,Canada,2024-02-28,Basic,190.34
1729,Stephanie Martinez,stephanie.martinez@hotmail.com,United States,2021-10-30,Standard,267.40
1730,Daniel Sanchez,daniel.sanchez@mail.io,France,2020-03-07,Premium,4421.76
1731,Mark Singh,mark.singh@gmail.com,France,2022-11-18,Basic,91.58
1732,Ashley Robinson,ashley.robinson@corp.net,Germany,2021-11-12,Standard,606.87
1733,James Singh,james.singh@company.com,France,2022-05-05,Basic,0.31
1734,Mark Thompson,mark.thompson1@gmail.com,Australia,2024-11-17,Basic,153.59
1735,Nancy Walker,nancy.walker@gmail.com,United States,2025-05-03,Standard,197.08
1736,Anthony Jackson,anthony.jackson@mail.io,France,2024-01-12,Standard,549.28
1737,Michael Smith,michael.smith@hotmail.com,Australia,2023-08-14,Standard,303.46
1738,Emma Sharma,emma.sharma@outlook.com,France,2022-01-17,Premium,1363.89
1739,Rebecca Nguyen,rebecca.nguyen1@gmail.com,United States,2023-05-13,Standard,547.88
1740,Ashley Hernandez,ashley.hernandez@company.com,India,2024-04-07,Standard,70.97
1741,Christopher Garcia,christopher.garcia1@gmail.com,United States,2021-05-06,Standard,438.58
1742,Emma Ramirez,emma.ramirez@yahoo.com,Germany,2023-04-23,Standard,703.51
1743,Paul Harris,paul.harris@gmail.com,United States,2021-01-06,Standard,58.98
1744,Arjun Thompson,arjun.thompson@outlook.com,United Kingdom,2020-06-30,Standard,294.93
1745,Patricia Kumar,patricia.kumar1@gmail.com,United States,2023-10-06,Standard,619.34
1746,Linda Davis,linda.davis@mail.io,India,2020-03-09,Basic,112.45
1747,Karen Miller,karen.miller@gmail.com,Germany,2024-02-26,Premium,3776.52
1748,Barbara Perez,,United States,2022-09-11,Standard,69.61
1749,Mia Robinson,mia.robinson@gmail.com,United States,2021-02-21,Standard,761.33
1750,Amanda Thompson,amanda.thompson@hotmail.com,Australia,2023-02-10,Standard,757.20
1751,Andrew Anderson,andrew.anderson@gmail.com,United States,2023-06-07,Standard,382.69
1752,Ananya Davis,ananya.davis@gmail.com,India,2024-05-04,Standard,97.49
1753,John Miller,john.miller@yahoo.com,Canada,2020-10-02,Standard,210.73
1754,Stephanie Lewis,stephanie.lewis@gmail.com,United States,2024-09-30,Basic,18.78
1755,Raj Thompson,raj.thompson@company.com,United Kingdom,2020-06-20,Standard,159.03
1756,Steven White,steven.white@yahoo.com,United Kingdom,2020-02-29,Basic,79.53
1757,Andrew Wilson,andrew.wilson1@gmail.com,United States,2024-09-13,Standard,681.15
1758,Mark Martin,mark.martin@gmail.com,India,2024-10-30,Premium,2425.42
1759,Laura Sharma,laura.sharma@gmail.com,United States,2024-09-28,Standard,220.50
1760,Priya Chen,priya.chen2@gmail.com,United Kingdom,2025-04-28,Standard,548.11
1761,Karen Jackson,karen.jackson1@gmail.com,Canada,2024-03-31,Standard,523.10
1762,Patricia Perez,patricia.perez@gmail.com,United States,2020-12-04,Standard,466.47
1763,Jessica Wang,jessica.wang@icloud.com,United States,2020-11-30,Basic,14.74
1764,Mia Johnson,mia.johnson@mail.io,India,2024-06-10,Standard,400.55
1765,Matthew Rodriguez,matthew.rodriguez1@gmail.com,United Kingdom,2021-03-06,Standard,270.59
1766,Emily White,emily.white@yahoo.com,Canada,2021-11-07,Standard,454.16
1767,John Ramirez,john.ramirez@yahoo.com,United Kingdom,2020-02-18,Premium,888.27
1768,Lisa Miller,lisa.miller1@corp.net,Germany,2024-11-08,Basic,180.49
1769,Joseph Nguyen,joseph.nguyen@gmail.com,United States,2024-10-11,Standard,641.71
1770,Elizabeth Kumar,elizabeth.kumar1@gmail.com,Canada,2020-04-26,Standard,783.29
1771,Ashley Lewis,ashley.lewis@gmail.com,United States,2022-09-05,Basic,5.08
1772,Susan Singh,susan.singh@company.com,Germany,2020-06-12,Standard,485.55
1773,Stephanie Miller,stephanie.miller2@icloud.com,United Kingdom,2020-01-16,Standard,672.67
1774,Arjun Martinez,arjun.martinez@company.com,Canada,2021-07-29,Standard,154.48
1775,Matthew Harris,matthew.harris@gmail.com,United States,2023-12-20,Standard,484.93
1776,Joseph Moore,joseph.moore1@outlook.com,Canada,2020-02-13,Standard,185.89
1777,Emma Jackson,emma.jackson@outlook.com,United States,2022-04-19,Standard,136.87
1778,Joshua Brown,joshua.brown1@gmail.com,United States,2021-10-01,Basic,184.41
1779,Lisa Ramirez,lisa.ramirez@outlook.com,United States,2021-08-01,Basic,109.09
1780,Joshua Kumar,joshua.kumar@hotmail.com,Germany,2020-03-07,Standard,364.56
1781,Mark Kumar,mark.kumar@outlook.com,United States,2020-03-05,Premium,619.12
1782,Susan Brown,susan.brown@gmail.com,Germany,2023-07-01,Standard,685.70
1783,Priya Nguyen,priya.nguyen@gmail.com,Germany,2021-07-14,Basic,135.97
1784,Emma Walker,emma.walker@gmail.com,Germany,2022-08-28,Standard,710.52
1785,Steven Brown,steven.brown@gmail.com,United Kingdom,2023-05-20,Basic,192.69
1786,Mark Thomas,mark.thomas@company.com,France,2023-03-13,Standard,765.98
1787,Priya Rodriguez,priya.rodriguez@mail.io,United States,2020-07-21,Basic,140.11
1788,Laura Johnson,laura.johnson@corp.net,United States,2023-10-17,Basic,16.81
1789,Richard Garcia,richard.garcia@mail.io,United Kingdom,2024-09-14,Standard,194.79
1790,Linda Garcia,linda.garcia1@gmail.com,United States,2022-02-18,Standard,693.28
1791,Michael White,michael.white@company.com,United States,2021-09-11,Standard,715.23
1792,Stephanie Martin,stephanie.martin@yahoo.com,United States,2024-09-20,Standard,378.05
1793,Thomas Martin,thomas.martin@gmail.com,United States,2022-11-21,Standard,352.83
1794,Andrew Garcia,andrew.garcia@gmail.com,France,2023-03-03,Basic,44.69
1795,Paul Lopez,paul.lopez@gmail.com,Canada,2021-11-26,Standard,378.86
1796,William Rodriguez,william.rodriguez@gmail.com,United States,2024-05-13,Standard,702.40
1797,Sarah Anderson,sarah.anderson@corp.net,United States,2021-02-06,Basic,141.26
1798,Arjun Harris,arjun.harris@gmail.com,United Kingdom,2023-10-25,Standard,781.01
1799,Sharon Sanchez,sharon.sanchez@yahoo.com,Australia,2020-03-22,Basic,70.42
1800,Michael Anderson,michael.anderson@icloud.com,Canada,2021-03-15,Premium,1833.26
1801,Susan Chen,susan.chen@outlook.com,United Kingdom,2023-05-09,Standard,364.82
1802,Kenneth Hernandez,kenneth.hernandez@outlook.com,Canada,2022-07-13,Standard,219.12
1803,Susan Patel,susan.patel@yahoo.com,United Kingdom,2021-05-26,Standard,452.32
1804,Steven Nguyen,steven.nguyen@company.com,United Kingdom,2024-01-28,Premium,1249.26
1805,Sarah Mueller,sarah.mueller@icloud.com,India,2024-02-03,Standard,651.28
1806,Christopher Mueller,christopher.mueller@gmail.com,United States,2021-03-01,Basic,114.67
1807,Donald Rodriguez,donald.rodriguez@gmail.com,France,2020-10-16,Standard,745.10
1808,Thomas Walker,thomas.walker@hotmail.com,India,2022-09-29,Standard,53.39
1809,Michael Ramirez,michael.ramirez@gmail.com,Germany,2022-01-14,Standard,398.25
1810,Emma Hernandez,emma.hernandez@mail.io,United States,2024-03-09,Standard,236.82
1811,Steven Brown,steven.brown@outlook.com,Germany,2022-09-05,Premium,525.90
1812,Jessica Anderson,jessica.anderson1@gmail.com,India,2022-12-06,Premium,557.79
1813,Raj Thompson,raj.thompson@yahoo.com,Germany,2021-06-10,Standard,416.61
1814,Barbara Perez,barbara.perez@gmail.com,France,2023-05-20,Standard,83.40
1815,Amanda Clark,amanda.clark@yahoo.com,United States,2022-07-30,Standard,379.20
1816,William Sharma,william.sharma@outlook.com,India,2023-06-18,Standard,279.84
1817,Mark Moore,mark.moore@gmail.com,France,2020-12-20,Standard,719.08
1818,David Kim,david.kim@hotmail.com,United States,2022-01-04,Basic,156.24
1819,Rebecca Thomas,rebecca.thomas@gmail.com,United States,2023-03-23,Standard,635.66
1820,Christopher Ramirez,christopher.ramirez1@gmail.com,United States,2022-04-30,Basic,91.27
1821,Joshua Lee,joshua.lee@hotmail.com,Germany,2025-05-13,Basic,107.76
1822,Joseph White,joseph.white@mail.io,France,2023-09-20,Basic,66.42
1823,Robert Lee,robert.lee@gmail.com,United Kingdom,2021-11-29,Premium,4596.35
1824,Oliver Jackson,oliver.jackson@gmail.com,United Kingdom,2024-01-28,Standard,484.30
1825,Rebecca Clark,rebecca.clark@outlook.com,United Kingdom,2023-09-15,Standard,339.46
1826,Elizabeth Thompson,elizabeth.thompson@mail.io,United States,2021-11-08,Standard,355.44
1827,Susan Kumar,susan.kumar@gmail.com,United States,2022-01-17,Standard,746.21
1828,Ananya Taylor,ananya.taylor@icloud.com,United Kingdom,2022-08-26,Basic,46.68
1829,Emily White,emily.white@company.com,United Kingdom,2023-05-30,Standard,210.29
1830,Amanda Anderson,amanda.anderson@gmail.com,India,2023-10-10,Premium,4116.93
1831,Ananya Lewis,ananya.lewis@gmail.com,United Kingdom,2021-10-22,Standard,338.03
1832,Robert Johnson,robert.johnson@corp.net,France,2020-04-22,Basic,156.58
1833,Joshua Smith,joshua.smith@gmail.com,United States,2023-04-29,Premium,2508.91
1834,Richard Rodriguez,richard.rodriguez@icloud.com,United Kingdom,2022-06-08,Standard,294.21
1835,Daniel Rodriguez,daniel.rodriguez@corp.net,Australia,2023-07-05,Premium,4936.48
1836,Matthew Miller,matthew.miller@mail.io,United States,2024-01-17,Standard,736.90
1837,Kenneth Gonzalez,kenneth.gonzalez@company.com,United States,2025-03-27,Standard,407.89
1838,Emily Thompson,emily.thompson@gmail.com,Germany,2021-03-04,Basic,145.25
1839,Jessica White,jessica.white@mail.io,Germany,2024-05-09,Standard,283.62
1840,Ashley Singh,ashley.singh1@icloud.com,United Kingdom,2021-05-17,Standard,188.99
1841,Paul Anderson,paul.anderson@company.com,United States,2022-06-08,Basic,72.23
1842,Daniel Brown,daniel.brown@gmail.com,France,2022-12-23,Standard,657.09
1843,Susan Gonzalez,susan.gonzalez@company.com,United Kingdom,2023-05-20,Basic,28.84
1844,David Wilson,david.wilson@outlook.com,United States,2022-05-15,Standard,681.91
1845,Karen Harris,karen.harris@gmail.com,France,2022-11-20,Basic,10.87
1846,Laura Jones,laura.jones1@gmail.com,United Kingdom,2025-04-01,Standard,677.01
1847,John Nguyen,john.nguyen@gmail.com,United Kingdom,2020-04-16,Basic,147.57
1848,Christopher Johnson,christopher.johnson@gmail.com,Australia,2022-06-23,Standard,282.35
1849,Noah White,noah.white@gmail.com,France,2025-02-15,Standard,544.37
1850,Richard Brown,richard.brown@yahoo.com,United Kingdom,2024-06-26,Standard,357.20
1851,Patricia Davis,patricia.davis@mail.io,United Kingdom,2020-11-06,Standard,332.24
1852,Arjun Mueller,arjun.mueller@hotmail.com,Australia,2020-05-27,Standard,192.52
1853,Jessica Robinson,jessica.robinson@mail.io,India,2025-03-30,Standard,101.37
1854,Arjun Walker,arjun.walker@gmail.com,United States,2020-08-05,Standard,673.41
1855,Raj Thompson,raj.thompson@outlook.com,India,2020-07-29,Basic,142.88
1856,James Brown,james.brown@gmail.com,United Kingdom,2023-01-15,Standard,127.22
1857,Rebecca Anderson,rebecca.anderson@yahoo.com,Canada,2023-01-06,Basic,3.66
1858,Raj Mueller,raj.mueller@company.com,United States,2025-01-27,Standard,386.33
1859,Emma Nguyen,emma.nguyen@hotmail.com,United States,2025-05-24,Standard,403.30
1860,Steven Moore,steven.moore@outlook.com,Germany,2021-08-12,Standard,556.30
1861,Steven Rodriguez,steven.rodriguez@outlook.com,United States,2024-02-12,Standard,542.13
1862,Kenneth Rodriguez,kenneth.rodriguez@yahoo.com,United Kingdom,2023-04-06,Basic,45.85
1863,Anthony Rodriguez,anthony.rodriguez@hotmail.com,Germany,2021-08-07,Basic,90.20
1864,Thomas Anderson,thomas.anderson@yahoo.com,Germany,2020-03-30,Standard,458.05
1865,Jennifer Jackson,jennifer.jackson@gmail.com,United Kingdom,2021-11-27,Standard,226.76
1866,Susan Wang,susan.wang@hotmail.com,France,2021-04-19,Basic,42.53
1867,Andrew Patel,andrew.patel@gmail.com,United States,2023-02-13,Basic,55.91
1868,Barbara Gonzalez,barbara.gonzalez@yahoo.com,Australia,2022-12-17,Standard,440.20
1869,Patricia Thomas,patricia.thomas@yahoo.com,Germany,2024-10-13,Standard,398.61
1870,William Lopez,william.lopez@gmail.com,Germany,2021-10-15,Basic,106.31
1871,David Jackson,david.jackson@gmail.com,United Kingdom,2022-09-09,Standard,587.71
1872,Linda Lewis,linda.lewis@gmail.com,Canada,2020-10-06,Standard,766.70
1873,Mary Kumar,mary.kumar@hotmail.com,India,2021-10-20,Standard,497.04
1874,Thomas Gonzalez,thomas.gonzalez@gmail.com,United States,2021-07-26,Standard,339.15
1875,Arjun Patel,arjun.patel@gmail.com,Germany,2024-10-08,Basic,157.36
1876,Sofia Moore,sofia.moore@icloud.com,Australia,2025-01-12,Standard,115.03
1877,Susan Gonzalez,susan.gonzalez@hotmail.com,Australia,2023-05-04,Basic,173.45
1878,Oliver Chen,oliver.chen@yahoo.com,France,2023-10-08,Premium,1259.10
1879,Stephanie Hernandez,stephanie.hernandez@company.com,United Kingdom,2025-05-04,Standard,272.07
1880,Anthony Nguyen,anthony.nguyen@gmail.com,United States,2021-11-26,Standard,738.26
1881,Joseph Thomas,joseph.thomas@mail.io,Australia,2020-03-30,Standard,237.97
1882,Sharon Jones,sharon.jones@corp.net,United States,2022-07-25,Standard,474.20
1883,Steven Nguyen,steven.nguyen@outlook.com,United States,2021-01-01,Premium,3910.34
1884,Amanda Nguyen,amanda.nguyen1@yahoo.com,Germany,2024-11-17,Standard,141.07
1885,Kenneth Lewis,kenneth.lewis1@gmail.com,Australia,2020-04-05,Standard,483.15
1886,Andrew Garcia,andrew.garcia@company.com,Canada,2021-04-10,Standard,765.40
1887,James Robinson,james.robinson@gmail.com,India,2022-03-25,Standard,601.37
1888,Oliver Thomas,oliver.thomas@gmail.com,India,2021-03-24,Basic,82.65
1889,Thomas White,thomas.white@outlook.com,United Kingdom,2021-02-12,Premium,2277.70
1890,Sofia Perez,sofia.perez@gmail.com,Australia,2025-03-04,Basic,84.80
1891,Priya Chen,priya.chen@icloud.com,Australia,2023-06-16,Standard,523.26
1892,Christopher Sanchez,christopher.sanchez1@gmail.com,United States,2025-02-04,Standard,451.99
1893,David Brown,david.brown@yahoo.com,United States,2025-03-24,Basic,102.71
1894,Kenneth Chen,kenneth.chen@mail.io,United Kingdom,2022-03-20,Premium,652.17
1895,Mary Brown,mary.brown@outlook.com,United States,2022-04-29,Premium,2477.90
1896,Mark White,mark.white@mail.io,United States,2020-02-26,Standard,661.15
1897,Raj Perez,raj.perez@yahoo.com,United Kingdom,2020-07-08,Basic,63.04
1898,Thomas Brown,thomas.brown@corp.net,United States,2024-02-11,Standard,180.26
1899,Joseph Lopez,joseph.lopez@outlook.com,Australia,2023-09-19,Basic,93.44
1900,Lucas Lopez,lucas.lopez@gmail.com,France,2020-05-20,Standard,444.24
1901,Steven Harris,steven.harris@icloud.com,United States,2022-04-14,Standard,461.51
1902,Oliver Thomas,oliver.thomas@yahoo.com,Australia,2025-04-25,Premium,2037.81
1903,Mark Rodriguez,mark.rodriguez@gmail.com,United States,2022-04-19,Standard,354.47
1904,Elizabeth Smith,elizabeth.smith@mail.io,United States,2022-05-24,Basic,131.27
1905,Lisa Robinson,lisa.robinson@yahoo.com,United States,2024-10-16,Standard,411.19
1906,Joseph Garcia,joseph.garcia1@gmail.com,United States,2023-01-23,Standard,397.96
1907,Mary Garcia,mary.garcia1@gmail.com,Australia,2025-04-04,Standard,715.21
1908,Linda Wilson,linda.wilson@outlook.com,Germany,2021-12-20,Premium,3006.40
1909,Daniel Nguyen,daniel.nguyen@company.com,United States,2021-01-08,Standard,142.30
1910,Stephanie Martinez,stephanie.martinez@outlook.com,Germany,2021-04-05,Basic,9.11
1911,Christopher Patel,christopher.patel@outlook.com,United States,2025-02-25,Standard,270.20
1912,Barbara Williams,barbara.williams@gmail.com,Canada,2020-07-28,Standard,61.29
1913,Daniel Sharma,daniel.sharma@gmail.com,India,2025-01-14,Standard,79.90
1914,John Lee,john.lee@hotmail.com,United States,2020-12-18,Basic,182.76
1915,Barbara Wang,barbara.wang@gmail.com,India,2023-10-11,Standard,713.46
1916,Arjun Ramirez,arjun.ramirez1@gmail.com,France,2025-05-07,Basic,38.59
1917,Patricia Thompson,patricia.thompson1@gmail.com,United States,2024-12-18,Basic,139.39
1918,Stephanie Lopez,stephanie.lopez@gmail.com,United States,2024-12-15,Premium,587.73
1919,Emma Williams,emma.williams@yahoo.com,Canada,2022-10-17,Premium,1975.52
1920,Jessica Clark,jessica.clark@hotmail.com,United Kingdom,2022-05-30,Basic,81.83
1921,Susan Lewis,susan.lewis2@gmail.com,United States,2021-08-05,Basic,22.45
1922,Arjun Patel,arjun.patel@yahoo.com,Germany,2023-10-07,Basic,102.44
1923,Arjun Jackson,arjun.jackson@gmail.com,France,2025-05-06,Basic,173.26
1924,Sharon Taylor,sharon.taylor@corp.net,Canada,2020-02-28,Basic,152.40
1925,Mark Thomas,mark.thomas@hotmail.com,Canada,2022-04-02,Premium,2517.60
1926,Sharon Miller,sharon.miller@gmail.com,United States,2023-07-25,Basic,136.14
1927,James Robinson,james.robinson@corp.net,Canada,2022-11-05,Standard,316.75
1928,Mia Ramirez,mia.ramirez@gmail.com,Canada,2022-12-23,Premium,3050.21
1929,Richard Jackson,richard.jackson@company.com,United States,2021-11-10,Basic,71.12
1930,Noah Sanchez,noah.sanchez@yahoo.com,United States,2021-07-25,Standard,587.48
1931,Nancy Chen,nancy.chen1@corp.net,France,2021-11-28,Standard,269.32
1932,Mary Hernandez,mary.hernandez@gmail.com,United Kingdom,2020-11-18,Standard,219.66
1933,Jennifer Gonzalez,jennifer.gonzalez@gmail.com,Germany,2024-01-14,Standard,323.35
1934,Elizabeth Moore,elizabeth.moore@yahoo.com,United Kingdom,2020-03-19,Standard,409.16
1935,Nancy Harris,nancy.harris@gmail.com,France,2024-06-09,Standard,56.86
1936,Linda Anderson,linda.anderson1@outlook.com,United States,2020-07-12,Basic,69.59
1937,Lisa Nguyen,lisa.nguyen1@outlook.com,United States,2024-05-19,Premium,4691.71
1938,Noah Perez,noah.perez@gmail.com,France,2022-07-29,Standard,599.16
1939,Laura Singh,laura.singh@corp.net,France,2020-07-02,Basic,176.19
1940,William Taylor,william.taylor1@gmail.com,United States,2020-01-08,Standard,632.20
1941,Oliver Sanchez,oliver.sanchez@gmail.com,United States,2022-12-04,Premium,3607.18
1942,Thomas Davis,thomas.davis@company.com,United States,2021-11-01,Basic,68.48
1943,Robert Martin,robert.martin@hotmail.com,United States,2023-10-05,Standard,391.03
1944,Sarah Williams,sarah.williams@outlook.com,United States,2021-04-10,Basic,56.52
1945,James Sharma,james.sharma@icloud.com,France,2020-03-24,Standard,218.41
1946,Arjun Ramirez,arjun.ramirez@company.com,Germany,2023-04-22,Premium,1656.85
1947,Michael White,michael.white@gmail.com,United States,2023-10-11,Standard,363.03
1948,Jennifer Taylor,jennifer.taylor1@yahoo.com,Germany,2020-11-14,Standard,106.64
1949,James Hernandez,james.hernandez@yahoo.com,France,2020-01-18,Premium,3960.46
1950,James Singh,james.singh@gmail.com,United States,2020-10-17,Premium,616.50
1951,Linda Hernandez,linda.hernandez@outlook.com,United States,2023-02-02,Standard,355.56
1952,Steven Robinson,steven.robinson@gmail.com,United States,2020-03-26,Standard,526.97
1953,Kenneth Lopez,kenneth.lopez@gmail.com,United States,2023-02-23,Standard,654.45
1954,Raj Anderson,raj.anderson@outlook.com,United States,2020-04-24,Basic,141.10
1955,Richard Garcia,richard.garcia@icloud.com,United Kingdom,2023-08-22,Standard,481.63
1956,Jessica Lewis,jessica.lewis@yahoo.com,United States,2025-03-15,Basic,61.05
1957,Laura Miller,laura.miller@outlook.com,France,2021-06-12,Basic,182.37
1958,Arjun Taylor,arjun.taylor@gmail.com,United States,2021-02-09,Basic,196.54
1959,Rebecca Wilson,rebecca.wilson@mail.io,Canada,2025-01-08,Standard,562.22
1960,Andrew Wilson,andrew.wilson@corp.net,United Kingdom,2020-12-05,Standard,242.65
1961,Mark Ramirez,mark.ramirez@outlook.com,United States,2021-03-15,Standard,239.83
1962,Ashley Anderson,ashley.anderson@company.com,United States,2021-02-19,Basic,160.88
1963,Arjun Miller,arjun.miller@outlook.com,United States,2024-07-05,Basic,64.60
1964,Rebecca Sanchez,rebecca.sanchez1@yahoo.com,United States,2025-04-07,Premium,3427.81
1965,Kenneth Hernandez,kenneth.hernandez1@outlook.com,Canada,2022-03-18,Standard,119.36
1966,Sofia Singh,sofia.singh@gmail.com,India,2024-08-08,Basic,107.03
1967,Noah Rodriguez,noah.rodriguez@yahoo.com,United States,2020-08-11,Premium,587.68
1968,Sofia Moore,sofia.moore@outlook.com,United Kingdom,2024-12-09,Standard,615.90
1969,Paul Taylor,paul.taylor@icloud.com,United States,2020-06-30,Premium,1435.98
1970,Matthew Williams,matthew.williams@gmail.com,Germany,2022-07-10,Basic,102.73
1971,Emma Jones,emma.jones@gmail.com,United States,2021-08-04,Standard,331.32
1972,Michael Davis,michael.davis@mail.io,United States,2022-09-14,Basic,169.11
1973,Lisa Lewis,lisa.lewis@company.com,United States,2021-04-16,Basic,31.78
1974,Sarah Nguyen,sarah.nguyen@corp.net,United States,2022-11-21,Standard,283.93
1975,Mia Gonzalez,mia.gonzalez@mail.io,India,2021-06-03,Premium,3083.22
1976,Ananya Anderson,ananya.anderson@gmail.com,United States,2020-06-24,Standard,253.41
1977,Mia Sharma,mia.sharma1@hotmail.com,United States,2022-10-03,Basic,153.23
1978,Lisa Mueller,lisa.mueller@yahoo.com,United States,2020-08-03,Standard,337.39
1979,Thomas Johnson,thomas.johnson@icloud.com,Australia,2023-02-14,Basic,129.36
1980,John Lewis,john.lewis@company.com,United Kingdom,2025-02-24,Basic,55.63
1981,Elizabeth Chen,elizabeth.chen@yahoo.com,United States,2021-09-08,Standard,359.22
1982,Arjun Jackson,arjun.jackson@hotmail.com,Australia,2023-12-29,Standard,112.86
1983,Patricia Perez,patricia.perez@outlook.com,United States,2021-02-15,Basic,76.22
1984,Oliver Perez,oliver.perez@corp.net,India,2020-08-26,Premium,3531.88
1985,Kenneth Clark,kenneth.clark@yahoo.com,Canada,2022-04-13,Standard,419.76
1986,Mark Davis,mark.davis@mail.io,India,2024-08-10,Basic,187.39
1987,Mark Nguyen,mark.nguyen1@gmail.com,Australia,2021-12-26,Standard,695.40
1988,Ananya Singh,ananya.singh@yahoo.com,India,2023-05-16,Standard,759.03
1989,Emma Sharma,emma.sharma@hotmail.com,Canada,2024-05-17,Basic,155.17
1990,Mia Walker,mia.walker@corp.net,Germany,2024-06-26,Standard,372.42
1991,William Wilson,william.wilson@gmail.com,United States,2021-02-01,Basic,12.93
1992,Linda Robinson,linda.robinson@yahoo.com,United States,2022-08-18,Standard,165.82
1993,Ananya White,ananya.white@yahoo.com,France,2021-08-18,Basic,43.31
1994,Kenneth Williams,kenneth.williams@gmail.com,United States,2022-08-07,Standard,167.08
1995,Jennifer Perez,jennifer.perez@corp.net,United Kingdom,2020-03-24,Basic,89.74
1996,William Chen,william.chen@company.com,United States,2025-02-04,Standard,791.85
1997,Daniel Wilson,daniel.wilson1@outlook.com,India,2021-05-31,Basic,191.09
1998,Anthony Nguyen,anthony.nguyen1@gmail.com,United Kingdom,2021-02-18,Basic,184.47
1999,Arjun Sharma,arjun.sharma@yahoo.com,United Kingdom,2024-08-13,Standard,666.24
2000,Robert Kumar,robert.kumar@gmail.com,United Kingdom,2022-12-05,Premium,3172.19
2001,Mark Jones,mark.jones1@gmail.com,United States,2021-10-15,Standard,798.16
2002,Lisa Sanchez,lisa.sanchez1@mail.io,Germany,2023-12-07,Standard,223.26
2003,Kenneth Chen,kenneth.chen@outlook.com,United States,2022-05-03,Standard,796.58
2004,Linda Robinson,linda.robinson@outlook.com,United Kingdom,2020-07-21,Basic,151.64
2005,Jessica Clark,jessica.clark2@outlook.com,France,2023-03-20,Standard,453.47
2006,Priya Johnson,priya.johnson@icloud.com,France,2020-08-26,Basic,84.50
2007,Daniel Nguyen,daniel.nguyen@yahoo.com,United States,2021-02-21,Premium,1838.31
2008,Priya Gonzalez,priya.gonzalez@company.com,United States,2022-09-14,Standard,82.66
2009,Lisa Thompson,lisa.thompson@outlook.com,United States,2025-03-25,Premium,3329.98
2010,William Martinez,william.martinez@yahoo.com,France,2025-01-14,Basic,21.23
2011,Andrew Kumar,andrew.kumar@gmail.com,United States,2021-10-31,Standard,619.74
2012,Karen Martinez,karen.martinez@outlook.com,United Kingdom,2024-02-15,Premium,3307.10
2013,Richard Johnson,richard.johnson@icloud.com,France,2022-08-15,Premium,1843.07
2014,Raj Jones,raj.jones1@gmail.com,France,2024-08-31,Standard,401.09
2015,Stephanie Sharma,stephanie.sharma@company.com,Australia,2021-02-21,Standard,754.71
2016,Robert Ramirez,robert.ramirez@yahoo.com,France,2022-01-10,Standard,327.00
2017,Sarah Singh,sarah.singh@icloud.com,United Kingdom,2023-12-21,Standard,424.31
2018,Stephanie Jackson,stephanie.jackson@mail.io,United Kingdom,2023-11-15,Standard,492.73
2019,Richard Moore,richard.moore@gmail.com,France,2020-06-08,Standard,709.60
2020,William Gonzalez,william.gonzalez1@hotmail.com,Germany,2024-01-04,Standard,406.68
2021,Barbara Johnson,barbara.johnson@outlook.com,Germany,2024-07-23,Premium,2121.00
2022,Christopher Mueller,christopher.mueller@hotmail.com,United States,2020-01-01,Standard,441.40
2023,Linda Wang,linda.wang@gmail.com,United States,2021-05-02,Standard,657.61
2024,Ananya Johnson,ananya.johnson@corp.net,United States,2020-02-13,Standard,698.76
2025,Michael Wang,michael.wang@gmail.com,Australia,2021-04-08,Basic,37.08
2026,Elizabeth Jones,elizabeth.jones1@gmail.com,Germany,2022-04-02,Standard,406.61
2027,Priya Davis,priya.davis1@gmail.com,France,2024-09-24,Standard,142.67
2028,Anthony Wilson,anthony.wilson@yahoo.com,United Kingdom,2020-05-13,Premium,1808.32
2029,Sofia Davis,sofia.davis@icloud.com,Australia,2024-12-04,Standard,92.21
2030,Christopher Smith,christopher.smith@yahoo.com,Australia,2024-06-10,Basic,6.74
2031,Priya Gonzalez,priya.gonzalez@mail.io,United States,2024-07-01,Standard,601.57
2032,Elizabeth Lopez,elizabeth.lopez@company.com,United Kingdom,2020-12-30,Basic,5.14
2033,Ashley Patel,ashley.patel@mail.io,United Kingdom,2022-07-11,Premium,4010.99
2034,Ashley Clark,ashley.clark@mail.io,United Kingdom,2024-12-01,Standard,419.54
2035,Noah Jones,noah.jones1@gmail.com,United States,2023-11-20,Premium,927.33
2036,Thomas Brown,thomas.brown@company.com,United States,2024-04-28,Standard,706.08
2037,Linda Kim,linda.kim@company.com,United States,2023-02-25,Standard,157.40
2038,Jennifer Gonzalez,jennifer.gonzalez@company.com,Canada,2020-07-05,Standard,411.07
2039,Lisa Thomas,lisa.thomas@yahoo.com,United States,2023-03-25,Standard,599.82
2040,Joseph Clark,joseph.clark@hotmail.com,Australia,2021-08-14,Standard,397.10
2041,Noah Jones,noah.jones2@gmail.com,United States,2024-09-20,Standard,120.32
2042,Oliver Martin,oliver.martin@gmail.com,India,2021-08-15,Standard,202.20
2043,Melissa Lopez,melissa.lopez@yahoo.com,Germany,2020-02-19,Standard,366.27
2044,Matthew Taylor,matthew.taylor@company.com,United Kingdom,2020-05-10,Basic,79.19
2045,Arjun Wang,arjun.wang@gmail.com,Germany,2025-04-25,Standard,564.56
2046,Elizabeth Rodriguez,elizabeth.rodriguez@outlook.com,United States,2023-11-02,Basic,161.51
2047,William Taylor,william.taylor2@gmail.com,United Kingdom,2021-05-05,Standard,382.96
2048,Emma Chen,emma.chen@yahoo.com,United States,2025-02-05,Premium,581.32
2049,Michael Williams,michael.williams@gmail.com,United States,2023-04-17,Standard,761.18
2050,Mary Patel,mary.patel1@gmail.com,United Kingdom,2021-12-09,Basic,129.86
2051,Laura Perez,laura.perez@mail.io,United Kingdom,2021-01-29,Standard,331.73
2052,Donald Gonzalez,donald.gonzalez@gmail.com,United States,2022-05-05,Standard,272.50
2053,Sharon Harris,sharon.harris@gmail.com,United States,2024-10-09,Standard,232.99
2054,John Wang,john.wang@mail.io,United Kingdom,2020-06-09,Basic,47.50
2055,Lucas Garcia,lucas.garcia@company.com,United States,2020-10-24,Basic,137.45
2056,Robert Jackson,robert.jackson@hotmail.com,India,2024-04-22,Standard,762.60
2057,Patricia Davis,patricia.davis@yahoo.com,United Kingdom,2023-08-16,Premium,2507.35
2058,Thomas Davis,thomas.davis1@company.com,Germany,2022-08-10,Standard,548.41
2059,Jennifer Smith,jennifer.smith@hotmail.com,Germany,2022-05-23,Premium,4773.42
2060,Richard Davis,richard.davis@yahoo.com,United States,2022-01-06,Basic,163.11
2061,Daniel Williams,daniel.williams@hotmail.com,United States,2024-10-31,Standard,195.16
2062,Paul Jackson,paul.jackson@outlook.com,United States,2020-09-18,Standard,659.11
2063,Linda Singh,linda.singh1@outlook.com,United States,2023-09-06,Standard,167.74
2064,Michael Sharma,michael.sharma@corp.net,United Kingdom,2020-03-08,Standard,428.31
2065,Elizabeth Wang,elizabeth.wang@outlook.com,United Kingdom,2020-12-04,Standard,484.15
2066,Robert Johnson,robert.johnson@gmail.com,United States,2024-02-04,Standard,451.96
2067,Barbara Lopez,barbara.lopez@icloud.com,France,2020-11-03,Basic,151.52
2068,David Kumar,david.kumar@company.com,United States,2022-06-15,Premium,2687.77
2069,Sofia White,sofia.white@gmail.com,United States,2023-02-13,Standard,594.80
2070,Linda Hernandez,linda.hernandez1@outlook.com,Germany,2024-04-18,Standard,118.26
2071,Richard Kim,richard.kim@corp.net,Canada,2023-07-02,Basic,159.23
2072,Joseph Thompson,joseph.thompson@gmail.com,Germany,2025-03-07,Standard,218.30
2073,Sarah Moore,sarah.moore1@gmail.com,Germany,2021-11-27,Standard,332.24
2074,Raj Williams,raj.williams@yahoo.com,Germany,2022-09-14,Standard,105.27
2075,John Walker,john.walker@icloud.com,United States,2021-10-21,Basic,0.47
2076,Sharon Lopez,sharon.lopez@company.com,United States,2023-01-08,Basic,124.86
2077,Raj Garcia,raj.garcia@hotmail.com,United States,2022-05-29,Standard,497.10
2078,Elizabeth Lewis,elizabeth.lewis1@gmail.com,United States,2023-12-07,Standard,345.06
2079,Noah Kim,noah.kim@gmail.com,Australia,2024-09-30,Basic,10.81
2080,Sofia Mueller,sofia.mueller@yahoo.com,United States,2021-04-05,Premium,2964.39
2081,Noah Gonzalez,noah.gonzalez@gmail.com,United States,2023-03-20,Premium,3342.05
2082,John Taylor,john.taylor@gmail.com,United States,2024-10-10,Standard,569.83
2083,Oliver Rodriguez,oliver.rodriguez2@gmail.com,United Kingdom,2024-07-07,Basic,49.68
2084,Anthony Hernandez,anthony.hernandez@yahoo.com,Germany,2021-11-02,Standard,68.48
2085,Joseph Jones,joseph.jones@outlook.com,United States,2024-11-04,Standard,413.95
2086,David White,david.white@yahoo.com,United States,2023-09-08,Basic,118.25
2087,Andrew Wang,andrew.wang@hotmail.com,France,2020-05-09,Standard,50.65
2088,Stephanie Garcia,stephanie.garcia@outlook.com,United States,2020-02-27,Standard,763.40
2089,Mary Thompson,mary.thompson@icloud.com,Canada,2020-05-07,Standard,199.57
2090,Oliver Gonzalez,oliver.gonzalez1@gmail.com,United States,2020-08-16,Standard,413.78
2091,Karen Ramirez,karen.ramirez@outlook.com,United States,2024-06-24,Premium,2597.31
2092,Noah Jackson,,Germany,2022-03-18,Basic,196.71
2093,Sharon Martin,sharon.martin@yahoo.com,Germany,2021-11-25,Standard,648.85
2094,Paul Perez,paul.perez@gmail.com,Australia,2020-05-12,Basic,98.73
2095,Mia Kim,mia.kim2@outlook.com,Australia,2024-09-10,Standard,81.00
2096,Andrew Perez,andrew.perez@icloud.com,United States,2024-10-22,Standard,331.33
2097,Richard Garcia,richard.garcia@yahoo.com,United Kingdom,2021-11-12,Standard,386.70
2098,William Sanchez,william.sanchez@gmail.com,United States,2022-08-23,Standard,146.82
2099,Mia Jackson,mia.jackson@mail.io,United Kingdom,2022-08-21,Standard,451.43
2100,Ananya Nguyen,ananya.nguyen@mail.io,United States,2024-04-27,Standard,562.93
2101,Sofia Harris,sofia.harris@gmail.com,United Kingdom,2023-04-26,Basic,143.46
2102,Karen Martin,karen.martin@outlook.com,United States,2021-06-17,Premium,1667.42
2103,Rebecca Moore,rebecca.moore@yahoo.com,United States,2024-08-14,Basic,158.28
2104,Daniel Gonzalez,daniel.gonzalez@corp.net,United Kingdom,2024-09-07,Basic,122.40
2105,Michael Lewis,michael.lewis@gmail.com,Canada,2020-05-20,Premium,1807.15
2106,Rebecca Hernandez,rebecca.hernandez@corp.net,Australia,2022-01-23,Premium,2515.51
2107,Anthony Davis,anthony.davis@company.com,India,2023-10-04,Premium,2100.28
2108,Mark Gonzalez,mark.gonzalez@outlook.com,India,2023-07-21,Standard,453.50
2109,Christopher Martin,christopher.martin@hotmail.com,Germany,2020-09-01,Basic,155.03
2110,Daniel Clark,daniel.clark@hotmail.com,United Kingdom,2023-06-02,Premium,3392.92
2111,Christopher Gonzalez,christopher.gonzalez@gmail.com,Germany,2024-09-18,Basic,113.55
2112,Daniel Hernandez,daniel.hernandez@gmail.com,Germany,2020-09-14,Standard,370.38
2113,Raj Garcia,raj.garcia@corp.net,United Kingdom,2024-11-30,Standard,417.17
2114,David Johnson,david.johnson@yahoo.com,Canada,2023-02-19,Premium,4487.45
2115,Patricia Williams,patricia.williams@corp.net,France,2025-01-25,Standard,607.66
2116,Laura Chen,laura.chen@outlook.com,United Kingdom,2021-03-04,Premium,1000.53
2117,Matthew Smith,matthew.smith@icloud.com,United States,2020-02-11,Premium,3728.56
2118,Nancy Robinson,nancy.robinson@hotmail.com,Germany,2022-11-03,Standard,486.02
2119,Linda Harris,linda.harris@company.com,France,2020-11-08,Premium,3222.60
2120,Sharon Sharma,sharon.sharma@hotmail.com,Germany,2021-09-07,Premium,1077.95
2121,Mia Brown,mia.brown@outlook.com,France,2023-05-05,Basic,118.32
2122,Lisa Clark,lisa.clark@mail.io,United States,2025-05-23,Basic,17.49
2123,Nancy Gonzalez,nancy.gonzalez@mail.io,United Kingdom,2020-01-31,Premium,898.26
2124,Rebecca Jackson,rebecca.jackson@corp.net,United States,2023-08-10,Premium,942.40
2125,Sofia Sharma,sofia.sharma@company.com,Australia,2022-11-22,Basic,71.57
2126,Ashley Taylor,ashley.taylor1@company.com,France,2020-03-21,Standard,730.83
2127,Raj Hernandez,raj.hernandez@yahoo.com,United States,2023-04-21,Standard,594.08
2128,William Harris,william.harris@yahoo.com,United States,2023-08-20,Premium,2986.93
2129,Rebecca Wilson,rebecca.wilson1@mail.io,United Kingdom,2023-03-28,Standard,122.63
2130,Thomas Thomas,thomas.thomas@outlook.com,United States,2021-03-27,Basic,88.02
2131,Noah White,noah.white@corp.net,United States,2020-03-16,Standard,572.98
2132,Stephanie Sharma,stephanie.sharma1@gmail.com,United Kingdom,2023-07-27,Standard,764.47
2133,Jessica Rodriguez,jessica.rodriguez@gmail.com,Germany,2021-08-12,Basic,123.92
2134,Ashley Miller,ashley.miller@icloud.com,United States,2022-09-02,Standard,586.45
2135,Mia Thompson,mia.thompson@gmail.com,United States,2023-09-28,Standard,292.29
2136,Anthony Clark,anthony.clark@outlook.com,Canada,2020-05-03,Basic,17.86
2137,Lisa Anderson,lisa.anderson@hotmail.com,France,2020-07-28,Standard,791.55
2138,Ashley Perez,ashley.perez1@gmail.com,France,2023-07-24,Basic,61.46
2139,Emily Williams,emily.williams@outlook.com,Germany,2023-04-11,Standard,107.70
2140,Christopher Kim,christopher.kim@outlook.com,United States,2024-03-21,Standard,295.28
2141,Mark White,mark.white1@gmail.com,United States,2020-04-20,Standard,442.18
2142,Joshua Thomas,joshua.thomas@outlook.com,United States,2022-08-08,Premium,3774.44
2143,Mia Moore,mia.moore1@yahoo.com,Canada,2021-05-15,Basic,70.42
2144,Nancy Lee,nancy.lee1@gmail.com,India,2022-08-21,Standard,688.58
2145,Emma Nguyen,emma.nguyen@yahoo.com,Germany,2025-03-14,Standard,209.72
2146,Ashley Robinson,ashley.robinson@hotmail.com,France,2024-09-25,Standard,182.81
2147,Oliver Robinson,oliver.robinson@gmail.com,United States,2024-02-04,Standard,267.61
2148,Priya Moore,priya.moore@mail.io,United Kingdom,2023-08-03,Standard,435.37
2149,Stephanie Kumar,stephanie.kumar1@mail.io,United Kingdom,2024-05-30,Standard,419.21
2150,Donald Singh,donald.singh1@gmail.com,United States,2023-09-02,Standard,59.66
2151,Patricia Nguyen,patricia.nguyen@mail.io,Germany,2021-03-05,Standard,375.74
2152,Patricia Lopez,patricia.lopez2@gmail.com,United States,2022-01-20,Standard,228.85
2153,Ananya Williams,ananya.williams@yahoo.com,United States,2020-04-27,Standard,700.90
2154,James Perez,james.perez@outlook.com,United States,2022-02-05,Standard,288.27
2155,Matthew Smith,matthew.smith@gmail.com,France,2020-02-06,Standard,687.19
2156,William Johnson,william.johnson1@yahoo.com,United Kingdom,2023-07-26,Basic,93.38
2157,Sarah Ramirez,sarah.ramirez@gmail.com,United States,2023-10-29,Premium,824.97
2158,Ashley Brown,ashley.brown@company.com,Australia,2023-01-29,Basic,132.14
2159,James Singh,james.singh@hotmail.com,United States,2022-12-13,Standard,557.59
2160,Karen Davis,karen.davis@mail.io,United Kingdom,2022-03-07,Standard,215.98
2161,David Williams,david.williams@gmail.com,United States,2023-09-21,Standard,486.68
2162,Arjun Walker,arjun.walker@yahoo.com,United Kingdom,2024-01-03,Premium,4783.65
2163,Paul Walker,paul.walker@mail.io,United States,2024-11-11,Basic,38.61
2164,Stephanie Moore,stephanie.moore@gmail.com,United States,2021-11-15,Standard,167.93
2165,Paul Wilson,paul.wilson@gmail.com,United States,2022-08-15,Premium,1338.50
2166,Joseph Jackson,joseph.jackson@hotmail.com,United States,2020-02-27,Standard,492.07
2167,Sofia Hernandez,sofia.hernandez@icloud.com,Australia,2020-06-10,Basic,3.54
2168,Oliver Rodriguez,oliver.rodriguez1@mail.io,United Kingdom,2020-09-16,Standard,198.94
2169,Karen Anderson,karen.anderson@company.com,United States,2023-04-06,Basic,35.46
2170,Christopher White,christopher.white1@gmail.com,United States,2025-04-21,Premium,1890.78
2171,Sarah Taylor,sarah.taylor@hotmail.com,United States,2022-05-02,Standard,738.37
2172,Priya Thompson,priya.thompson@gmail.com,United States,2021-03-22,Basic,16.61
2173,Emma Patel,emma.patel@yahoo.com,United Kingdom,2024-02-19,Standard,626.02
2174,John Singh,john.singh@gmail.com,Canada,2021-07-31,Standard,118.95
2175,Steven Lewis,steven.lewis@company.com,Australia,2021-09-03,Premium,1870.64
2176,Noah Moore,noah.moore1@gmail.com,United States,2021-08-30,Basic,14.65
2177,Arjun Moore,arjun.moore@yahoo.com,United States,2022-11-15,Premium,4212.23
2178,David Gonzalez,david.gonzalez1@icloud.com,United States,2022-02-08,Basic,193.37
2179,Melissa Martin,melissa.martin@gmail.com,United States,2025-05-19,Standard,56.73
2180,Matthew Hernandez,matthew.hernandez@yahoo.com,France,2022-04-21,Premium,1764.75
2181,Joshua Singh,joshua.singh@outlook.com,Australia,2024-07-19,Standard,258.28
2182,Priya Jackson,priya.jackson@outlook.com,Canada,2023-11-13,Standard,672.37
2183,Andrew Mueller,andrew.mueller@gmail.com,India,2021-06-19,Basic,57.52
2184,Barbara Kim,barbara.kim@company.com,United States,2020-01-31,Standard,684.80
2185,Sarah Singh,sarah.singh@hotmail.com,United States,2020-09-20,Standard,475.79
2186,William Williams,william.williams@icloud.com,United States,2022-08-09,Basic,109.63
2187,Oliver Rodriguez,oliver.rodriguez2@mail.io,France,2024-10-26,Basic,182.45
2188,Amanda Jackson,amanda.jackson@company.com,Australia,2023-09-28,Premium,754.32
2189,Linda Gonzalez,linda.gonzalez@gmail.com,Canada,2022-09-18,Premium,2540.92
2190,Melissa Davis,melissa.davis1@gmail.com,United States,2020-02-27,Standard,681.78
2191,Susan Clark,susan.clark1@gmail.com,Australia,2024-05-16,Standard,355.32
2192,Elizabeth Lewis,elizabeth.lewis2@gmail.com,Canada,2023-11-27,Standard,242.39
2193,Stephanie Mueller,stephanie.mueller@gmail.com,Germany,2023-12-16,Basic,162.24
2194,Mia Smith,mia.smith@hotmail.com,United States,2020-09-11,Standard,294.10
2195,Joseph Garcia,joseph.garcia@icloud.com,United Kingdom,2023-08-06,Standard,180.18
2196,Ananya Sanchez,ananya.sanchez@company.com,France,2021-08-03,Standard,412.08
2197,Mary Martinez,mary.martinez@hotmail.com,Germany,2022-07-22,Premium,3172.06
2198,Amanda Thompson,amanda.thompson@outlook.com,France,2024-05-28,Standard,147.96
2199,Laura Patel,laura.patel@mail.io,United States,2023-02-13,Standard,84.26
2200,Anthony Clark,anthony.clark@icloud.com,Australia,2024-01-20,Standard,727.42
2201,Mark Clark,mark.clark1@gmail.com,United Kingdom,2023-05-10,Standard,253.73
2202,Emma Smith,emma.smith2@gmail.com,Canada,2023-08-10,Basic,141.02
2203,Jennifer Lewis,jennifer.lewis@company.com,Germany,2021-12-24,Premium,4551.65
2204,Karen Mueller,karen.mueller@gmail.com,United States,2022-09-24,Standard,792.10
2205,Lisa Davis,lisa.davis@gmail.com,Germany,2024-05-12,Standard,457.76
2206,Kenneth Hernandez,kenneth.hernandez@mail.io,United Kingdom,2022-02-08,Standard,677.95
2207,Sarah White,sarah.white@gmail.com,Canada,2022-12-07,Basic,36.72
2208,Christopher Brown,christopher.brown@outlook.com,France,2022-01-23,Standard,443.08
2209,Mia Williams,mia.williams@gmail.com,Australia,2020-03-06,Premium,2653.40
2210,Mark Gonzalez,mark.gonzalez@gmail.com,United States,2024-12-18,Standard,166.99
2211,Michael Singh,michael.singh1@outlook.com,Canada,2021-10-24,Standard,424.73
2212,Rebecca Anderson,rebecca.anderson@mail.io,France,2023-07-08,Standard,754.09
2213,Anthony Mueller,anthony.mueller1@yahoo.com,India,2022-10-12,Standard,269.62
2214,Priya Garcia,priya.garcia@outlook.com,United States,2020-11-03,Standard,239.65
2215,Kenneth Chen,kenneth.chen@gmail.com,France,2024-12-22,Basic,18.07
2216,Paul Davis,paul.davis@mail.io,Germany,2021-06-05,Standard,619.06
2217,Jennifer Taylor,jennifer.taylor@gmail.com,Germany,2022-01-10,Premium,2542.58
2218,Noah Taylor,noah.taylor@corp.net,Canada,2023-09-30,Basic,132.46
2219,John Mueller,john.mueller@outlook.com,India,2024-12-19,Basic,120.73
2220,Laura Kumar,laura.kumar@gmail.com,United States,2025-05-22,Basic,80.84
2221,Thomas Jones,thomas.jones@mail.io,Germany,2020-07-11,Basic,62.42
2222,Jennifer Perez,jennifer.perez@mail.io,Germany,2023-01-30,Standard,623.30
2223,Lisa Martinez,lisa.martinez@corp.net,United Kingdom,2020-03-30,Premium,2528.68
2224,Anthony Thompson,anthony.thompson@company.com,United Kingdom,2022-06-26,Basic,84.89
2225,Laura Johnson,laura.johnson@company.com,United States,2023-11-06,Standard,378.30
2226,Stephanie Wilson,stephanie.wilson@company.com,France,2023-02-09,Premium,3388.83
2227,Mary Taylor,mary.taylor@outlook.com,Australia,2024-01-20,Basic,139.53
2228,Joshua Lewis,joshua.lewis@icloud.com,United States,2020-01-20,Standard,733.60
2229,Daniel Johnson,daniel.johnson@icloud.com,United Kingdom,2021-02-20,Basic,116.60
2230,David Smith,david.smith1@gmail.com,India,2023-03-02,Basic,96.68
2231,Susan Jackson,susan.jackson@corp.net,United Kingdom,2024-03-13,Premium,810.54
2232,John Rodriguez,john.rodriguez@hotmail.com,United States,2021-12-09,Premium,2014.88
2233,Lucas Jackson,lucas.jackson@gmail.com,Germany,2021-04-11,Standard,555.70
2234,Daniel Walker,daniel.walker@hotmail.com,United States,2025-02-13,Premium,1983.64
2235,Anthony Jones,anthony.jones1@company.com,Canada,2021-03-05,Standard,186.02
2236,Joshua Mueller,joshua.mueller1@company.com,India,2021-12-20,Standard,406.72
2237,Joshua Garcia,joshua.garcia@gmail.com,United States,2021-07-12,Basic,154.81
2238,Sofia Nguyen,sofia.nguyen@gmail.com,Germany,2020-04-25,Standard,497.43
2239,Emily Davis,emily.davis@gmail.com,United Kingdom,2020-06-12,Basic,160.70
2240,William Davis,william.davis@gmail.com,Germany,2022-05-29,Standard,445.06
2241,Karen Kim,karen.kim@gmail.com,France,2022-02-15,Standard,414.34
2242,James Taylor,james.taylor@outlook.com,Canada,2021-08-15,Standard,760.18
2243,Daniel Lee,daniel.lee1@gmail.com,United States,2020-11-11,Standard,396.67
2244,Mia Kumar,mia.kumar@gmail.com,United States,2020-02-17,Premium,1335.12
2245,Kenneth Chen,kenneth.chen1@outlook.com,United States,2021-12-28,Premium,965.29
2246,Amanda Ramirez,amanda.ramirez@hotmail.com,United States,2022-07-03,Standard,671.40
2247,Arjun Rodriguez,arjun.rodriguez@company.com,United States,2020-09-17,Standard,73.54
2248,William Clark,william.clark@gmail.com,United States,2023-09-13,Basic,185.50
2249,Jennifer Moore,jennifer.moore@gmail.com,Germany,2024-04-28,Premium,3321.91
2250,Anthony Moore,anthony.moore@outlook.com,Germany,2020-07-11,Premium,512.43
2251,Donald Ramirez,donald.ramirez@hotmail.com,Germany,2021-09-24,Basic,27.18
2252,Priya White,priya.white1@gmail.com,Germany,2020-02-08,Premium,1347.20
2253,Lucas Johnson,lucas.johnson1@gmail.com,United States,2023-08-03,Standard,206.13
2254,Michael Thomas,michael.thomas@corp.net,Germany,2021-03-25,Premium,1224.29
2255,Jennifer Sharma,jennifer.sharma@gmail.com,United States,2020-02-13,Basic,57.56
2256,Anthony Lee,anthony.lee@corp.net,Australia,2023-10-23,Basic,57.93
2257,Mary Patel,mary.patel2@gmail.com,United States,2023-07-09,Basic,159.67
2258,Noah Robinson,noah.robinson@icloud.com,United States,2022-12-17,Basic,79.96
2259,Amanda Thomas,amanda.thomas@gmail.com,United Kingdom,2024-05-25,Standard,709.14
2260,Laura Lopez,laura.lopez@gmail.com,United States,2020-03-31,Standard,52.78
2261,Amanda Harris,amanda.harris@yahoo.com,United States,2022-11-10,Standard,748.33
2262,Donald Hernandez,donald.hernandez@outlook.com,India,2023-08-17,Standard,313.29
2263,Oliver Johnson,oliver.johnson@gmail.com,Australia,2020-04-22,Premium,2355.78
2264,William Kumar,william.kumar@company.com,United States,2022-02-14,Basic,175.30
2265,Michael Rodriguez,michael.rodriguez@icloud.com,France,2022-12-25,Premium,2343.10
2266,Mia Davis,mia.davis1@gmail.com,India,2023-04-07,Standard,548.61
2267,Paul Mueller,paul.mueller@gmail.com,Canada,2024-06-30,Standard,721.36
2268,Rebecca Patel,rebecca.patel@icloud.com,United States,2021-01-01,Basic,171.07
2269,Ananya Thomas,ananya.thomas@gmail.com,Germany,2023-07-20,Premium,2200.71
2270,Joshua Martin,joshua.martin@corp.net,Australia,2020-02-12,Basic,62.68
2271,John Chen,john.chen@gmail.com,United States,2024-03-14,Standard,363.40
2272,Melissa Thompson,melissa.thompson@gmail.com,Canada,2020-06-05,Standard,123.85
2273,Anthony Jones,anthony.jones2@company.com,United States,2020-10-15,Standard,673.46
2274,Oliver Johnson,oliver.johnson@mail.io,United States,2023-08-26,Basic,14.64
2275,Priya Jackson,priya.jackson1@outlook.com,United States,2024-09-30,Standard,100.51
2276,Barbara Williams,barbara.williams@outlook.com,Germany,2021-06-03,Standard,528.66
2277,Kenneth Lewis,kenneth.lewis@corp.net,Germany,2022-02-05,Basic,3.97
2278,Anthony Taylor,anthony.taylor@outlook.com,United States,2024-08-24,Standard,392.59
2279,Joshua Sharma,joshua.sharma@mail.io,United States,2022-05-24,Premium,933.39
2280,Rebecca Garcia,rebecca.garcia1@icloud.com,Canada,2024-06-17,Basic,138.54
2281,Emma Singh,emma.singh@hotmail.com,United States,2023-08-08,Standard,529.98
2282,Jennifer Sanchez,jennifer.sanchez@corp.net,Canada,2021-03-30,Standard,284.30
2283,Kenneth Jones,kenneth.jones@company.com,United Kingdom,2021-07-08,Basic,184.63
2284,Sarah Moore,sarah.moore2@gmail.com,United States,2024-06-01,Basic,28.81
2285,Richard Smith,richard.smith@company.com,Germany,2022-06-23,Standard,717.41
2286,Steven Clark,steven.clark@yahoo.com,United States,2023-08-01,Standard,128.12
2287,Patricia White,patricia.white@gmail.com,India,2022-12-17,Basic,48.02
2288,Emma Jackson,emma.jackson1@outlook.com,India,2022-09-16,Basic,183.96
2289,Raj Brown,raj.brown1@gmail.com,United States,2024-10-22,Premium,3262.98
2290,Emma Miller,emma.miller@gmail.com,United States,2022-03-09,Premium,785.27
2291,Matthew Lopez,matthew.lopez@hotmail.com,France,2022-06-26,Standard,671.37
2292,Anthony Wilson,anthony.wilson1@yahoo.com,United States,2024-07-12,Standard,359.39
2293,Ananya Johnson,ananya.johnson@outlook.com,United Kingdom,2022-06-07,Standard,552.50
2294,Sarah Jackson,sarah.jackson1@mail.io,United States,2022-10-21,Standard,747.05
2295,Steven Ramirez,steven.ramirez1@gmail.com,United States,2021-07-20,Standard,765.77
2296,Karen Johnson,karen.johnson@gmail.com,Germany,2022-01-27,Basic,179.37
2297,Jennifer Kumar,jennifer.kumar@outlook.com,United States,2023-07-26,Basic,160.19
2298,Rebecca Gonzalez,rebecca.gonzalez@mail.io,India,2021-07-23,Basic,176.49
2299,Donald Mueller,donald.mueller@company.com,United States,2024-03-02,Standard,146.71
2300,Joseph Davis,joseph.davis@company.com,Canada,2023-12-14,Standard,738.19
2301,Barbara Perez,barbara.perez@hotmail.com,United States,2025-05-08,Standard,63.68
2302,Priya Lewis,priya.lewis@gmail.com,United States,2022-01-10,Standard,691.87
2303,Joshua Kumar,joshua.kumar1@hotmail.com,United Kingdom,2022-01-17,Standard,314.36
2304,Jessica Walker,jessica.walker@yahoo.com,United States,2025-01-15,Basic,192.79
2305,Karen Martin,karen.martin@yahoo.com,United States,2025-05-21,Standard,497.25
2306,Laura Perez,laura.perez1@gmail.com,Canada,2022-12-13,Basic,167.22
2307,Karen Wang,karen.wang@corp.net,United States,2024-05-28,Premium,2548.31
2308,Ananya Kumar,ananya.kumar@hotmail.com,France,2022-03-09,Standard,601.83
2309,Patricia Wilson,patricia.wilson@outlook.com,Canada,2025-02-01,Basic,132.60
2310,Joseph Chen,joseph.chen@gmail.com,United States,2021-05-14,Standard,772.40
2311,Lisa Garcia,lisa.garcia@hotmail.com,France,2021-03-30,Standard,433.25
2312,Kenneth Clark,kenneth.clark@company.com,United States,2024-02-05,Standard,239.52
2313,Susan Moore,susan.moore@hotmail.com,United States,2021-01-13,Standard,684.57
2314,Michael Moore,michael.moore1@gmail.com,Australia,2023-07-21,Basic,17.52
2315,Elizabeth Sanchez,elizabeth.sanchez@yahoo.com,United Kingdom,2024-04-19,Standard,777.53
2316,Karen Patel,karen.patel@gmail.com,United Kingdom,2024-07-05,Standard,796.19
2317,Raj Lopez,raj.lopez@hotmail.com,United Kingdom,2023-08-31,Standard,407.16
2318,Sharon White,,Germany,2023-06-01,Basic,4.03
2319,Barbara Nguyen,barbara.nguyen@company.com,United States,2024-07-10,Basic,59.82
2320,Barbara Nguyen,barbara.nguyen@outlook.com,United Kingdom,2023-07-29,Standard,70.29
2321,David Anderson,david.anderson1@gmail.com,Germany,2020-06-18,Basic,55.46
2322,John Singh,john.singh1@gmail.com,Germany,2023-09-07,Standard,501.82
2323,Noah Moore,noah.moore2@gmail.com,Australia,2020-09-23,Standard,285.11
2324,Patricia Rodriguez,patricia.rodriguez@yahoo.com,Canada,2024-03-24,Standard,498.06
2325,Patricia Johnson,patricia.johnson@outlook.com,United States,2024-05-29,Standard,658.62
2326,Daniel Rodriguez,daniel.rodriguez@yahoo.com,United States,2024-05-23,Premium,1072.88
2327,Oliver Johnson,oliver.johnson1@mail.io,France,2022-08-07,Standard,143.02
2328,Joshua Thompson,joshua.thompson@gmail.com,France,2022-03-30,Premium,2295.56
2329,Mary Ramirez,mary.ramirez@yahoo.com,United States,2020-04-29,Standard,495.06
2330,Noah Lewis,noah.lewis@gmail.com,France,2021-03-18,Standard,54.37
2331,Jennifer Patel,jennifer.patel@outlook.com,United States,2020-10-07,Premium,4260.60
2332,Oliver Moore,oliver.moore@mail.io,Germany,2022-02-20,Standard,73.28
2333,Susan Sharma,susan.sharma@company.com,United States,2022-02-05,Basic,31.19
2334,Elizabeth Anderson,elizabeth.anderson1@icloud.com,United Kingdom,2021-03-27,Standard,550.89
2335,Robert Sanchez,robert.sanchez@company.com,India,2023-10-30,Basic,84.81
2336,Nancy Gonzalez,nancy.gonzalez@gmail.com,Germany,2020-10-30,Premium,3849.73
2337,Matthew Thomas,matthew.thomas@mail.io,Germany,2024-04-08,Standard,532.01
2338,David Nguyen,david.nguyen@gmail.com,Germany,2020-11-20,Premium,2595.68
2339,Lisa Wang,lisa.wang@outlook.com,Germany,2022-01-14,Premium,4658.06
2340,Emma Robinson,emma.robinson@icloud.com,India,2022-02-14,Premium,1611.77
2341,Noah Miller,noah.miller@gmail.com,United States,2020-07-01,Standard,597.32
2342,Barbara Sanchez,barbara.sanchez1@gmail.com,United States,2021-08-17,Standard,786.53
2343,David Martin,david.martin@hotmail.com,United States,2022-10-17,Basic,13.94
2344,Michael Walker,michael.walker@hotmail.com,Australia,2020-02-10,Basic,127.46
2345,Stephanie Patel,stephanie.patel@gmail.com,United Kingdom,2020-02-05,Basic,167.37
2346,Joseph Thompson,joseph.thompson@yahoo.com,Germany,2020-11-03,Standard,562.03
2347,Jennifer Davis,jennifer.davis@gmail.com,United Kingdom,2023-04-04,Basic,143.30
2348,Patricia Kumar,patricia.kumar@company.com,France,2021-12-29,Basic,100.48
2349,Richard Gonzalez,richard.gonzalez@corp.net,United Kingdom,2021-03-16,Premium,3111.04
2350,Noah Brown,noah.brown@gmail.com,Australia,2023-01-12,Standard,552.58
2351,William Clark,william.clark1@gmail.com,France,2024-11-04,Premium,3531.07
2352,John Moore,john.moore@hotmail.com,United States,2022-01-16,Standard,519.24
2353,John Rodriguez,john.rodriguez1@hotmail.com,United States,2020-12-31,Standard,377.98
2354,John Hernandez,john.hernandez@mail.io,United Kingdom,2021-12-18,Standard,713.86
2355,Mary Robinson,mary.robinson@gmail.com,Canada,2021-03-22,Standard,163.52
2356,Ashley Gonzalez,ashley.gonzalez@corp.net,Germany,2024-07-10,Premium,1954.10
2357,Richard Miller,richard.miller@company.com,Canada,2022-11-13,Standard,184.09
2358,James Perez,james.perez@gmail.com,United States,2022-12-23,Basic,93.48
2359,Rebecca Kim,rebecca.kim@gmail.com,Germany,2020-10-18,Basic,13.14
2360,Emma Davis,emma.davis@gmail.com,United States,2020-02-17,Basic,123.05
2361,Jessica Robinson,jessica.robinson@gmail.com,India,2023-03-07,Basic,77.67
2362,Thomas Ramirez,thomas.ramirez@gmail.com,United States,2023-05-26,Standard,435.47
2363,Daniel Ramirez,daniel.ramirez@mail.io,United States,2024-08-21,Standard,482.89
2364,Linda Harris,linda.harris@outlook.com,United States,2023-08-24,Standard,51.47
2365,Karen Perez,karen.perez1@outlook.com,Germany,2024-05-11,Standard,635.09
2366,Laura Johnson,laura.johnson@gmail.com,Germany,2024-02-04,Standard,108.57
2367,Nancy Martinez,nancy.martinez@outlook.com,United States,2023-01-04,Standard,220.77
2368,Matthew Walker,matthew.walker@outlook.com,France,2020-06-20,Premium,2107.28
2369,Paul Brown,paul.brown@corp.net,Canada,2023-12-29,Standard,511.24
2370,Daniel Lopez,daniel.lopez@hotmail.com,United Kingdom,2020-04-13,Standard,582.78
2371,Matthew Anderson,matthew.anderson@icloud.com,Germany,2024-10-24,Basic,40.65
2372,Mary Hernandez,mary.hernandez@outlook.com,United States,2023-05-28,Standard,569.76
2373,Mia Wilson,mia.wilson@company.com,France,2020-07-16,Basic,11.23
2374,Mark Sharma,mark.sharma2@gmail.com,Germany,2020-08-20,Standard,616.20
2375,Sofia Singh,sofia.singh@company.com,United States,2020-04-07,Standard,117.55
2376,Robert Jones,robert.jones1@gmail.com,United States,2024-10-25,Standard,601.91
2377,Anthony Singh,anthony.singh@icloud.com,United Kingdom,2025-01-29,Standard,176.59
2378,Lisa Mueller,lisa.mueller@outlook.com,France,2020-07-30,Premium,2596.02
2379,Noah Lee,noah.lee@gmail.com,Australia,2020-04-08,Standard,700.33
2380,Susan Robinson,susan.robinson@gmail.com,United States,2023-01-11,Basic,115.69
2381,Susan Patel,susan.patel@gmail.com,United States,2022-10-31,Basic,167.45
2382,Mark Wilson,mark.wilson@gmail.com,France,2023-03-15,Standard,258.38
2383,Andrew Williams,andrew.williams@outlook.com,Canada,2020-01-04,Basic,134.81
2384,Amanda Thompson,amanda.thompson@icloud.com,Canada,2022-04-08,Standard,725.45
2385,John Walker,john.walker2@gmail.com,Canada,2020-02-12,Standard,592.11
2386,Joshua Kumar,joshua.kumar@mail.io,United States,2020-05-30,Basic,109.44
2387,Mia Kim,mia.kim@mail.io,Canada,2022-03-08,Basic,123.39
2388,Sofia Lewis,sofia.lewis@icloud.com,United States,2020-03-13,Standard,96.27
2389,Joshua Miller,joshua.miller@outlook.com,Germany,2021-02-08,Standard,504.66
2390,Laura Thomas,laura.thomas1@gmail.com,Australia,2022-08-25,Standard,227.59
2391,Mia White,mia.white@gmail.com,United States,2020-03-21,Basic,58.92
2392,Patricia Davis,patricia.davis@hotmail.com,United States,2023-10-01,Standard,179.79
2393,Sofia Martinez,sofia.martinez@gmail.com,Germany,2023-12-06,Basic,149.52
2394,Lucas Sharma,lucas.sharma@company.com,United States,2022-07-06,Standard,59.05
2395,Lucas Harris,lucas.harris@gmail.com,France,2022-05-18,Basic,136.33
2396,Ashley Robinson,ashley.robinson@gmail.com,United Kingdom,2023-06-28,Standard,265.18
2397,Barbara Kumar,barbara.kumar@mail.io,India,2022-04-28,Basic,166.50
2398,Daniel Thompson,daniel.thompson@yahoo.com,United States,2021-04-15,Standard,387.77
2399,Robert Sharma,robert.sharma@outlook.com,United States,2025-04-23,Basic,58.20
2400,John Lopez,john.lopez@yahoo.com,France,2023-03-26,Standard,679.45
2401,Raj Lee,raj.lee@company.com,United Kingdom,2023-07-15,Basic,154.23
2402,Jessica Thomas,jessica.thomas@mail.io,Australia,2023-11-03,Standard,717.96
2403,Mary Anderson,mary.anderson2@gmail.com,United Kingdom,2023-09-27,Standard,663.93
2404,Barbara Martin,barbara.martin@mail.io,United Kingdom,2021-05-21,Standard,636.16
2405,Richard Hernandez,richard.hernandez@gmail.com,United States,2024-10-10,Standard,679.55
2406,Jessica Sanchez,jessica.sanchez@yahoo.com,Australia,2024-09-14,Standard,338.77
2407,Patricia Martinez,patricia.martinez@outlook.com,France,2022-10-12,Basic,62.98
2408,Laura Martin,laura.martin@outlook.com,Germany,2022-10-18,Basic,12.11
2409,Arjun Martinez,arjun.martinez@gmail.com,United States,2022-08-13,Premium,1529.50
2410,Richard Wang,richard.wang@gmail.com,Australia,2024-12-10,Standard,197.31
2411,Ananya Martinez,ananya.martinez@gmail.com,India,2024-05-09,Standard,120.50
2412,Priya Thompson,priya.thompson@company.com,Canada,2021-01-22,Standard,518.36
2413,Oliver White,oliver.white@gmail.com,United Kingdom,2020-05-22,Basic,33.29
2414,Kenneth Kumar,kenneth.kumar@gmail.com,United States,2021-01-04,Standard,670.01
2415,William Jones,william.jones@hotmail.com,United States,2025-02-19,Standard,599.47
2416,Paul Mueller,paul.mueller1@gmail.com,India,2020-02-29,Basic,60.40
2417,Susan Gonzalez,susan.gonzalez@mail.io,Germany,2020-09-20,Basic,14.91
2418,Michael Taylor,michael.taylor@outlook.com,Germany,2021-08-21,Standard,213.46
2419,Lucas Mueller,lucas.mueller@corp.net,Germany,2021-10-24,Basic,52.56
2420,Mary White,mary.white@gmail.com,United States,2024-02-12,Basic,173.01
2421,Mary Robinson,mary.robinson@icloud.com,United Kingdom,2024-04-21,Standard,533.07
2422,Lucas Robinson,lucas.robinson@gmail.com,Germany,2021-09-01,Basic,40.74
2423,Mia Williams,mia.williams@company.com,India,2020-01-15,Premium,1805.00
2424,Jessica Mueller,jessica.mueller@mail.io,United Kingdom,2020-02-19,Standard,201.21
2425,Anthony Robinson,anthony.robinson@yahoo.com,United Kingdom,2023-03-25,Standard,524.45
2426,Noah Sharma,noah.sharma1@gmail.com,United States,2023-07-28,Standard,650.48
2427,Andrew Thomas,andrew.thomas@gmail.com,United States,2022-05-09,Standard,194.90
2428,Noah Garcia,noah.garcia@hotmail.com,Australia,2021-04-04,Basic,199.80
2429,Anthony Lewis,anthony.lewis@gmail.com,United States,2021-12-18,Standard,175.95
2430,James Rodriguez,james.rodriguez@gmail.com,United States,2020-02-20,Standard,739.27
2431,Lucas Lopez,lucas.lopez@outlook.com,United Kingdom,2023-01-20,Basic,22.96
2432,Mia Singh,mia.singh@mail.io,Australia,2022-10-14,Basic,26.53
2433,Anthony Sanchez,anthony.sanchez@gmail.com,Canada,2024-05-11,Standard,669.66
2434,Jennifer Wang,jennifer.wang@corp.net,Germany,2024-01-17,Standard,463.23
2435,Rebecca Wilson,rebecca.wilson@gmail.com,United States,2024-12-22,Standard,201.92
2436,Lucas Moore,lucas.moore@yahoo.com,United Kingdom,2022-06-11,Premium,3893.86
2437,Mary Martinez,mary.martinez1@icloud.com,Canada,2020-04-04,Basic,175.90
2438,Mia Davis,mia.davis@outlook.com,France,2023-03-15,Standard,665.39
2439,Ananya Moore,ananya.moore@gmail.com,United Kingdom,2022-04-25,Basic,117.46
2440,Susan Hernandez,susan.hernandez@company.com,Australia,2020-12-04,Standard,334.69
2441,Emma Johnson,emma.johnson@company.com,United States,2020-10-29,Standard,321.87
2442,Melissa Robinson,melissa.robinson@mail.io,France,2023-06-01,Basic,98.04
2443,Mark Lee,mark.lee@hotmail.com,France,2021-04-20,Standard,300.99
2444,Raj Lopez,raj.lopez1@hotmail.com,Australia,2024-10-15,Premium,3022.27
2445,Anthony Martinez,anthony.martinez@gmail.com,United States,2024-10-11,Basic,166.07
2446,Daniel Walker,daniel.walker@yahoo.com,United States,2024-12-02,Standard,792.89
2447,Jessica Clark,jessica.clark@gmail.com,United States,2022-05-21,Basic,130.80
2448,Karen Jones,karen.jones@gmail.com,Canada,2022-01-14,Standard,281.43
2449,Karen Jackson,karen.jackson@hotmail.com,United States,2023-09-04,Standard,753.08
2450,John Lee,john.lee2@gmail.com,United States,2021-11-25,Basic,51.80
2451,Laura Thomas,laura.thomas2@gmail.com,United States,2023-12-22,Basic,174.36
2452,Paul Wilson,paul.wilson1@gmail.com,France,2021-04-05,Basic,169.63
2453,Sharon Sharma,sharon.sharma@mail.io,United Kingdom,2022-06-07,Premium,2267.82
2454,Melissa Patel,melissa.patel@company.com,Germany,2024-03-16,Standard,114.71
2455,Stephanie Rodriguez,stephanie.rodriguez@yahoo.com,United Kingdom,2025-03-23,Standard,624.09
2456,Oliver Smith,oliver.smith@outlook.com,France,2020-12-23,Standard,298.66
2457,Emma Nguyen,emma.nguyen@corp.net,Canada,2021-12-16,Basic,84.11
2458,James Thompson,james.thompson@gmail.com,United States,2023-06-01,Standard,780.27
2459,Paul Gonzalez,paul.gonzalez@gmail.com,France,2020-10-17,Basic,152.27
2460,Sofia Martinez,sofia.martinez@hotmail.com,United States,2023-06-07,Basic,56.59
2461,Laura Garcia,laura.garcia@mail.io,United States,2023-07-05,Basic,5.59
2462,Nancy Smith,nancy.smith@company.com,United States,2025-03-03,Standard,598.05
2463,Susan Smith,susan.smith@gmail.com,United States,2020-02-06,Standard,173.12
2464,Ashley Martinez,ashley.martinez@gmail.com,United Kingdom,2022-05-18,Basic,170.65
2465,Noah Jackson,noah.jackson@hotmail.com,United States,2024-04-01,Basic,100.81
2466,Andrew Gonzalez,andrew.gonzalez@icloud.com,United States,2024-12-10,Premium,820.11
2467,Lisa Thompson,lisa.thompson1@gmail.com,Australia,2025-01-11,Basic,168.79
2468,Arjun Patel,arjun.patel1@gmail.com,Germany,2021-09-08,Premium,2424.49
2469,Lucas Lopez,lucas.lopez1@outlook.com,United States,2025-04-24,Standard,272.37
2470,William Kim,william.kim@icloud.com,United States,2023-12-11,Basic,176.89
2471,Susan Ramirez,susan.ramirez@gmail.com,United Kingdom,2021-02-10,Standard,506.12
2472,Emily Gonzalez,emily.gonzalez@corp.net,Canada,2022-09-01,Standard,95.71
2473,Christopher Gonzalez,christopher.gonzalez1@gmail.com,United States,2022-09-15,Standard,397.58
2474,Rebecca Nguyen,rebecca.nguyen@company.com,Germany,2020-10-20,Standard,447.76
2475,Anthony Johnson,anthony.johnson@gmail.com,United States,2023-02-21,Standard,367.53
2476,Arjun Smith,arjun.smith@icloud.com,India,2021-06-04,Premium,3237.56
2477,Patricia Singh,patricia.singh@outlook.com,United States,2025-05-12,Premium,3994.93
2478,Daniel Martin,daniel.martin@gmail.com,United States,2023-03-16,Basic,10.15
2479,Linda Jackson,linda.jackson1@company.com,Australia,2021-05-26,Standard,589.34
2480,Joshua Lewis,joshua.lewis1@gmail.com,Canada,2022-05-29,Standard,781.53
2481,Priya Williams,priya.williams@icloud.com,France,2023-10-09,Standard,655.76
2482,Rebecca Singh,rebecca.singh@icloud.com,United States,2022-06-06,Basic,125.19
2483,Andrew Clark,andrew.clark@mail.io,United States,2023-04-25,Standard,377.10
2484,David Perez,david.perez@mail.io,France,2021-12-23,Standard,787.73
2485,Paul Patel,paul.patel1@gmail.com,United Kingdom,2021-10-09,Standard,562.36
2486,Donald Kumar,donald.kumar@gmail.com,Germany,2021-11-27,Standard,535.50
2487,Robert Williams,robert.williams@gmail.com,United States,2025-02-26,Basic,131.42
2488,Anthony Chen,anthony.chen@icloud.com,United States,2024-01-22,Standard,156.85
2489,Donald Johnson,donald.johnson@hotmail.com,United States,2020-01-14,Standard,613.42
2490,David Jackson,david.jackson1@gmail.com,France,2023-10-19,Standard,171.23
2491,Susan Lewis,susan.lewis@hotmail.com,United Kingdom,2023-10-03,Standard,371.31
2492,Ananya Hernandez,ananya.hernandez@gmail.com,United States,2021-08-08,Standard,92.40
2493,Kenneth Smith,kenneth.smith@outlook.com,United States,2024-03-23,Standard,361.74
2494,Nancy Harris,nancy.harris@outlook.com,Canada,2025-01-31,Standard,566.59
2495,Mary Singh,mary.singh@gmail.com,France,2022-10-13,Standard,601.86
2496,Richard Ramirez,richard.ramirez@gmail.com,Australia,2022-06-23,Basic,115.84
2497,Thomas Wilson,thomas.wilson@gmail.com,Germany,2020-03-17,Standard,382.74
2498,Raj Nguyen,raj.nguyen@gmail.com,India,2020-06-29,Standard,562.49
2499,Susan Davis,susan.davis@icloud.com,United Kingdom,2024-09-12,Standard,187.05
2500,Noah Gonzalez,noah.gonzalez@hotmail.com,Germany,2024-03-20,Standard,404.47
2501,Arjun Kumar,arjun.kumar@gmail.com,United Kingdom,2020-12-23,Standard,703.73
2502,Amanda Singh,amanda.singh@company.com,France,2021-11-24,Standard,558.35
2503,Elizabeth Mueller,elizabeth.mueller@gmail.com,United Kingdom,2021-03-17,Basic,188.74
2504,Andrew Brown,andrew.brown@outlook.com,United States,2024-01-20,Standard,705.68
2505,Arjun Wilson,arjun.wilson@yahoo.com,United Kingdom,2021-03-12,Standard,276.64
2506,Anthony Singh,anthony.singh1@hotmail.com,United States,2023-09-20,Standard,129.28
2507,William Martinez,william.martinez@hotmail.com,United States,2024-03-15,Standard,793.31
2508,Emma Kumar,emma.kumar1@gmail.com,United States,2025-05-27,Basic,118.01
2509,Paul Smith,paul.smith@gmail.com,Australia,2020-07-20,Standard,308.53
2510,Mary Sharma,mary.sharma@icloud.com,Australia,2021-10-23,Standard,385.56
2511,Christopher Hernandez,christopher.hernandez@company.com,United States,2021-08-26,Standard,389.31
2512,Joseph Kim,joseph.kim@yahoo.com,India,2024-03-01,Basic,82.91
2513,Ananya Wang,ananya.wang@company.com,United Kingdom,2023-04-11,Standard,59.26
2514,Oliver Taylor,oliver.taylor@hotmail.com,United Kingdom,2021-10-07,Standard,782.29
2515,John Smith,john.smith@corp.net,Germany,2025-05-04,Standard,583.76
2516,Oliver Patel,oliver.patel1@company.com,France,2022-03-13,Basic,41.27
2517,Michael White,michael.white@mail.io,France,2022-10-13,Basic,116.78
2518,Emily Martin,emily.martin@company.com,United States,2021-05-08,Standard,533.81
2519,Nancy Nguyen,nancy.nguyen@gmail.com,India,2023-05-23,Standard,177.69
2520,Oliver Sanchez,oliver.sanchez1@gmail.com,United Kingdom,2020-08-26,Standard,520.56
2521,Arjun Taylor,arjun.taylor@hotmail.com,United States,2022-01-08,Basic,27.76
2522,Kenneth Anderson,kenneth.anderson@gmail.com,United States,2023-02-09,Standard,137.87
2523,Sharon Wilson,sharon.wilson@gmail.com,India,2020-09-04,Premium,2981.27
2524,Lisa Clark,lisa.clark@yahoo.com,United States,2022-02-18,Standard,684.42
2525,Arjun Nguyen,arjun.nguyen@icloud.com,Germany,2023-11-26,Standard,754.37
2526,Karen Garcia,karen.garcia1@gmail.com,United States,2023-07-31,Standard,693.91
2527,Ananya Williams,ananya.williams1@yahoo.com,United States,2024-09-08,Standard,378.16
2528,Oliver Williams,oliver.williams@outlook.com,Canada,2023-10-21,Standard,431.31
2529,Arjun Nguyen,arjun.nguyen@gmail.com,United Kingdom,2023-09-30,Premium,3492.22
2530,Stephanie Wilson,stephanie.wilson1@gmail.com,France,2021-05-03,Premium,1497.99
2531,Mark Hernandez,mark.hernandez@outlook.com,United States,2023-01-24,Basic,147.63
2532,Karen Wilson,karen.wilson@mail.io,United States,2023-10-14,Basic,41.75
2533,Jennifer Patel,jennifer.patel1@outlook.com,United States,2020-04-02,Premium,3673.75
2534,Barbara Thomas,barbara.thomas1@outlook.com,India,2021-05-15,Standard,210.22
2535,Mary Walker,mary.walker@icloud.com,Canada,2020-11-09,Standard,92.18
2536,David Ramirez,david.ramirez@hotmail.com,United States,2025-02-17,Standard,97.05
2537,Andrew Martin,andrew.martin1@icloud.com,United States,2020-02-29,Premium,1900.94
2538,Andrew Kumar,andrew.kumar@hotmail.com,United States,2024-07-29,Standard,477.98
2539,Karen Chen,karen.chen@gmail.com,India,2023-06-14,Standard,753.14
2540,Daniel Thompson,daniel.thompson@hotmail.com,United States,2022-09-14,Standard,223.88
2541,Robert Miller,robert.miller@gmail.com,United States,2024-12-09,Standard,324.17
2542,Daniel Smith,daniel.smith@gmail.com,India,2023-05-01,Premium,3146.09
2543,Sharon Wilson,sharon.wilson1@gmail.com,United Kingdom,2024-08-25,Standard,166.43
2544,Mary Perez,mary.perez@mail.io,United States,2021-01-13,Standard,288.60
2545,Matthew Kumar,matthew.kumar@gmail.com,United States,2024-03-31,Basic,85.82
2546,Anthony Johnson,anthony.johnson1@gmail.com,United Kingdom,2020-11-28,Premium,3760.25
2547,Amanda Anderson,amanda.anderson1@gmail.com,United States,2021-08-14,Standard,139.61
2548,Oliver Gonzalez,oliver.gonzalez2@gmail.com,India,2025-02-21,Premium,3346.21
2549,Joshua Taylor,joshua.taylor@yahoo.com,Canada,2024-10-20,Standard,479.68
2550,Mark Williams,mark.williams1@gmail.com,United States,2024-01-28,Standard,196.52
2551,Barbara Anderson,barbara.anderson@gmail.com,United States,2022-05-06,Standard,248.93
2552,Elizabeth Thompson,elizabeth.thompson@gmail.com,United States,2025-01-25,Premium,1182.56
2553,Raj Martin,raj.martin@mail.io,Canada,2020-01-16,Basic,112.82
2554,Michael Wilson,michael.wilson@gmail.com,Germany,2023-12-20,Standard,593.28
2555,Richard Sharma,richard.sharma@mail.io,Australia,2023-08-31,Premium,612.00
2556,Matthew Wilson,matthew.wilson1@icloud.com,United Kingdom,2022-02-17,Premium,1004.33
2557,Lucas Robinson,lucas.robinson1@gmail.com,France,2022-08-02,Premium,3555.32
2558,Nancy Clark,nancy.clark@gmail.com,Australia,2022-05-21,Basic,193.60
2559,Elizabeth Gonzalez,elizabeth.gonzalez1@gmail.com,United States,2021-10-11,Basic,119.10
2560,Rebecca Jackson,rebecca.jackson@yahoo.com,United States,2024-09-16,Basic,28.31
2561,Noah Miller,noah.miller1@outlook.com,United States,2020-05-18,Standard,738.93
2562,James Ramirez,james.ramirez@icloud.com,Canada,2024-12-04,Standard,452.21
2563,Emma Gonzalez,emma.gonzalez@hotmail.com,United Kingdom,2020-08-26,Basic,152.60
2564,Sofia Brown,sofia.brown@outlook.com,United States,2022-07-11,Premium,2630.93
2565,Matthew Harris,matthew.harris1@gmail.com,France,2021-12-03,Standard,618.66
2566,Joseph Ramirez,joseph.ramirez@gmail.com,Canada,2021-05-27,Standard,660.15
2567,Amanda Lopez,amanda.lopez@gmail.com,Germany,2023-07-23,Basic,152.76
2568,Sofia Clark,sofia.clark1@gmail.com,United States,2024-04-09,Premium,821.08
2569,Elizabeth Lee,elizabeth.lee@gmail.com,United States,2024-06-21,Standard,574.03
2570,Andrew White,andrew.white1@gmail.com,Australia,2023-05-20,Standard,278.99
2571,Priya Martinez,priya.martinez@company.com,Germany,2020-12-04,Standard,308.35
2572,John Kim,john.kim@company.com,United States,2024-07-29,Basic,121.57
2573,Elizabeth Lewis,elizabeth.lewis@mail.io,India,2024-03-25,Standard,331.52
2574,Sharon Clark,sharon.clark1@gmail.com,United Kingdom,2024-06-10,Standard,326.52
2575,Christopher Miller,christopher.miller@outlook.com,Canada,2022-11-07,Standard,718.99
2576,Mark Jones,mark.jones2@gmail.com,Germany,2020-05-18,Standard,288.48
2577,Steven Kim,steven.kim@gmail.com,Germany,2024-10-27,Standard,530.90
2578,Kenneth Mueller,kenneth.mueller1@gmail.com,United States,2022-04-27,Premium,902.40
2579,Kenneth Patel,kenneth.patel@company.com,United Kingdom,2020-09-15,Standard,465.25
2580,Sofia Mueller,sofia.mueller@company.com,United Kingdom,2020-12-03,Basic,113.81
2581,James Robinson,james.robinson@outlook.com,United States,2021-04-03,Basic,94.32
2582,Emily Mueller,emily.mueller1@gmail.com,France,2023-06-04,Premium,4742.64
2583,Joseph Perez,joseph.perez@hotmail.com,United Kingdom,2024-04-26,Standard,167.86
2584,Jessica Lopez,jessica.lopez@icloud.com,United States,2023-01-16,Standard,219.38
2585,James Miller,james.miller@gmail.com,India,2022-11-06,Standard,651.32
2586,Michael Jackson,michael.jackson@gmail.com,India,2022-05-12,Premium,1362.95
2587,Laura Nguyen,laura.nguyen@mail.io,France,2020-07-17,Basic,17.40
2588,Stephanie Lopez,stephanie.lopez@company.com,France,2025-05-26,Basic,14.87
2589,Rebecca Mueller,rebecca.mueller@outlook.com,India,2020-11-08,Standard,616.18
2590,Emma Williams,emma.williams1@yahoo.com,Germany,2021-08-13,Standard,167.56
2591,Andrew Jones,,United Kingdom,2023-05-17,Basic,20.19
2592,Donald Chen,donald.chen@yahoo.com,United States,2025-01-02,Basic,71.53
2593,Emily Miller,emily.miller@icloud.com,United Kingdom,2024-03-05,Standard,214.39
2594,Matthew Moore,matthew.moore@mail.io,United Kingdom,2024-10-17,Standard,778.11
2595,Elizabeth Martin,elizabeth.martin@corp.net,United Kingdom,2023-11-27,Standard,739.24
2596,Christopher Martin,christopher.martin@yahoo.com,United Kingdom,2023-12-12,Standard,87.42
2597,Lisa Kim,lisa.kim@outlook.com,Canada,2023-09-03,Standard,345.92
2598,Joseph Sharma,joseph.sharma@gmail.com,United States,2020-03-31,Standard,346.05
2599,Noah Garcia,noah.garcia@yahoo.com,United States,2025-03-15,Standard,339.87
2600,Joseph Smith,joseph.smith@corp.net,United Kingdom,2020-01-30,Basic,12.63
2601,Anthony Wang,anthony.wang@outlook.com,Canada,2024-10-22,Standard,321.13
2602,Karen Thompson,karen.thompson@corp.net,United States,2020-02-11,Basic,119.04
2603,Barbara Anderson,barbara.anderson@outlook.com,France,2021-12-18,Basic,23.25
2604,Barbara Kim,,Australia,2024-02-17,Premium,3309.00
2605,Lisa Brown,lisa.brown@gmail.com,Australia,2021-06-12,Standard,302.85
2606,Thomas Harris,thomas.harris@yahoo.com,United Kingdom,2023-07-04,Standard,79.62
2607,Amanda Martinez,amanda.martinez@gmail.com,India,2020-01-22,Basic,103.45
2608,Linda Kumar,linda.kumar@gmail.com,United States,2024-03-29,Standard,206.57
2609,Thomas Brown,thomas.brown1@company.com,United States,2020-01-31,Basic,31.82
2610,Jennifer Walker,jennifer.walker1@gmail.com,United States,2022-02-07,Basic,35.23
2611,Karen Ramirez,karen.ramirez1@outlook.com,France,2022-10-14,Premium,4025.86
2612,Daniel Smith,daniel.smith1@gmail.com,France,2020-06-03,Standard,315.85
2613,Steven Williams,steven.williams@outlook.com,Canada,2022-05-22,Basic,105.36
2614,Sharon Thomas,sharon.thomas1@gmail.com,United States,2024-06-19,Standard,457.90
2615,James Martinez,james.martinez@gmail.com,Germany,2022-08-02,Premium,1852.02
2616,Joshua Moore,joshua.moore@company.com,United States,2023-09-25,Standard,681.81
2617,Christopher Jones,christopher.jones@hotmail.com,Germany,2022-02-28,Basic,181.30
2618,Mia Mueller,mia.mueller@yahoo.com,United Kingdom,2020-10-20,Basic,108.79
2619,Mark Garcia,mark.garcia@icloud.com,United Kingdom,2020-01-18,Standard,707.41
2620,Daniel Robinson,daniel.robinson@gmail.com,Australia,2024-03-20,Standard,139.61
2621,Joshua Wilson,joshua.wilson1@gmail.com,United States,2020-03-29,Standard,418.02
2622,Jessica Brown,jessica.brown@icloud.com,United States,2021-07-08,Basic,45.34
2623,Oliver Kim,oliver.kim@gmail.com,Australia,2022-07-24,Basic,7.80
2624,Sofia Lee,sofia.lee1@outlook.com,United Kingdom,2021-01-14,Standard,246.58
2625,Oliver Clark,oliver.clark@mail.io,United Kingdom,2022-04-28,Standard,322.61
2626,Barbara Anderson,barbara.anderson1@gmail.com,United States,2023-12-24,Basic,88.99
2627,Sarah Taylor,sarah.taylor1@mail.io,India,2023-01-28,Basic,61.22
2628,Raj Anderson,raj.anderson@icloud.com,Australia,2022-05-26,Basic,89.88
2629,Oliver Sanchez,oliver.sanchez2@gmail.com,United States,2024-05-25,Basic,162.68
2630,Sharon White,sharon.white@gmail.com,Germany,2023-07-28,Standard,330.26
2631,Stephanie Singh,stephanie.singh@gmail.com,United States,2023-08-02,Standard,391.98
2632,Linda Nguyen,linda.nguyen1@company.com,United Kingdom,2022-02-25,Basic,7.87
2633,Lisa Gonzalez,lisa.gonzalez@mail.io,United States,2021-07-25,Standard,98.24
2634,Kenneth Williams,kenneth.williams1@mail.io,United States,2020-05-28,Standard,223.61
2635,Paul Patel,paul.patel2@gmail.com,United Kingdom,2023-02-08,Basic,21.73
2636,Jennifer Taylor,jennifer.taylor1@gmail.com,United States,2021-05-14,Standard,666.56
2637,Richard Walker,richard.walker@gmail.com,Canada,2024-11-15,Standard,422.51
2638,Anthony Lee,anthony.lee@outlook.com,United States,2024-09-04,Standard,796.76
2639,Rebecca Jackson,rebecca.jackson@outlook.com,Australia,2023-10-21,Premium,1475.98
2640,Anthony Gonzalez,anthony.gonzalez@outlook.com,United States,2020-08-22,Standard,177.57
2641,Lucas Thompson,lucas.thompson@outlook.com,United States,2025-02-07,Standard,179.71
2642,Oliver Garcia,oliver.garcia1@gmail.com,United States,2022-10-17,Standard,59.99
2643,Laura Jackson,laura.jackson@company.com,United States,2025-02-01,Standard,170.16
2644,Paul Martin,paul.martin1@hotmail.com,United States,2023-10-06,Standard,510.64
2645,James Moore,james.moore@gmail.com,France,2024-07-16,Basic,123.58
2646,Daniel Ramirez,daniel.ramirez1@mail.io,United Kingdom,2021-04-20,Standard,368.42
2647,Robert Lee,robert.lee1@gmail.com,United States,2020-11-17,Basic,10.02
2648,Jessica Smith,jessica.smith@gmail.com,United States,2020-11-03,Premium,3790.50
2649,Andrew Robinson,andrew.robinson@outlook.com,Germany,2024-05-25,Premium,3944.77
2650,Amanda Chen,amanda.chen1@hotmail.com,United States,2024-03-02,Standard,272.49
2651,Stephanie Moore,stephanie.moore@yahoo.com,United States,2022-08-19,Premium,4311.88
2652,Stephanie Martinez,stephanie.martinez1@outlook.com,Australia,2023-08-16,Standard,581.77
2653,Linda Singh,linda.singh@gmail.com,Germany,2021-05-06,Standard,328.99
2654,Melissa Martinez,melissa.martinez@mail.io,France,2024-06-05,Standard,688.79
2655,Robert Hernandez,robert.hernandez@company.com,United Kingdom,2020-09-08,Basic,115.58
2656,Mary Anderson,mary.anderson3@gmail.com,United States,2022-06-10,Premium,3388.64
2657,Lisa Jones,lisa.jones@gmail.com,France,2025-02-23,Standard,714.57
2658,Patricia Jackson,patricia.jackson@hotmail.com,Germany,2021-03-23,Standard,775.21
2659,Nancy Robinson,nancy.robinson1@gmail.com,France,2020-03-13,Standard,640.10
2660,Melissa Moore,melissa.moore@mail.io,United Kingdom,2022-02-24,Basic,170.90
2661,Steven Moore,steven.moore@icloud.com,United States,2023-05-20,Basic,56.55
2662,Jennifer White,jennifer.white@gmail.com,Australia,2024-07-02,Standard,257.63
2663,Karen Williams,karen.williams@gmail.com,United States,2024-10-03,Basic,114.40
2664,Noah Jones,noah.jones@outlook.com,Germany,2023-03-04,Basic,158.20
2665,Joshua Jackson,joshua.jackson@company.com,Canada,2020-05-22,Standard,272.94
2666,Barbara Martinez,barbara.martinez@outlook.com,Canada,2022-05-28,Premium,539.08
2667,Linda Smith,linda.smith@outlook.com,United States,2024-12-31,Basic,132.11
2668,Michael Nguyen,michael.nguyen@hotmail.com,United States,2021-02-18,Basic,87.52
2669,Elizabeth Perez,elizabeth.perez@mail.io,United Kingdom,2021-05-19,Premium,806.36
2670,Christopher Harris,christopher.harris@icloud.com,United States,2021-12-19,Basic,1.26
2671,Arjun Robinson,arjun.robinson@outlook.com,United States,2023-10-13,Standard,472.13
2672,Laura Brown,laura.brown@gmail.com,United States,2022-07-29,Basic,185.49
2673,Priya Thomas,priya.thomas@yahoo.com,United States,2022-11-04,Standard,235.55
2674,Steven Thompson,steven.thompson@gmail.com,United Kingdom,2024-01-12,Standard,753.80
2675,Daniel Wang,daniel.wang@corp.net,France,2022-09-11,Basic,192.04
2676,Laura Smith,laura.smith@outlook.com,India,2020-05-18,Basic,56.99
2677,Lisa Robinson,lisa.robinson1@yahoo.com,United States,2021-04-05,Basic,188.19
2678,Michael Sanchez,michael.sanchez1@outlook.com,India,2020-04-29,Basic,174.52
2679,Michael Davis,michael.davis@gmail.com,Germany,2021-03-28,Standard,133.35
2680,Patricia Kumar,patricia.kumar1@company.com,United States,2022-10-15,Basic,103.77
2681,Oliver Wilson,oliver.wilson@outlook.com,Germany,2021-10-27,Basic,88.62
2682,Melissa White,melissa.white@outlook.com,United States,2024-08-06,Standard,514.12
2683,Christopher Kumar,christopher.kumar@yahoo.com,France,2024-07-14,Basic,42.12
2684,Robert Ramirez,robert.ramirez1@yahoo.com,United States,2021-01-28,Standard,713.91
2685,Amanda Gonzalez,amanda.gonzalez1@gmail.com,France,2020-09-06,Premium,3601.20
2686,Laura White,laura.white@mail.io,United States,2023-05-10,Standard,233.98
2687,Emma Nguyen,emma.nguyen1@gmail.com,Canada,2020-05-07,Standard,193.03
2688,Linda Miller,linda.miller@icloud.com,United States,2020-11-16,Standard,183.89
2689,Noah Ramirez,noah.ramirez@yahoo.com,Germany,2020-08-30,Premium,524.40
2690,Thomas Smith,thomas.smith@corp.net,United States,2023-08-05,Standard,144.99
2691,Donald Kim,donald.kim@mail.io,Australia,2024-03-19,Basic,51.12
2692,Patricia Johnson,patricia.johnson@gmail.com,United States,2020-07-31,Standard,627.70
2693,Mary Lee,mary.lee1@gmail.com,United States,2020-07-02,Basic,146.36
2694,Paul Gonzalez,paul.gonzalez1@gmail.com,United Kingdom,2023-09-05,Basic,64.54
2695,Amanda Sanchez,amanda.sanchez@icloud.com,United States,2023-04-30,Standard,688.91
2696,Susan Jackson,susan.jackson@outlook.com,United States,2021-11-11,Basic,28.67
2697,Richard Wilson,richard.wilson@gmail.com,United Kingdom,2021-06-11,Standard,369.81
2698,Melissa Harris,melissa.harris@outlook.com,United States,2020-05-06,Standard,278.13
2699,Kenneth Harris,kenneth.harris@gmail.com,United States,2022-04-28,Basic,90.41
2700,Amanda Smith,amanda.smith@icloud.com,United States,2021-11-22,Basic,85.20
2701,Melissa Garcia,melissa.garcia@mail.io,Canada,2020-07-17,Premium,644.73
2702,Andrew Sharma,andrew.sharma@gmail.com,United Kingdom,2023-08-03,Basic,142.81
2703,Ashley Mueller,ashley.mueller@gmail.com,Canada,2021-08-12,Basic,119.97
2704,Rebecca Patel,rebecca.patel@mail.io,United States,2022-07-15,Basic,116.49
2705,Arjun Perez,arjun.perez@yahoo.com,United States,2024-01-05,Standard,291.90
2706,David Miller,david.miller@hotmail.com,Canada,2020-01-31,Standard,430.28
2707,Stephanie Nguyen,stephanie.nguyen@mail.io,France,2021-03-28,Standard,419.05
2708,Jennifer Nguyen,jennifer.nguyen@icloud.com,Canada,2025-01-02,Basic,61.47
2709,Mia Patel,mia.patel@outlook.com,France,2020-06-28,Standard,109.95
2710,Thomas Lewis,thomas.lewis@outlook.com,Germany,2021-06-09,Basic,101.64
2711,Christopher Brown,christopher.brown@yahoo.com,Australia,2022-02-23,Standard,766.60
2712,Laura Lee,laura.lee1@gmail.com,France,2020-07-24,Premium,2840.74
2713,Arjun Lee,arjun.lee@icloud.com,France,2020-06-27,Standard,710.36
2714,William Davis,william.davis1@gmail.com,United States,2020-06-01,Standard,327.59
2715,Barbara Wang,barbara.wang1@yahoo.com,United States,2021-06-01,Standard,357.28
2716,Andrew Hernandez,andrew.hernandez@gmail.com,India,2022-09-07,Standard,670.78
2717,Richard Mueller,richard.mueller@outlook.com,United States,2023-09-26,Basic,83.79
2718,Raj Wang,raj.wang@company.com,India,2021-02-09,Standard,762.88
2719,Patricia Mueller,patricia.mueller@corp.net,Germany,2020-10-07,Standard,284.13
2720,Emily Smith,emily.smith2@outlook.com,India,2024-11-17,Basic,157.59
2721,Lucas Jones,lucas.jones@company.com,Australia,2024-07-15,Standard,574.21
2722,Mia Sanchez,mia.sanchez@corp.net,Germany,2023-08-16,Premium,4813.35
2723,Emma Perez,emma.perez@yahoo.com,United States,2020-06-01,Standard,645.64
2724,Barbara Wang,barbara.wang@hotmail.com,France,2021-08-03,Standard,503.35
2725,Daniel Harris,daniel.harris@company.com,United States,2022-04-19,Standard,158.82
2726,Michael Clark,michael.clark@yahoo.com,United States,2020-01-21,Standard,662.77
2727,Stephanie Rodriguez,stephanie.rodriguez@hotmail.com,United States,2024-02-22,Standard,606.24
2728,Karen Jones,karen.jones1@gmail.com,India,2024-06-14,Premium,4476.03
2729,John Clark,john.clark@gmail.com,France,2023-07-17,Standard,438.48
2730,Nancy Sanchez,nancy.sanchez@yahoo.com,United States,2025-04-20,Basic,44.94
2731,Emily Wang,emily.wang@company.com,Canada,2022-02-22,Premium,3125.79
2732,Daniel Davis,daniel.davis@mail.io,United States,2023-09-15,Standard,233.04
2733,Joseph Martin,,Australia,2022-04-25,Basic,185.08
2734,Mia Sharma,mia.sharma@gmail.com,United States,2022-09-09,Standard,470.05
2735,Priya Taylor,priya.taylor@gmail.com,Germany,2022-09-18,Basic,164.83
2736,Mark White,mark.white@corp.net,United Kingdom,2024-10-02,Basic,11.14
2737,Jessica Williams,jessica.williams1@gmail.com,Canada,2020-06-04,Standard,655.06
2738,Stephanie White,stephanie.white@gmail.com,United States,2024-05-10,Basic,185.49
2739,Donald Miller,donald.miller@gmail.com,United States,2022-04-16,Standard,138.33
2740,Elizabeth Ramirez,elizabeth.ramirez@hotmail.com,United Kingdom,2024-10-28,Standard,697.80
2741,Jennifer Martin,jennifer.martin@gmail.com,United Kingdom,2023-09-08,Basic,159.01
2742,Matthew Lopez,matthew.lopez@corp.net,United States,2025-02-19,Standard,274.94
2743,Laura Moore,laura.moore@gmail.com,United States,2024-11-02,Basic,75.68
2744,Emma Thompson,emma.thompson@company.com,United States,2024-12-21,Basic,112.56
2745,Jennifer Ramirez,jennifer.ramirez@yahoo.com,Australia,2024-04-09,Standard,714.62
2746,Sarah Johnson,sarah.johnson@outlook.com,United States,2024-01-20,Standard,509.78
2747,Sharon Gonzalez,sharon.gonzalez@company.com,United Kingdom,2021-10-09,Standard,706.12
2748,Priya Brown,priya.brown@corp.net,United States,2021-06-10,Standard,538.64
2749,Thomas Nguyen,thomas.nguyen@company.com,United States,2020-05-27,Basic,6.54
2750,Joseph Williams,joseph.williams2@outlook.com,United States,2022-09-23,Basic,192.09
2751,Noah Clark,noah.clark@outlook.com,India,2020-02-23,Standard,286.10
2752,Linda Lewis,linda.lewis@company.com,Canada,2020-08-28,Standard,426.22
2753,Ananya Davis,ananya.davis@outlook.com,Germany,2021-09-04,Standard,112.90
2754,Jennifer Martinez,jennifer.martinez@gmail.com,United States,2021-11-10,Standard,374.22
2755,Christopher Kumar,christopher.kumar@corp.net,Germany,2022-01-14,Standard,157.55
2756,Thomas Lewis,thomas.lewis1@outlook.com,United Kingdom,2023-04-09,Standard,79.21
2757,Andrew Martin,andrew.martin@mail.io,United States,2024-05-14,Standard,362.02
2758,Sofia Nguyen,sofia.nguyen1@gmail.com,Germany,2023-03-04,Standard,700.28
2759,Christopher Smith,christopher.smith@gmail.com,United Kingdom,2023-08-17,Standard,146.95
2760,Jennifer Clark,jennifer.clark@gmail.com,United States,2021-02-13,Basic,105.89
2761,Daniel Thomas,daniel.thomas@outlook.com,United States,2021-02-24,Standard,345.87
2762,Susan Nguyen,susan.nguyen@corp.net,France,2020-08-19,Standard,110.60
2763,Jennifer Miller,jennifer.miller@company.com,United States,2021-10-22,Basic,39.80
2764,Elizabeth Singh,elizabeth.singh1@gmail.com,Canada,2024-11-03,Basic,66.92
2765,Noah Martin,noah.martin@mail.io,Canada,2025-02-27,Standard,352.30
2766,Andrew Taylor,andrew.taylor1@gmail.com,United States,2021-08-03,Basic,123.67
2767,Thomas Miller,thomas.miller@yahoo.com,United Kingdom,2023-09-12,Basic,86.37
2768,Matthew Taylor,matthew.taylor@mail.io,United Kingdom,2020-11-06,Standard,496.66
2769,Matthew Brown,matthew.brown@corp.net,United Kingdom,2022-12-27,Standard,538.02
2770,Andrew Gonzalez,andrew.gonzalez@company.com,United States,2025-03-22,Basic,132.60
2771,Amanda Perez,amanda.perez@gmail.com,United States,2024-08-10,Basic,154.29
2772,James Harris,james.harris@yahoo.com,United Kingdom,2020-10-23,Standard,269.34
2773,Robert Wang,robert.wang@hotmail.com,United States,2020-09-16,Standard,258.40
2774,Steven Kim,steven.kim@outlook.com,United States,2024-11-07,Standard,456.10
2775,Donald Lee,donald.lee1@outlook.com,United Kingdom,2024-04-20,Standard,149.71
2776,Stephanie Jones,stephanie.jones@gmail.com,Australia,2022-04-06,Standard,679.15
2777,Sofia Miller,sofia.miller@gmail.com,United Kingdom,2024-04-16,Basic,74.18
2778,Laura Jones,laura.jones@company.com,United States,2024-10-22,Standard,324.67
2779,William Miller,william.miller1@gmail.com,United States,2021-01-25,Standard,67.18
2780,Linda Clark,linda.clark@hotmail.com,United Kingdom,2021-05-31,Basic,149.50
2781,Emma Lewis,emma.lewis@gmail.com,United Kingdom,2021-09-29,Premium,2004.07
2782,Sarah Garcia,sarah.garcia@outlook.com,Canada,2021-10-02,Basic,137.13
2783,Sarah Miller,sarah.miller@gmail.com,Germany,2023-11-01,Standard,546.38
2784,Noah Thomas,noah.thomas@gmail.com,United Kingdom,2021-07-17,Standard,88.79
2785,James Lewis,james.lewis1@gmail.com,United Kingdom,2024-06-20,Basic,53.66
2786,James Gonzalez,james.gonzalez@outlook.com,France,2025-03-16,Standard,518.44
2787,Susan Rodriguez,susan.rodriguez@gmail.com,United States,2023-06-22,Standard,335.51
2788,Laura Singh,laura.singh@gmail.com,France,2021-05-07,Standard,315.05
2789,Rebecca Rodriguez,rebecca.rodriguez@mail.io,United Kingdom,2020-01-10,Premium,3082.44
2790,Oliver Patel,oliver.patel1@gmail.com,France,2024-03-14,Standard,153.20
2791,Jessica Davis,jessica.davis2@gmail.com,United Kingdom,2020-01-09,Standard,432.38
2792,Jennifer Rodriguez,jennifer.rodriguez@outlook.com,United States,2021-04-20,Standard,455.63
2793,Raj Mueller,raj.mueller@outlook.com,Canada,2020-02-22,Standard,664.16
2794,Richard Lee,richard.lee@hotmail.com,United States,2020-02-14,Premium,1032.34
2795,Mary Johnson,mary.johnson@mail.io,Germany,2023-12-27,Standard,364.16
2796,Rebecca Thomas,rebecca.thomas1@gmail.com,United Kingdom,2020-04-27,Basic,134.56
2797,Linda Clark,linda.clark@gmail.com,Germany,2020-10-26,Standard,369.58
2798,Karen Hernandez,karen.hernandez@yahoo.com,Australia,2023-05-12,Basic,151.69
2799,Paul Smith,paul.smith1@gmail.com,India,2024-12-22,Standard,71.99
2800,Sofia Garcia,sofia.garcia@gmail.com,United States,2023-06-16,Standard,346.03
2801,Ashley Nguyen,ashley.nguyen@icloud.com,United States,2023-05-04,Standard,610.44
2802,Lisa Davis,lisa.davis1@gmail.com,France,2021-05-31,Standard,271.17
2803,Susan Clark,susan.clark@outlook.com,United States,2023-02-24,Standard,145.04
2804,William Thompson,william.thompson2@yahoo.com,United States,2020-01-21,Premium,3340.93
2805,Mary Kim,mary.kim@icloud.com,United Kingdom,2022-07-06,Standard,465.91
2806,Lucas Kim,lucas.kim@yahoo.com,United States,2023-11-18,Standard,758.90
2807,Rebecca White,rebecca.white@icloud.com,India,2023-04-10,Premium,2383.26
2808,Steven Gonzalez,steven.gonzalez1@gmail.com,United States,2022-02-27,Premium,3948.10
2809,Noah Lopez,noah.lopez@mail.io,United States,2023-04-15,Standard,133.69
2810,Andrew Wang,andrew.wang@gmail.com,United States,2021-11-22,Basic,157.60
2811,Sharon Harris,sharon.harris1@gmail.com,United Kingdom,2022-10-25,Standard,481.49
2812,Priya Sanchez,priya.sanchez@gmail.com,Germany,2020-07-28,Basic,119.64
2813,Nancy Gonzalez,nancy.gonzalez@company.com,France,2022-12-01,Premium,1636.45
2814,Robert Anderson,robert.anderson1@gmail.com,France,2021-03-01,Basic,123.17
2815,David Patel,david.patel@mail.io,United States,2022-06-22,Standard,453.44
2816,Paul Thompson,paul.thompson@company.com,Australia,2022-08-03,Standard,425.65
2817,Mark Nguyen,mark.nguyen@corp.net,Canada,2021-08-15,Standard,733.08
2818,Donald Gonzalez,donald.gonzalez@mail.io,United Kingdom,2024-09-11,Standard,696.93
2819,Susan Jones,susan.jones@corp.net,Canada,2024-06-25,Premium,3905.70
2820,Kenneth Robinson,kenneth.robinson@icloud.com,United Kingdom,2023-01-28,Basic,165.26
2821,Linda Walker,linda.walker1@gmail.com,India,2020-04-28,Standard,183.38
2822,Emily Davis,emily.davis@mail.io,Canada,2023-06-07,Basic,198.88
2823,Emily Clark,emily.clark@hotmail.com,United Kingdom,2025-02-01,Standard,323.00
2824,John Martinez,john.martinez@icloud.com,United Kingdom,2025-04-11,Standard,723.83
2825,James Smith,james.smith@company.com,United States,2023-04-30,Standard,269.70
2826,Arjun Miller,arjun.miller@yahoo.com,United Kingdom,2023-02-24,Premium,2268.66
2827,Joseph Miller,joseph.miller@outlook.com,Germany,2024-02-16,Standard,252.15
2828,Susan Kumar,susan.kumar1@gmail.com,United Kingdom,2022-09-15,Standard,213.48
2829,Andrew Mueller,andrew.mueller1@corp.net,Germany,2023-01-15,Standard,710.41
2830,Ashley Smith,ashley.smith@hotmail.com,Germany,2024-07-26,Premium,3326.41
2831,Lucas Jackson,lucas.jackson@icloud.com,United States,2025-03-25,Standard,792.83
2832,Raj Wang,raj.wang1@company.com,Germany,2023-11-17,Premium,3792.95
2833,Nancy Sanchez,nancy.sanchez1@gmail.com,India,2025-02-20,Standard,260.08
2834,Emily Clark,emily.clark@yahoo.com,Germany,2022-09-19,Basic,131.31
2835,Barbara Nguyen,barbara.nguyen@mail.io,United States,2022-07-05,Premium,3698.42
2836,Joseph Smith,joseph.smith@yahoo.com,United States,2024-08-21,Standard,736.15
2837,Mary Jones,mary.jones@icloud.com,United States,2023-07-30,Basic,52.75
2838,Joshua Perez,joshua.perez@corp.net,United States,2020-10-23,Standard,121.91
2839,Raj Perez,raj.perez@gmail.com,United Kingdom,2024-04-29,Basic,4.76
2840,Emily Wilson,emily.wilson@hotmail.com,United States,2024-03-30,Basic,114.71
2841,Rebecca Thomas,rebecca.thomas@yahoo.com,United States,2020-10-19,Basic,1.35
2842,Nancy Davis,,United States,2024-09-25,Basic,88.70
2843,Paul Rodriguez,paul.rodriguez1@gmail.com,Germany,2023-12-04,Standard,288.99
2844,Paul Harris,paul.harris1@gmail.com,United States,2024-07-23,Basic,31.46
2845,Noah Patel,noah.patel1@outlook.com,United States,2022-11-12,Basic,86.08
2846,Anthony Walker,anthony.walker@gmail.com,France,2021-01-18,Standard,400.33
2847,Mary Lopez,mary.lopez@gmail.com,United Kingdom,2025-05-04,Standard,127.98
2848,Christopher Gonzalez,christopher.gonzalez@icloud.com,France,2021-12-30,Basic,29.34
2849,Oliver Davis,oliver.davis@outlook.com,Germany,2020-05-03,Premium,1346.20
2850,Barbara Sanchez,barbara.sanchez@yahoo.com,Australia,2022-06-07,Standard,340.11
2851,Sofia Chen,sofia.chen@company.com,United States,2023-12-25,Standard,603.84
2852,Ananya Mueller,ananya.mueller@yahoo.com,France,2024-11-12,Standard,166.45
2853,Barbara Smith,barbara.smith@yahoo.com,United Kingdom,2023-03-12,Basic,101.44
2854,Jennifer Miller,jennifer.miller@outlook.com,France,2025-05-28,Standard,181.11
2855,Rebecca Moore,rebecca.moore@corp.net,United States,2025-04-13,Premium,2255.32
2856,Noah Nguyen,noah.nguyen@gmail.com,United States,2021-05-04,Standard,759.41
2857,Patricia Lopez,patricia.lopez1@outlook.com,United States,2025-05-26,Basic,11.07
2858,Ashley Jones,ashley.jones@mail.io,United Kingdom,2021-04-24,Basic,156.91
2859,Thomas Hernandez,thomas.hernandez@gmail.com,Australia,2020-06-02,Standard,531.42
2860,Patricia Smith,patricia.smith@gmail.com,United States,2022-07-16,Premium,2660.24
2861,Daniel Robinson,daniel.robinson@mail.io,France,2024-09-16,Standard,593.88
2862,Andrew Taylor,andrew.taylor@icloud.com,United States,2022-03-27,Standard,349.86
2863,Paul Jones,paul.jones@gmail.com,United States,2023-03-17,Basic,29.30
2864,Sarah Rodriguez,sarah.rodriguez@outlook.com,United States,2024-07-03,Standard,264.61
2865,Nancy Chen,nancy.chen@outlook.com,United States,2022-03-24,Basic,123.08
2866,Joseph Wilson,joseph.wilson@yahoo.com,United Kingdom,2020-08-16,Standard,301.93
2867,Paul Clark,paul.clark@hotmail.com,India,2022-02-24,Standard,241.44
2868,Steven Taylor,steven.taylor@outlook.com,Germany,2020-04-22,Standard,171.47
2869,Barbara Moore,barbara.moore@mail.io,United Kingdom,2022-05-11,Standard,344.48
2870,Christopher Sanchez,christopher.sanchez2@gmail.com,United States,2021-06-22,Standard,327.08
2871,William Smith,william.smith@outlook.com,United States,2022-05-24,Standard,275.63
2872,Ananya Patel,ananya.patel@gmail.com,United States,2022-06-16,Standard,371.95
2873,Paul Chen,paul.chen1@outlook.com,United Kingdom,2024-03-10,Standard,266.99
2874,Robert White,robert.white@yahoo.com,India,2025-04-13,Standard,554.36
2875,Matthew Martinez,matthew.martinez@yahoo.com,United States,2021-06-23,Basic,140.68
2876,Stephanie Thompson,stephanie.thompson@corp.net,United Kingdom,2021-03-02,Basic,199.32
2877,Matthew Smith,matthew.smith@hotmail.com,United States,2022-01-15,Basic,67.37
2878,Joseph Lewis,joseph.lewis@yahoo.com,United States,2020-07-24,Standard,84.21
2879,Karen Williams,karen.williams1@gmail.com,United States,2023-11-07,Basic,134.98
2880,Noah Gonzalez,noah.gonzalez@outlook.com,India,2020-02-08,Basic,17.44
2881,Sarah Kumar,sarah.kumar1@outlook.com,United States,2023-05-30,Standard,56.62
2882,Robert Chen,robert.chen@gmail.com,Germany,2023-06-30,Basic,131.87
2883,Raj Moore,raj.moore1@outlook.com,United Kingdom,2021-02-06,Standard,480.88
2884,Daniel Brown,daniel.brown2@outlook.com,Canada,2020-05-09,Standard,336.46
2885,Sofia Nguyen,sofia.nguyen2@gmail.com,Australia,2023-04-01,Standard,595.84
2886,Sofia Walker,sofia.walker@outlook.com,United Kingdom,2021-01-26,Standard,575.85
2887,Ashley Robinson,ashley.robinson@company.com,United States,2024-09-01,Premium,4667.03
2888,Rebecca Lee,rebecca.lee@gmail.com,United States,2021-12-19,Standard,142.01
2889,Barbara Garcia,barbara.garcia@gmail.com,Canada,2025-03-26,Standard,136.35
2890,Sharon Ramirez,sharon.ramirez@gmail.com,Canada,2022-05-30,Standard,334.88
2891,Oliver Hernandez,oliver.hernandez@mail.io,United States,2024-03-13,Basic,176.38
2892,Mark Clark,mark.clark2@gmail.com,United Kingdom,2023-09-24,Standard,133.55
2893,Noah Kim,noah.kim@corp.net,Canada,2022-11-17,Standard,121.70
2894,Barbara Rodriguez,barbara.rodriguez@mail.io,United States,2023-05-20,Basic,44.89
2895,Mia Jones,mia.jones@gmail.com,Germany,2021-11-14,Basic,52.70
2896,William Anderson,william.anderson@hotmail.com,United States,2023-12-12,Premium,4791.74
2897,Susan Nguyen,susan.nguyen@yahoo.com,United States,2020-07-05,Premium,4912.38
2898,Kenneth Wilson,kenneth.wilson@gmail.com,Germany,2022-05-19,Basic,38.16
2899,Patricia Lee,patricia.lee@gmail.com,United States,2022-05-23,Premium,2469.39
2900,Karen Taylor,karen.taylor@gmail.com,United States,2024-09-28,Standard,245.83
2901,Anthony Moore,anthony.moore@yahoo.com,Canada,2024-07-28,Premium,1065.65
2902,Sharon Johnson,sharon.johnson@outlook.com,United States,2020-08-17,Standard,571.57
2903,Laura Nguyen,laura.nguyen@icloud.com,United States,2022-01-22,Premium,2401.50
2904,Priya Lewis,priya.lewis@hotmail.com,United States,2024-03-21,Standard,717.43
2905,Richard Thomas,richard.thomas@outlook.com,United States,2024-09-05,Basic,6.13
2906,Sarah Nguyen,sarah.nguyen@mail.io,United Kingdom,2023-05-17,Premium,4397.84
2907,Donald Gonzalez,donald.gonzalez1@gmail.com,India,2024-10-11,Standard,657.64
2908,Arjun White,arjun.white@company.com,Canada,2021-06-29,Basic,5.77
2909,Steven Williams,steven.williams1@gmail.com,United States,2021-06-06,Basic,194.75
2910,Mia Kim,mia.kim1@mail.io,Germany,2021-01-31,Basic,41.54
2911,Karen Nguyen,karen.nguyen@outlook.com,United Kingdom,2021-05-11,Standard,102.38
2912,Lisa Smith,lisa.smith@gmail.com,United States,2020-01-07,Premium,4641.56
2913,Ashley White,ashley.white@gmail.com,United States,2022-09-03,Basic,132.92
2914,Lucas Lopez,lucas.lopez1@gmail.com,United States,2021-04-26,Standard,212.13
2915,Karen Sanchez,karen.sanchez@hotmail.com,India,2021-05-21,Basic,122.21
2916,Sarah Nguyen,sarah.nguyen1@gmail.com,Australia,2022-02-04,Standard,372.45
2917,Elizabeth Johnson,elizabeth.johnson@yahoo.com,United States,2025-01-29,Standard,296.55
2918,Jessica Singh,jessica.singh2@hotmail.com,United States,2022-07-10,Standard,325.62
2919,Lisa Hernandez,lisa.hernandez1@gmail.com,France,2024-05-05,Standard,154.65
2920,Karen Patel,karen.patel@icloud.com,United States,2025-05-21,Basic,192.63
2921,Elizabeth Chen,elizabeth.chen1@gmail.com,United Kingdom,2022-12-27,Basic,133.20
2922,Amanda Perez,amanda.perez@outlook.com,United States,2024-07-15,Premium,2091.04
2923,Steven Jackson,steven.jackson@mail.io,Germany,2021-08-31,Basic,88.02
2924,Thomas Smith,thomas.smith@outlook.com,United States,2021-10-01,Premium,582.20
2925,Raj Singh,raj.singh@outlook.com,Germany,2023-10-27,Standard,705.48
2926,Barbara Kim,barbara.kim@mail.io,Germany,2021-12-10,Premium,4818.58
2927,Oliver Taylor,oliver.taylor@yahoo.com,France,2024-02-17,Basic,92.94
2928,Sarah Singh,sarah.singh@yahoo.com,France,2022-06-02,Standard,740.01
2929,Anthony Jackson,anthony.jackson@outlook.com,United States,2020-11-03,Standard,744.04
2930,Stephanie Johnson,stephanie.johnson@corp.net,Germany,2022-02-25,Standard,508.28
2931,Mark Singh,mark.singh@mail.io,United States,2022-06-12,Basic,26.22
2932,Michael Chen,michael.chen@gmail.com,United States,2024-12-17,Standard,224.31
2933,Emma Sharma,emma.sharma@yahoo.com,United States,2023-08-07,Standard,316.91
2934,Jessica Hernandez,jessica.hernandez1@gmail.com,Germany,2024-11-17,Standard,384.35
2935,Ashley Davis,ashley.davis@hotmail.com,United States,2024-03-09,Premium,2161.58
2936,Paul Mueller,paul.mueller@icloud.com,France,2023-07-01,Basic,67.81
2937,Noah Walker,noah.walker@company.com,United Kingdom,2023-03-10,Standard,463.08
2938,Steven Jones,steven.jones1@icloud.com,United States,2023-07-26,Standard,235.20
2939,Oliver White,oliver.white@outlook.com,United States,2022-06-30,Standard,377.16
2940,Susan Gonzalez,susan.gonzalez@gmail.com,France,2021-06-11,Standard,550.96
2941,Oliver Lewis,oliver.lewis1@hotmail.com,Germany,2022-10-30,Premium,1985.04
2942,Joshua Thomas,joshua.thomas@mail.io,France,2021-05-04,Basic,29.77
2943,Emma Williams,emma.williams@company.com,Canada,2023-03-03,Basic,81.15
2944,Emma Nguyen,emma.nguyen@icloud.com,United States,2023-03-22,Standard,594.59
2945,Jennifer Sharma,jennifer.sharma1@gmail.com,United States,2020-05-04,Basic,57.90
2946,Joseph Robinson,joseph.robinson@yahoo.com,United Kingdom,2022-03-10,Basic,149.48
2947,Karen Clark,karen.clark@gmail.com,United Kingdom,2020-05-17,Basic,181.82
2948,Melissa Moore,melissa.moore@icloud.com,United Kingdom,2020-06-02,Standard,571.97
2949,Sharon Lewis,sharon.lewis@icloud.com,United States,2022-12-17,Standard,68.83
2950,Elizabeth Walker,elizabeth.walker@hotmail.com,United States,2023-03-27,Basic,72.60
2951,Sharon Mueller,sharon.mueller@gmail.com,United States,2024-03-13,Basic,39.43
2952,Anthony Patel,anthony.patel@icloud.com,United States,2024-12-27,Basic,89.32
2953,Sharon Miller,sharon.miller1@gmail.com,United States,2022-08-27,Standard,668.22
2954,Laura Johnson,laura.johnson@outlook.com,United States,2022-03-31,Standard,653.43
2955,Arjun Mueller,arjun.mueller@company.com,United States,2025-05-12,Basic,102.37
2956,Mia Lopez,mia.lopez1@gmail.com,United Kingdom,2021-03-09,Basic,191.83
2957,Ananya Martin,ananya.martin@gmail.com,France,2023-05-03,Basic,117.23
2958,Matthew Kim,matthew.kim@hotmail.com,France,2024-02-22,Basic,172.86
2959,Joseph Sharma,joseph.sharma1@gmail.com,France,2024-02-13,Standard,375.65
2960,Sharon Kumar,sharon.kumar@company.com,United States,2020-04-18,Standard,582.32
2961,Karen Hernandez,karen.hernandez@icloud.com,United States,2021-09-15,Standard,337.85
2962,Oliver Gonzalez,oliver.gonzalez@hotmail.com,Germany,2025-04-15,Premium,2908.77
2963,Daniel Walker,daniel.walker1@yahoo.com,India,2021-02-21,Premium,4854.15
2964,Arjun Wilson,arjun.wilson@corp.net,Germany,2021-04-02,Basic,163.71
2965,Sofia Sharma,sofia.sharma@outlook.com,United States,2021-08-17,Standard,228.63
2966,Sofia Moore,sofia.moore@corp.net,France,2024-11-28,Standard,484.57
2967,Christopher Kumar,christopher.kumar@outlook.com,Australia,2020-09-12,Standard,240.90
2968,Laura Martin,laura.martin@company.com,Germany,2020-04-29,Standard,67.49
2969,John Williams,john.williams@outlook.com,United Kingdom,2023-06-01,Premium,2092.09
2970,Noah Thompson,noah.thompson@hotmail.com,United States,2023-12-21,Standard,53.12
2971,Joseph Martinez,joseph.martinez@company.com,India,2023-05-04,Standard,766.33
2972,Mia Robinson,mia.robinson@yahoo.com,Germany,2023-12-19,Standard,634.38
2973,Richard Martin,richard.martin@gmail.com,Canada,2023-11-15,Standard,582.82
2974,Kenneth Moore,kenneth.moore1@hotmail.com,United Kingdom,2021-07-16,Standard,710.66
2975,Noah Perez,noah.perez1@gmail.com,United States,2020-01-31,Premium,1844.22
2976,Emma White,emma.white@mail.io,United States,2020-04-15,Standard,634.67
2977,Michael Robinson,michael.robinson@yahoo.com,Germany,2021-12-02,Standard,115.01
2978,Ananya Mueller,ananya.mueller@hotmail.com,United States,2020-05-09,Standard,217.51
2979,Ananya Martinez,ananya.martinez1@gmail.com,United Kingdom,2024-01-29,Basic,86.47
2980,Mia Martinez,mia.martinez@company.com,India,2021-10-31,Basic,94.40
2981,Rebecca Jackson,rebecca.jackson@gmail.com,United States,2020-05-18,Standard,725.16
2982,Sarah Clark,sarah.clark@corp.net,United States,2022-10-03,Standard,788.94
2983,Michael Sharma,michael.sharma@outlook.com,United Kingdom,2022-06-17,Standard,179.96
2984,Laura Rodriguez,laura.rodriguez@gmail.com,United States,2022-07-29,Standard,475.14
2985,Laura Jones,laura.jones2@gmail.com,United States,2020-05-25,Premium,4887.02
2986,William Sanchez,william.sanchez@corp.net,Germany,2023-07-27,Basic,1.75
2987,Amanda Martin,amanda.martin1@gmail.com,United States,2025-04-03,Basic,159.11
2988,Ashley Clark,ashley.clark@hotmail.com,Australia,2022-05-08,Standard,746.48
2989,Rebecca Mueller,rebecca.mueller@yahoo.com,France,2021-06-30,Standard,642.72
2990,Sarah Rodriguez,sarah.rodriguez@corp.net,United States,2020-10-28,Premium,3336.22
2991,Oliver Clark,oliver.clark@company.com,United Kingdom,2023-03-21,Standard,472.74
2992,Mark Sanchez,mark.sanchez@gmail.com,Germany,2023-04-27,Standard,734.77
2993,Raj Jackson,raj.jackson1@gmail.com,Canada,2022-10-06,Basic,16.15
2994,Christopher Gonzalez,christopher.gonzalez@hotmail.com,United States,2023-12-27,Basic,5.93
2995,Lisa Garcia,lisa.garcia@outlook.com,France,2021-04-29,Standard,496.90
2996,Mark Kim,mark.kim@mail.io,France,2021-09-18,Basic,148.18
2997,Mark Kim,mark.kim@gmail.com,United States,2020-01-27,Basic,55.12
2998,Lisa Brown,lisa.brown@company.com,United States,2023-03-08,Basic,138.60
2999,Ashley Garcia,ashley.garcia@mail.io,Australia,2020-11-11,Basic,20.33
3000,Mia Ramirez,mia.ramirez1@gmail.com,Canada,2024-01-07,Standard,207.98
3001,Stephanie Wilson,stephanie.wilson@corp.net,India,2024-01-10,Premium,3619.38
3002,Oliver Kim,oliver.kim@mail.io,United States,2021-04-09,Standard,618.29
3003,Priya Johnson,priya.johnson@outlook.com,Germany,2025-01-12,Basic,15.23
3004,Joseph Thompson,joseph.thompson1@gmail.com,France,2022-09-18,Standard,343.60
3005,Emily Moore,emily.moore@yahoo.com,United States,2024-05-07,Standard,695.79
3006,Laura Kumar,laura.kumar@outlook.com,France,2022-09-11,Standard,333.25
3007,David Lewis,david.lewis@gmail.com,France,2022-05-22,Basic,50.50
3008,Emma Williams,emma.williams@gmail.com,Australia,2023-03-17,Standard,374.61
3009,Mia Chen,mia.chen@icloud.com,India,2020-06-06,Basic,50.86
3010,Emma Williams,emma.williams1@company.com,Germany,2025-01-19,Standard,349.66
3011,Emma Johnson,emma.johnson1@company.com,France,2020-11-01,Basic,7.08
3012,Mary Clark,mary.clark@hotmail.com,Canada,2024-04-05,Standard,690.11
3013,Laura Smith,laura.smith@gmail.com,Canada,2022-03-27,Standard,637.62
3014,Sharon Thompson,sharon.thompson@gmail.com,United States,2023-02-23,Standard,584.52
3015,Thomas Gonzalez,thomas.gonzalez@icloud.com,Australia,2022-05-17,Standard,605.71
3016,Melissa Anderson,melissa.anderson@outlook.com,Germany,2022-03-11,Basic,67.48
3017,Noah Thomas,noah.thomas1@gmail.com,Australia,2022-11-22,Standard,787.42
3018,Raj Miller,raj.miller@yahoo.com,United States,2020-06-25,Basic,3.75
3019,Daniel Sharma,daniel.sharma@corp.net,United Kingdom,2021-02-01,Standard,309.56
3020,Steven Patel,steven.patel1@yahoo.com,Australia,2023-12-22,Basic,35.40
3021,Thomas Martin,thomas.martin2@company.com,United Kingdom,2020-02-02,Basic,188.83
3022,Thomas Garcia,thomas.garcia@outlook.com,United States,2020-01-19,Standard,690.33
3023,Andrew Gonzalez,andrew.gonzalez1@gmail.com,Germany,2023-09-16,Standard,567.65
3024,Stephanie Clark,stephanie.clark@mail.io,United States,2024-02-08,Standard,707.02
3025,Matthew Lee,matthew.lee@gmail.com,India,2021-05-10,Standard,578.04
3026,Emily Hernandez,emily.hernandez@corp.net,Germany,2025-02-04,Standard,680.01
3027,Christopher Singh,christopher.singh@icloud.com,United States,2020-08-22,Standard,470.31
3028,Amanda Rodriguez,amanda.rodriguez1@gmail.com,United States,2023-12-29,Standard,121.50
3029,Sharon Chen,sharon.chen1@gmail.com,United States,2025-03-27,Premium,3888.02
3030,Andrew Nguyen,andrew.nguyen@gmail.com,France,2023-12-21,Premium,3005.49
3031,Melissa Thomas,melissa.thomas@company.com,United Kingdom,2023-07-27,Standard,69.61
3032,Melissa Hernandez,melissa.hernandez@company.com,United States,2022-08-08,Basic,193.09
3033,Paul Smith,paul.smith@company.com,Germany,2022-10-07,Standard,66.93
3034,Amanda Jones,amanda.jones@outlook.com,Australia,2023-04-07,Standard,690.39
3035,Kenneth White,kenneth.white@hotmail.com,United Kingdom,2022-11-13,Premium,4922.44
3036,Daniel Hernandez,daniel.hernandez1@corp.net,Germany,2023-03-10,Basic,192.36
3037,Rebecca Lopez,rebecca.lopez@mail.io,France,2020-03-30,Standard,517.10
3038,Sarah Rodriguez,sarah.rodriguez1@corp.net,United States,2021-10-11,Premium,4738.63
3039,Paul Martinez,paul.martinez@outlook.com,Germany,2022-04-28,Standard,456.41
3040,Arjun Lopez,,United States,2023-10-06,Basic,137.77
3041,Andrew Anderson,andrew.anderson@hotmail.com,United Kingdom,2020-06-22,Basic,191.48
3042,Joshua Thomas,joshua.thomas@yahoo.com,United Kingdom,2020-10-06,Standard,318.38
3043,Melissa Patel,melissa.patel@outlook.com,United States,2022-03-29,Standard,681.77
3044,John Davis,john.davis@company.com,United Kingdom,2020-06-29,Standard,222.30
3045,Laura Perez,laura.perez2@gmail.com,United Kingdom,2020-06-06,Standard,380.88
3046,David Nguyen,david.nguyen@outlook.com,India,2023-01-09,Standard,68.04
3047,Joshua Jackson,joshua.jackson@icloud.com,United States,2021-05-09,Basic,110.35
3048,Christopher Nguyen,christopher.nguyen@yahoo.com,Australia,2021-10-10,Standard,64.21
3049,Emily White,emily.white1@company.com,United States,2024-02-28,Standard,738.24
3050,Kenneth Wang,kenneth.wang@yahoo.com,United States,2020-10-12,Standard,631.57
3051,John Kim,john.kim@gmail.com,Germany,2025-05-02,Basic,185.13
3052,Laura Taylor,laura.taylor@gmail.com,Canada,2025-01-24,Standard,417.67
3053,Patricia Wilson,patricia.wilson@company.com,United States,2024-07-07,Basic,157.48
3054,James White,james.white2@gmail.com,United States,2021-09-01,Basic,67.91
3055,Donald Moore,donald.moore1@gmail.com,United States,2025-04-21,Standard,535.20
3056,William Smith,william.smith@yahoo.com,Germany,2024-06-23,Premium,3410.78
3057,Thomas Kim,thomas.kim@gmail.com,India,2022-10-05,Premium,1922.80
3058,Michael Smith,michael.smith@icloud.com,United States,2021-12-06,Standard,643.14
3059,Matthew White,matthew.white@gmail.com,United States,2020-01-25,Premium,685.46
3060,Jessica Harris,jessica.harris@hotmail.com,Australia,2025-01-08,Basic,21.08
3061,Elizabeth Taylor,elizabeth.taylor1@mail.io,United Kingdom,2021-05-16,Standard,142.61
3062,Mary Patel,mary.patel@outlook.com,Germany,2025-03-05,Basic,12.65
3063,Robert Kim,robert.kim@corp.net,United Kingdom,2023-07-13,Standard,288.77
3064,Sarah Garcia,sarah.garcia1@gmail.com,India,2023-08-25,Standard,458.41
3065,Priya Chen,priya.chen@hotmail.com,Canada,2020-06-15,Basic,91.28
3066,Stephanie Mueller,stephanie.mueller1@outlook.com,United States,2024-07-10,Standard,627.25
3067,Christopher Kim,christopher.kim1@outlook.com,India,2024-07-10,Standard,778.76
3068,James Harris,james.harris@icloud.com,United States,2024-04-03,Premium,2508.70
3069,Patricia Lewis,patricia.lewis@gmail.com,Germany,2020-04-14,Standard,501.51
3070,Jennifer Kumar,jennifer.kumar@gmail.com,United States,2021-07-07,Standard,150.99
3071,Joshua Ramirez,joshua.ramirez@outlook.com,France,2020-02-04,Basic,153.55
3072,Anthony Anderson,anthony.anderson@gmail.com,United States,2020-01-25,Standard,348.35
3073,Anthony Smith,anthony.smith@gmail.com,United States,2025-03-08,Premium,748.38
3074,Arjun Sanchez,arjun.sanchez1@gmail.com,Canada,2021-06-01,Basic,134.76
3075,Mia Garcia,mia.garcia@outlook.com,United States,2020-06-22,Basic,133.50
3076,Christopher Nguyen,christopher.nguyen1@gmail.com,France,2020-06-18,Standard,140.25
3077,Robert Perez,robert.perez@icloud.com,France,2022-01-03,Standard,342.02
3078,Melissa Chen,melissa.chen@outlook.com,United States,2022-04-13,Standard,545.19
3079,Mia Johnson,mia.johnson@outlook.com,Germany,2020-11-21,Basic,74.14
3080,William Sharma,william.sharma@gmail.com,United Kingdom,2022-11-10,Basic,25.01
3081,Melissa Brown,melissa.brown@outlook.com,United States,2025-02-10,Basic,103.80
3082,Daniel White,daniel.white@gmail.com,France,2024-05-05,Premium,776.48
3083,Kenneth Lewis,kenneth.lewis@hotmail.com,Germany,2020-03-25,Standard,300.55
3084,Donald White,donald.white@gmail.com,United States,2021-09-18,Premium,529.41
3085,Rebecca Jackson,rebecca.jackson1@gmail.com,United States,2023-03-28,Premium,534.97
3086,Lucas Kumar,lucas.kumar@icloud.com,Australia,2022-03-20,Basic,186.86
3087,Patricia Ramirez,patricia.ramirez@mail.io,United States,2020-06-15,Premium,1648.78
3088,Anthony Singh,anthony.singh@mail.io,United Kingdom,2022-09-07,Standard,495.49
3089,Susan Kumar,susan.kumar2@gmail.com,India,2025-02-10,Premium,3467.54
3090,Nancy Martin,nancy.martin@company.com,France,2020-10-20,Basic,178.21
3091,Daniel Nguyen,daniel.nguyen@hotmail.com,United States,2021-11-25,Standard,544.17
3092,Donald Brown,donald.brown@corp.net,Germany,2024-04-12,Standard,462.27
3093,Daniel Kim,daniel.kim@gmail.com,Canada,2022-01-02,Basic,146.02
3094,Barbara Jackson,barbara.jackson@outlook.com,Germany,2022-11-28,Standard,220.41
3095,Matthew Harris,matthew.harris@mail.io,Germany,2021-12-06,Basic,48.96
3096,Patricia White,patricia.white@hotmail.com,United States,2022-11-12,Standard,52.07
3097,Michael Taylor,michael.taylor@mail.io,United States,2021-04-11,Premium,1309.70
3098,Sharon Clark,sharon.clark@icloud.com,Germany,2023-02-06,Standard,661.94
3099,Susan Lopez,susan.lopez@mail.io,United States,2021-09-13,Standard,683.91
3100,Amanda Wilson,amanda.wilson@hotmail.com,France,2020-05-31,Standard,63.71
3101,Michael Kumar,michael.kumar@yahoo.com,United States,2024-03-18,Standard,620.33
3102,Ananya Garcia,ananya.garcia@icloud.com,Germany,2020-07-20,Basic,32.96
3103,Arjun White,arjun.white@mail.io,Australia,2024-02-11,Basic,78.25
3104,Donald Wang,donald.wang@gmail.com,United States,2024-11-08,Standard,720.20
3105,Emma Smith,emma.smith3@gmail.com,United Kingdom,2021-03-30,Standard,459.24
3106,Thomas Lopez,thomas.lopez@yahoo.com,Germany,2021-03-30,Standard,636.12
3107,Amanda Lewis,amanda.lewis@company.com,United States,2023-01-17,Standard,313.80
3108,Andrew Ramirez,andrew.ramirez@corp.net,United Kingdom,2020-10-30,Premium,2734.38
3109,Nancy Patel,nancy.patel@icloud.com,Germany,2025-01-01,Premium,1626.15
3110,Kenneth Sanchez,kenneth.sanchez@company.com,Australia,2020-04-02,Standard,272.84
3111,Ananya Kim,ananya.kim@gmail.com,United Kingdom,2022-03-11,Standard,782.92
3112,Sarah Rodriguez,sarah.rodriguez@gmail.com,Canada,2024-02-23,Basic,130.92
3113,Jennifer Brown,jennifer.brown@gmail.com,United States,2023-08-16,Premium,3029.18
3114,Karen Lewis,karen.lewis@icloud.com,Canada,2021-05-29,Basic,43.57
3115,Kenneth Robinson,kenneth.robinson1@icloud.com,United States,2024-12-31,Premium,3563.51
3116,David Chen,david.chen@company.com,United States,2021-06-28,Standard,340.20
3117,Lucas Ramirez,lucas.ramirez@mail.io,Germany,2023-08-20,Standard,682.05
3118,Matthew Perez,matthew.perez@gmail.com,Canada,2025-03-20,Basic,13.57
3119,Thomas Sanchez,thomas.sanchez@company.com,Australia,2025-01-24,Standard,467.69
3120,Thomas Wilson,thomas.wilson@icloud.com,India,2021-10-13,Basic,87.06
3121,Arjun Williams,arjun.williams@corp.net,United States,2021-04-21,Standard,188.77
3122,Richard Jones,richard.jones@gmail.com,United States,2024-08-23,Standard,438.49
3123,Christopher Chen,christopher.chen@outlook.com,United States,2023-10-22,Standard,788.85
3124,Linda Jones,linda.jones@yahoo.com,Germany,2023-11-28,Basic,10.71
3125,Sharon Perez,sharon.perez@gmail.com,Canada,2025-03-11,Standard,54.07
3126,Emma Perez,emma.perez@outlook.com,Germany,2023-10-27,Premium,1754.97
3127,Stephanie Chen,stephanie.chen@yahoo.com,Germany,2024-09-14,Basic,53.80
3128,Ananya Martin,ananya.martin1@gmail.com,India,2020-11-09,Standard,455.83
3129,Steven Mueller,steven.mueller@hotmail.com,United States,2024-12-10,Standard,92.06
3130,Linda Lee,linda.lee@outlook.com,United Kingdom,2020-01-17,Basic,133.07
3131,James Lopez,james.lopez@gmail.com,Canada,2020-03-28,Basic,114.53
3132,Elizabeth Lewis,elizabeth.lewis2@outlook.com,Australia,2024-09-22,Standard,458.00
3133,Priya Harris,priya.harris@hotmail.com,India,2025-03-06,Premium,1515.56
3134,Susan Jackson,susan.jackson@gmail.com,United Kingdom,2023-11-02,Standard,651.46
3135,Anthony Wang,anthony.wang@icloud.com,Australia,2020-10-02,Standard,257.92
3136,Jessica Singh,jessica.singh@yahoo.com,United Kingdom,2021-01-05,Premium,2377.67
3137,Arjun Rodriguez,arjun.rodriguez@hotmail.com,France,2023-09-14,Standard,386.34
3138,Mark Harris,mark.harris@gmail.com,Germany,2022-02-11,Premium,1515.86
3139,Kenneth Wang,kenneth.wang@gmail.com,United Kingdom,2024-06-08,Basic,84.74
3140,Paul Hernandez,paul.hernandez@outlook.com,United States,2023-04-17,Standard,452.43
3141,Jessica Thomas,jessica.thomas1@mail.io,Canada,2023-01-07,Standard,567.27
3142,Joseph Martin,joseph.martin@gmail.com,United Kingdom,2024-01-21,Premium,632.85
3143,Emily Lopez,emily.lopez1@company.com,Canada,2023-03-27,Premium,1016.73
3144,Noah Jones,noah.jones@hotmail.com,United Kingdom,2022-04-21,Basic,62.68
3145,Noah White,noah.white1@outlook.com,United States,2020-06-12,Standard,526.08
3146,Richard Williams,richard.williams@gmail.com,United States,2022-12-19,Basic,127.34
3147,Joshua Chen,joshua.chen@outlook.com,France,2022-06-11,Standard,525.39
3148,Nancy Sharma,nancy.sharma@company.com,United States,2023-12-08,Standard,688.68
3149,Richard Chen,richard.chen@corp.net,Australia,2024-08-01,Basic,66.38
3150,Sarah Rodriguez,sarah.rodriguez1@gmail.com,United States,2025-04-30,Standard,582.50
3151,Melissa Taylor,melissa.taylor1@gmail.com,United States,2023-03-03,Standard,97.58
3152,Rebecca Hernandez,rebecca.hernandez1@corp.net,Canada,2021-03-19,Standard,418.30
3153,Lucas Johnson,lucas.johnson@yahoo.com,United States,2024-12-04,Premium,3375.50
3154,Matthew Martinez,matthew.martinez@icloud.com,India,2023-08-29,Basic,199.97
3155,Karen Martin,karen.martin1@yahoo.com,United States,2022-02-07,Standard,546.88
3156,James Sharma,james.sharma@mail.io,United States,2021-02-05,Basic,51.76
3157,Melissa Anderson,melissa.anderson@mail.io,United Kingdom,2020-04-19,Standard,101.23
3158,Steven Mueller,steven.mueller@outlook.com,Canada,2021-09-09,Premium,3354.68
3159,Oliver Perez,oliver.perez@yahoo.com,France,2023-05-21,Basic,14.38
3160,Mia Jones,mia.jones1@corp.net,United Kingdom,2020-01-20,Standard,409.30
3161,Amanda Jones,amanda.jones@gmail.com,United States,2022-02-14,Standard,117.52
3162,Mark Harris,mark.harris@yahoo.com,United States,2022-05-22,Basic,144.31
3163,Arjun Lewis,arjun.lewis@company.com,United States,2022-10-30,Standard,325.80
3164,Donald Williams,donald.williams@gmail.com,Germany,2022-03-07,Standard,297.75
3165,Elizabeth Williams,elizabeth.williams@gmail.com,United States,2021-02-06,Standard,683.97
3166,Arjun Garcia,arjun.garcia1@outlook.com,United States,2021-05-15,Basic,166.73
3167,Sofia Wang,sofia.wang@gmail.com,India,2021-04-16,Basic,60.26
3168,Linda Martin,linda.martin@gmail.com,France,2022-02-25,Basic,194.33
3169,Joseph Moore,joseph.moore1@gmail.com,Germany,2021-02-25,Standard,415.96
3170,Mark Lopez,mark.lopez@gmail.com,United States,2021-11-22,Premium,557.54
3171,Lisa Walker,lisa.walker@outlook.com,Australia,2022-02-16,Standard,799.95
3172,Daniel Garcia,daniel.garcia@yahoo.com,United Kingdom,2020-06-22,Basic,113.49
3173,Amanda Lewis,amanda.lewis@gmail.com,France,2023-09-01,Standard,681.41
3174,Priya Taylor,priya.taylor@yahoo.com,United Kingdom,2022-11-04,Basic,64.55
3175,Ananya Johnson,ananya.johnson@gmail.com,Canada,2023-03-28,Basic,199.70
3176,Lucas Lopez,lucas.lopez@corp.net,United Kingdom,2020-11-23,Standard,789.27
3177,Priya Thompson,priya.thompson1@icloud.com,United States,2020-07-17,Standard,553.15
3178,Mark Lee,mark.lee@outlook.com,Germany,2022-11-30,Basic,193.47
3179,Priya Martinez,priya.martinez@gmail.com,United States,2020-11-26,Premium,2509.30
3180,Stephanie Anderson,stephanie.anderson1@gmail.com,Germany,2020-04-29,Basic,10.02
3181,Arjun Thompson,arjun.thompson@icloud.com,United States,2023-04-21,Standard,89.11
3182,David Jackson,david.jackson@company.com,United Kingdom,2023-12-29,Basic,190.04
3183,Thomas Lopez,thomas.lopez@icloud.com,Australia,2021-12-06,Standard,131.34
3184,John Gonzalez,john.gonzalez1@gmail.com,United Kingdom,2022-11-08,Premium,3005.37
3185,Sofia Jackson,sofia.jackson@gmail.com,United States,2021-05-23,Standard,366.85
3186,Priya Sharma,priya.sharma@hotmail.com,United States,2024-12-27,Standard,152.23
3187,Robert Wilson,robert.wilson@gmail.com,United States,2020-02-27,Basic,2.61
3188,Joseph Wang,joseph.wang@gmail.com,United States,2021-09-18,Basic,111.48
3189,Raj Mueller,raj.mueller1@gmail.com,United States,2020-04-23,Standard,469.18
3190,William Hernandez,william.hernandez@gmail.com,United Kingdom,2024-03-17,Standard,405.80
3191,William Jones,william.jones@company.com,United Kingdom,2021-10-18,Basic,163.02
3192,Amanda Clark,amanda.clark@outlook.com,Canada,2025-04-09,Basic,59.38
3193,Ananya Miller,ananya.miller@corp.net,Germany,2023-02-20,Standard,378.74
3194,Donald Wang,donald.wang1@gmail.com,United States,2022-08-20,Basic,37.02
3195,Kenneth Thompson,kenneth.thompson@yahoo.com,Australia,2024-10-25,Standard,265.75
3196,Oliver Clark,oliver.clark1@mail.io,Canada,2024-02-12,Premium,987.20
3197,Ananya Williams,ananya.williams@outlook.com,United Kingdom,2023-12-14,Standard,243.71
3198,Stephanie Kumar,stephanie.kumar@company.com,Canada,2021-04-26,Standard,414.46
3199,Susan Thomas,susan.thomas@icloud.com,United States,2021-12-01,Standard,125.60
3200,Sofia Chen,sofia.chen@yahoo.com,United States,2022-02-04,Basic,34.14
3201,Donald Johnson,donald.johnson@yahoo.com,United States,2022-03-20,Premium,969.76
3202,Noah White,noah.white1@gmail.com,Australia,2022-07-12,Standard,651.26
3203,Paul Harris,paul.harris1@company.com,Canada,2020-11-01,Standard,379.24
3204,Sharon Johnson,sharon.johnson@yahoo.com,Australia,2022-12-19,Standard,192.46
3205,Robert Chen,robert.chen@corp.net,United States,2024-02-27,Standard,730.50
3206,Laura Davis,laura.davis1@gmail.com,France,2020-04-29,Standard,761.53
3207,Matthew Lopez,matthew.lopez@gmail.com,United Kingdom,2023-08-27,Basic,121.26
3208,James Sanchez,james.sanchez@mail.io,Germany,2022-03-15,Basic,198.71
3209,Emily Johnson,emily.johnson@gmail.com,United States,2020-06-16,Standard,579.53
3210,Anthony Thomas,anthony.thomas@gmail.com,Germany,2021-12-30,Standard,766.80
3211,Emily Thompson,emily.thompson1@gmail.com,United States,2021-12-02,Basic,146.56
3212,Christopher Gonzalez,christopher.gonzalez@mail.io,United Kingdom,2022-11-28,Standard,651.91
3213,Karen Walker,karen.walker1@gmail.com,United States,2021-06-21,Basic,139.76
3214,Daniel Garcia,daniel.garcia@mail.io,France,2022-09-11,Standard,226.48
3215,Rebecca Thompson,rebecca.thompson@gmail.com,United States,2022-01-13,Premium,4316.40
3216,James Sanchez,james.sanchez@outlook.com,United States,2025-05-31,Basic,98.60
3217,Joseph Jackson,joseph.jackson@icloud.com,United Kingdom,2024-12-13,Basic,181.43
3218,Matthew Anderson,matthew.anderson@gmail.com,Canada,2024-01-04,Basic,24.61
3219,Steven Patel,steven.patel1@gmail.com,United States,2021-10-12,Standard,717.16
3220,Patricia Johnson,patricia.johnson1@gmail.com,Canada,2023-11-24,Standard,107.59
3221,Jessica Patel,jessica.patel1@outlook.com,United States,2020-07-04,Premium,1856.74
3222,Amanda Sanchez,amanda.sanchez@gmail.com,Germany,2020-04-04,Basic,71.67
3223,Oliver Brown,oliver.brown@gmail.com,India,2020-10-31,Basic,68.83
3224,Mary Thompson,mary.thompson@gmail.com,France,2021-10-18,Standard,220.34
3225,Elizabeth Rodriguez,elizabeth.rodriguez@mail.io,United Kingdom,2021-08-24,Standard,739.21
3226,Joseph Lewis,joseph.lewis@company.com,United States,2020-10-16,Basic,96.19
3227,Rebecca Thompson,rebecca.thompson@mail.io,Germany,2020-01-19,Standard,58.10
3228,Christopher Jackson,christopher.jackson1@gmail.com,India,2020-10-27,Standard,231.85
3229,Linda Clark,linda.clark1@gmail.com,United States,2022-07-15,Basic,46.74
3230,Patricia Clark,patricia.clark@mail.io,United States,2022-08-27,Standard,773.25
3231,Joshua Williams,joshua.williams@corp.net,United Kingdom,2025-04-10,Basic,33.95
3232,Christopher Johnson,christopher.johnson1@gmail.com,United States,2023-06-30,Standard,690.77
3233,Karen Patel,karen.patel1@icloud.com,United States,2024-02-19,Basic,177.94
3234,Lucas Patel,lucas.patel@gmail.com,France,2022-08-07,Standard,751.73
3235,Mary Davis,mary.davis@icloud.com,India,2020-05-01,Standard,684.24
3236,Matthew Sanchez,matthew.sanchez@outlook.com,United States,2022-02-20,Basic,26.44
3237,Michael Jones,michael.jones1@gmail.com,India,2021-01-22,Premium,4761.67
3238,Thomas Harris,thomas.harris@icloud.com,United States,2021-10-10,Standard,186.24
3239,Jennifer Chen,jennifer.chen@gmail.com,United Kingdom,2024-03-01,Standard,74.98
3240,Sofia Kim,sofia.kim@mail.io,United Kingdom,2023-10-06,Basic,175.86
3241,William Jones,william.jones1@company.com,India,2023-01-28,Standard,350.37
3242,Joseph Robinson,joseph.robinson@gmail.com,United States,2020-11-28,Standard,583.05
3243,Richard Williams,richard.williams@corp.net,Australia,2021-12-10,Standard,341.34
3244,Ananya Harris,ananya.harris@gmail.com,United States,2023-10-12,Premium,2703.89
3245,Jessica Perez,jessica.perez@mail.io,Australia,2022-08-12,Premium,1749.70
3246,Raj Jackson,raj.jackson@mail.io,Germany,2023-09-07,Standard,401.91
3247,Steven Lee,steven.lee1@gmail.com,India,2022-09-07,Premium,1405.99
3248,Robert Moore,robert.moore@hotmail.com,India,2021-06-20,Standard,460.35
3249,Daniel Ramirez,daniel.ramirez@hotmail.com,United States,2021-08-14,Basic,93.39
3250,Robert Moore,robert.moore1@company.com,United States,2023-06-01,Standard,375.81
3251,Barbara Wang,barbara.wang1@gmail.com,United States,2024-05-17,Standard,360.30
3252,Sarah Harris,sarah.harris@gmail.com,France,2020-10-09,Standard,714.88
3253,Priya Nguyen,priya.nguyen@mail.io,United States,2021-08-13,Standard,589.01
3254,Michael Jones,michael.jones@outlook.com,India,2023-09-02,Standard,439.78
3255,Mary Jones,mary.jones@mail.io,United Kingdom,2021-03-19,Basic,52.45
3256,Jessica Robinson,jessica.robinson@outlook.com,France,2020-11-04,Basic,61.57
3257,Emma Martin,emma.martin1@company.com,India,2022-09-17,Basic,131.86
3258,David Davis,david.davis@company.com,India,2021-09-21,Standard,420.09
3259,Arjun Singh,arjun.singh@hotmail.com,United States,2022-05-29,Basic,151.46
3260,Matthew Jones,matthew.jones1@outlook.com,United States,2023-12-30,Standard,246.76
3261,James Hernandez,james.hernandez1@yahoo.com,Canada,2022-10-27,Basic,45.77
3262,Steven Gonzalez,steven.gonzalez@corp.net,France,2023-03-16,Standard,465.42
3263,Christopher Hernandez,christopher.hernandez@gmail.com,United States,2022-01-30,Standard,269.67
3264,Laura Hernandez,laura.hernandez@gmail.com,United States,2022-09-08,Standard,247.06
3265,Daniel Harris,daniel.harris@outlook.com,United States,2022-10-21,Standard,754.19
3266,Rebecca Kumar,rebecca.kumar@gmail.com,Australia,2020-01-10,Premium,3664.77
3267,Anthony Harris,anthony.harris@company.com,United States,2021-09-17,Standard,768.43
3268,Ananya Robinson,ananya.robinson1@gmail.com,United States,2022-01-07,Basic,73.91
3269,Matthew Jones,matthew.jones@gmail.com,United Kingdom,2025-01-01,Standard,220.04
3270,Noah Garcia,noah.garcia@company.com,India,2024-10-29,Basic,112.64
3271,John Wang,john.wang@gmail.com,Germany,2020-03-26,Standard,763.94
3272,Noah Jones,noah.jones@yahoo.com,United States,2020-12-05,Basic,151.62
3273,Mia Hernandez,mia.hernandez@mail.io,France,2023-03-14,Basic,98.78
3274,Oliver Sanchez,oliver.sanchez3@gmail.com,Germany,2022-03-28,Premium,4028.92
3275,Robert Nguyen,robert.nguyen@yahoo.com,United Kingdom,2023-04-16,Standard,90.66
3276,Richard Rodriguez,richard.rodriguez@outlook.com,Germany,2025-05-13,Standard,261.57
3277,Arjun Harris,arjun.harris2@icloud.com,United States,2023-06-14,Standard,467.59
3278,Anthony Kim,anthony.kim@icloud.com,United States,2022-04-04,Basic,68.61
3279,Patricia White,patricia.white1@gmail.com,United States,2023-11-05,Premium,731.90
3280,Mia Brown,mia.brown1@gmail.com,Canada,2022-05-25,Standard,60.46
3281,Elizabeth Hernandez,elizabeth.hernandez@yahoo.com,India,2023-02-17,Basic,82.36
3282,James Miller,james.miller@mail.io,United States,2022-06-13,Basic,195.07
3283,Arjun Harris,arjun.harris1@gmail.com,United Kingdom,2021-08-19,Basic,143.10
3284,Patricia Williams,patricia.williams@gmail.com,France,2022-02-07,Standard,697.00
3285,David Kumar,david.kumar@gmail.com,Germany,2023-09-20,Standard,378.21
3286,Mark Moore,mark.moore1@gmail.com,United Kingdom,2022-01-13,Premium,3276.91
3287,Mary Gonzalez,mary.gonzalez@gmail.com,France,2024-02-02,Basic,64.41
3288,Paul Garcia,paul.garcia@mail.io,France,2020-06-20,Standard,301.13
3289,Richard Hernandez,richard.hernandez@mail.io,Canada,2023-01-25,Standard,785.87
3290,Ashley Taylor,ashley.taylor@gmail.com,United States,2024-11-07,Basic,181.03
3291,Sharon Rodriguez,sharon.rodriguez@mail.io,Canada,2020-01-24,Standard,531.48
3292,Sarah White,sarah.white@outlook.com,United States,2020-10-16,Basic,31.70
3293,Amanda Rodriguez,amanda.rodriguez2@gmail.com,United States,2021-07-11,Standard,68.02
3294,Anthony Williams,anthony.williams@gmail.com,Germany,2024-08-28,Basic,179.54
3295,Lisa Kumar,lisa.kumar@gmail.com,United States,2025-04-13,Basic,171.72
3296,David Jackson,david.jackson1@hotmail.com,United States,2024-06-30,Standard,477.00
3297,Matthew Mueller,matthew.mueller@yahoo.com,United States,2021-11-10,Basic,70.48
3298,Oliver Chen,oliver.chen@company.com,India,2022-11-07,Standard,174.38
3299,Arjun Martin,,Australia,2022-12-29,Standard,666.70
3300,Christopher Smith,christopher.smith@hotmail.com,United States,2025-05-21,Premium,1396.39
3301,Ananya Smith,ananya.smith@yahoo.com,India,2025-03-24,Standard,327.88
3302,Susan Lee,susan.lee@outlook.com,United States,2024-06-30,Premium,2326.31
3303,Linda Johnson,linda.johnson@gmail.com,United States,2023-12-28,Premium,2763.46
3304,Laura Johnson,laura.johnson1@outlook.com,Australia,2021-06-30,Standard,481.91
3305,Joshua Martinez,joshua.martinez@icloud.com,Australia,2022-05-28,Standard,779.52
3306,Steven Rodriguez,steven.rodriguez1@outlook.com,India,2021-09-14,Standard,686.68
3307,Mia Wang,mia.wang@company.com,Germany,2024-05-29,Standard,357.86
3308,Nancy Wilson,nancy.wilson@yahoo.com,France,2020-11-29,Standard,110.20
3309,Arjun Sanchez,arjun.sanchez2@gmail.com,United States,2025-03-10,Standard,615.33
3310,Noah Patel,noah.patel@company.com,United States,2024-12-18,Standard,719.37
3311,Nancy Smith,nancy.smith@gmail.com,Australia,2021-09-09,Standard,112.46
3312,Richard Hernandez,richard.hernandez1@gmail.com,United States,2023-05-25,Premium,4956.12
3313,Linda Singh,linda.singh1@yahoo.com,Canada,2020-10-28,Standard,525.81
3314,Jennifer Kumar,jennifer.kumar@yahoo.com,Canada,2023-05-02,Standard,609.62
3315,Lucas Lewis,lucas.lewis@corp.net,India,2020-05-10,Basic,37.22
3316,Nancy Lewis,nancy.lewis@outlook.com,United States,2023-10-19,Standard,725.41
3317,Susan Lee,susan.lee@gmail.com,United Kingdom,2024-07-31,Basic,125.63
3318,Noah Ramirez,noah.ramirez@hotmail.com,United States,2024-02-26,Basic,165.12
3319,Anthony Brown,anthony.brown@mail.io,United States,2025-04-17,Standard,378.85
3320,Rebecca Davis,rebecca.davis@yahoo.com,France,2025-02-06,Standard,285.92
3321,Steven Thompson,steven.thompson@yahoo.com,France,2021-09-02,Standard,199.21
3322,Stephanie Patel,stephanie.patel@company.com,United States,2023-01-12,Standard,236.53
3323,William Mueller,william.mueller@gmail.com,United Kingdom,2021-11-17,Basic,1.34
3324,Sofia Johnson,sofia.johnson@icloud.com,United Kingdom,2025-05-25,Premium,3210.04
3325,Amanda Walker,amanda.walker@gmail.com,United Kingdom,2024-03-09,Standard,292.97
3326,Donald Moore,donald.moore@hotmail.com,United States,2022-07-22,Premium,1442.48
3327,Lucas Lewis,lucas.lewis@outlook.com,United Kingdom,2022-01-01,Basic,42.08
3328,Steven Jones,steven.jones@gmail.com,United States,2023-10-16,Standard,742.09
3329,Thomas Chen,thomas.chen1@company.com,Australia,2023-06-04,Basic,186.40
3330,David Jackson,david.jackson2@gmail.com,France,2023-10-16,Premium,4515.04
3331,Steven Moore,steven.moore@hotmail.com,Germany,2024-12-26,Standard,467.79
3332,Karen Gonzalez,karen.gonzalez@yahoo.com,Canada,2025-04-19,Basic,120.48
3333,Christopher Walker,christopher.walker1@company.com,United States,2022-07-31,Basic,49.45
3334,Ashley Clark,ashley.clark@corp.net,United States,2021-06-20,Standard,127.73
3335,Arjun Davis,arjun.davis@outlook.com,United States,2023-02-26,Standard,616.06
3336,Melissa Kumar,melissa.kumar@yahoo.com,United Kingdom,2020-05-24,Standard,151.29
3337,Noah Lee,noah.lee1@gmail.com,United Kingdom,2025-01-24,Standard,458.88
3338,Stephanie Sanchez,stephanie.sanchez@mail.io,United Kingdom,2020-03-15,Standard,553.73
3339,Michael White,michael.white@corp.net,Germany,2020-03-31,Basic,35.43
3340,James Nguyen,james.nguyen@gmail.com,United States,2022-10-17,Standard,642.47
3341,Oliver Clark,oliver.clark@outlook.com,United States,2020-12-14,Basic,82.93
3342,Richard Clark,richard.clark@gmail.com,India,2021-04-30,Premium,1389.00
3343,Thomas Moore,thomas.moore@company.com,India,2020-05-21,Premium,541.23
3344,Sofia Nguyen,sofia.nguyen@company.com,United States,2024-05-31,Standard,237.46
3345,Thomas Chen,thomas.chen@icloud.com,United States,2025-04-03,Standard,465.51
3346,Sarah Mueller,sarah.mueller1@gmail.com,Australia,2023-07-02,Standard,633.56
3347,Karen Anderson,karen.anderson@gmail.com,United Kingdom,2020-05-28,Basic,141.17
3348,Michael Davis,michael.davis1@mail.io,India,2020-07-27,Standard,126.33
3349,Emma Walker,emma.walker1@gmail.com,United States,2022-04-09,Standard,792.94
3350,Jennifer Lee,jennifer.lee@icloud.com,United States,2024-11-21,Standard,595.55
3351,Sofia Williams,sofia.williams@company.com,United Kingdom,2021-12-19,Standard,189.65
3352,Rebecca Patel,rebecca.patel1@gmail.com,United States,2023-12-21,Premium,2740.03
3353,John Taylor,john.taylor1@gmail.com,India,2021-06-12,Basic,57.48
3354,Patricia Sanchez,patricia.sanchez1@gmail.com,Australia,2023-07-06,Premium,2887.76
3355,Kenneth Kumar,kenneth.kumar1@gmail.com,Germany,2023-03-25,Standard,320.09
3356,Steven Thomas,steven.thomas@company.com,United Kingdom,2023-12-19,Standard,542.08
3357,James Lewis,james.lewis2@gmail.com,India,2021-06-08,Premium,2796.38
3358,William Harris,william.harris@gmail.com,Canada,2023-11-06,Premium,2217.90
3359,Amanda Kim,amanda.kim@gmail.com,United States,2020-07-31,Standard,72.42
3360,Lisa Jackson,lisa.jackson@corp.net,France,2020-01-15,Premium,3730.73
3361,Arjun Chen,arjun.chen@outlook.com,United States,2020-06-08,Standard,240.06
3362,Jessica Anderson,jessica.anderson@yahoo.com,United States,2023-02-25,Standard,592.06
3363,Donald Nguyen,donald.nguyen@gmail.com,United States,2020-05-08,Standard,786.52
3364,Mark Lee,mark.lee1@hotmail.com,United States,2021-06-28,Standard,60.69
3365,Donald Martinez,donald.martinez@hotmail.com,United States,2021-06-30,Standard,697.35
3366,Kenneth Davis,kenneth.davis@outlook.com,United Kingdom,2024-04-09,Basic,176.84
3367,Sarah Martinez,sarah.martinez@gmail.com,United States,2022-04-20,Standard,155.29
3368,Joseph Perez,joseph.perez@gmail.com,United States,2021-08-17,Premium,3535.44
3369,Daniel Brown,daniel.brown1@corp.net,India,2020-07-24,Premium,1811.34
3370,Sarah Robinson,sarah.robinson@outlook.com,United Kingdom,2025-04-21,Standard,752.45
3371,Noah Lewis,noah.lewis@icloud.com,United States,2023-11-12,Standard,531.67
3372,Amanda Jones,amanda.jones1@outlook.com,Germany,2022-05-19,Basic,111.34
3373,Lisa Perez,lisa.perez@gmail.com,India,2023-05-26,Premium,1938.85
3374,John Martin,john.martin1@gmail.com,United States,2025-03-31,Basic,109.33
3375,Joseph Wilson,joseph.wilson1@yahoo.com,United States,2021-07-30,Standard,136.23
3376,Anthony Brown,anthony.brown@gmail.com,United States,2020-08-09,Standard,149.55
3377,Donald Ramirez,donald.ramirez@gmail.com,Australia,2022-03-27,Standard,767.71
3378,Donald Mueller,donald.mueller@gmail.com,United States,2024-05-05,Standard,489.80
3379,Richard Garcia,richard.garcia@company.com,United States,2021-03-29,Basic,11.54
3380,Priya Chen,priya.chen@yahoo.com,India,2024-05-12,Standard,260.30
3381,Sarah Harris,sarah.harris@corp.net,United Kingdom,2024-03-23,Standard,415.69
3382,Jessica Rodriguez,jessica.rodriguez@icloud.com,United States,2023-10-04,Premium,3538.88
3383,Laura Thomas,laura.thomas@mail.io,Canada,2020-03-03,Standard,429.20
3384,Thomas Kumar,thomas.kumar@mail.io,Canada,2025-01-30,Premium,1946.25
3385,Rebecca Nguyen,rebecca.nguyen2@gmail.com,India,2022-07-07,Standard,541.13
3386,Thomas Singh,thomas.singh@yahoo.com,Germany,2022-07-31,Basic,84.69
3387,Barbara Jones,barbara.jones@yahoo.com,France,2023-12-09,Standard,141.77
3388,Kenneth Martin,kenneth.martin@yahoo.com,United States,2021-11-30,Premium,1627.87
3389,Donald Smith,donald.smith@gmail.com,United States,2021-05-30,Basic,54.51
3390,Elizabeth Sanchez,elizabeth.sanchez@gmail.com,Canada,2021-10-10,Premium,620.60
3391,Lucas Singh,lucas.singh@outlook.com,United States,2025-03-09,Standard,158.41
3392,John Lopez,john.lopez@company.com,Canada,2022-07-20,Standard,705.90
3393,Christopher Mueller,christopher.mueller@company.com,France,2023-06-23,Basic,156.32
3394,Daniel Johnson,daniel.johnson@outlook.com,United States,2024-07-20,Premium,2321.04
3395,Mary Thompson,mary.thompson@outlook.com,United Kingdom,2022-09-19,Basic,123.36
3396,Richard Nguyen,richard.nguyen@hotmail.com,United States,2021-11-01,Standard,564.70
3397,Steven Mueller,steven.mueller@yahoo.com,United States,2021-12-08,Basic,118.76
3398,Thomas Rodriguez,thomas.rodriguez2@gmail.com,France,2020-09-15,Standard,192.43
3399,Daniel Kumar,daniel.kumar@yahoo.com,United States,2024-11-11,Premium,2069.38
3400,Sarah Robinson,sarah.robinson@yahoo.com,India,2024-01-14,Basic,177.52
3401,Sarah Lopez,sarah.lopez1@mail.io,United States,2021-05-14,Basic,21.63
3402,Mary Nguyen,mary.nguyen@hotmail.com,United States,2024-02-14,Basic,149.03
3403,Noah Harris,noah.harris@mail.io,India,2022-05-11,Standard,513.99
3404,Christopher Walker,christopher.walker@hotmail.com,France,2022-03-05,Premium,3328.63
3405,Raj Martinez,raj.martinez1@gmail.com,Germany,2024-07-25,Basic,12.38
3406,Christopher Thomas,christopher.thomas@outlook.com,United States,2021-02-09,Standard,146.74
3407,Ananya Lopez,ananya.lopez@outlook.com,India,2021-07-11,Basic,96.53
3408,Kenneth Gonzalez,kenneth.gonzalez@gmail.com,United States,2021-09-30,Basic,10.13
3409,Richard Garcia,richard.garcia@gmail.com,United States,2021-01-21,Standard,465.43
3410,Anthony Kim,anthony.kim1@outlook.com,Germany,2020-09-01,Basic,54.61
3411,Joseph Brown,joseph.brown@gmail.com,France,2021-02-06,Premium,3257.69
3412,Oliver Kumar,oliver.kumar@outlook.com,United States,2020-11-30,Standard,625.63
3413,Sharon Singh,sharon.singh1@yahoo.com,United States,2021-04-24,Standard,578.35
3414,Laura Lopez,laura.lopez@company.com,Germany,2022-07-15,Standard,693.15
3415,Christopher Williams,christopher.williams@gmail.com,United States,2022-11-30,Basic,131.00
3416,Mark Lee,mark.lee@company.com,United Kingdom,2024-12-10,Standard,795.37
3417,John Garcia,john.garcia@yahoo.com,United States,2020-12-18,Standard,88.34
3418,Anthony Williams,anthony.williams@hotmail.com,United States,2024-03-14,Standard,345.98
3419,Elizabeth Thompson,elizabeth.thompson1@gmail.com,United States,2021-08-22,Standard,685.39
3420,Mark Jackson,mark.jackson@corp.net,France,2021-05-08,Standard,637.42
3421,Emma Martin,emma.martin@yahoo.com,United States,2022-02-12,Standard,283.08
3422,Andrew Martin,andrew.martin2@icloud.com,United Kingdom,2021-12-08,Basic,8.37
3423,Raj Kim,raj.kim@mail.io,Germany,2023-09-22,Basic,98.37
3424,Emma Davis,emma.davis@outlook.com,United Kingdom,2024-07-07,Standard,86.86
3425,Noah Jones,noah.jones1@outlook.com,United States,2024-09-21,Basic,42.28
3426,Paul Gonzalez,paul.gonzalez1@hotmail.com,Australia,2023-10-23,Basic,63.11
3427,Patricia Thompson,patricia.thompson2@gmail.com,Germany,2021-08-16,Basic,43.78
3428,Nancy Harris,nancy.harris1@gmail.com,United States,2023-02-18,Basic,141.02
3429,Steven Wilson,steven.wilson@company.com,United States,2023-07-19,Basic,5.10
3430,Elizabeth Johnson,elizabeth.johnson@gmail.com,United Kingdom,2021-01-18,Basic,46.52
3431,Anthony Chen,anthony.chen@mail.io,United States,2020-10-24,Standard,694.19
3432,Richard Moore,richard.moore@yahoo.com,India,2023-09-10,Premium,3887.81
3433,Sarah Martin,sarah.martin@gmail.com,United Kingdom,2023-07-11,Standard,766.96
3434,Ashley Perez,ashley.perez@outlook.com,United States,2021-01-09,Standard,188.14
3435,Noah Wang,noah.wang@corp.net,Canada,2020-03-12,Standard,562.21
3436,Jennifer Thomas,jennifer.thomas@company.com,Germany,2024-10-19,Standard,488.46
3437,Nancy Williams,nancy.williams@hotmail.com,India,2023-01-20,Standard,122.99
3438,Nancy Miller,nancy.miller@yahoo.com,United States,2024-04-29,Standard,271.92
3439,Richard Kumar,richard.kumar@yahoo.com,United States,2024-07-04,Standard,377.23
3440,Lucas Miller,lucas.miller2@gmail.com,Germany,2024-02-29,Basic,94.02
3441,Lisa Moore,lisa.moore@icloud.com,France,2022-01-20,Standard,728.36
3442,Mia Anderson,mia.anderson@yahoo.com,United States,2023-08-04,Basic,56.03
3443,Mark Rodriguez,mark.rodriguez@yahoo.com,India,2021-01-13,Standard,293.67
3444,Nancy Moore,nancy.moore@yahoo.com,United Kingdom,2021-01-13,Basic,113.96
3445,Emily Chen,emily.chen@mail.io,United States,2020-11-05,Standard,100.35
3446,Rebecca Davis,rebecca.davis@mail.io,India,2020-01-29,Basic,127.00
3447,Stephanie Garcia,stephanie.garcia1@yahoo.com,France,2025-03-02,Standard,632.20
3448,Daniel Wilson,daniel.wilson@company.com,Australia,2021-12-30,Basic,122.28
3449,Ashley Jones,ashley.jones1@mail.io,United States,2025-03-07,Premium,3073.82
3450,Lisa Miller,lisa.miller@mail.io,United States,2024-07-02,Standard,475.08
3451,Emma Martin,emma.martin@outlook.com,France,2024-05-19,Standard,252.50
3452,Raj Perez,raj.perez@company.com,France,2024-01-13,Standard,707.64
3453,David Martinez,david.martinez@company.com,Germany,2021-11-15,Standard,150.59
3454,Daniel Kumar,daniel.kumar@company.com,Canada,2021-03-22,Premium,4821.74
3455,Andrew Perez,andrew.perez@outlook.com,United States,2025-05-05,Premium,3667.06
3456,Elizabeth Lopez,elizabeth.lopez@gmail.com,Canada,2024-05-06,Basic,141.14
3457,Sharon Lopez,sharon.lopez@hotmail.com,United States,2023-05-05,Standard,91.98
3458,Susan Smith,susan.smith1@outlook.com,United Kingdom,2023-11-20,Basic,167.24
3459,Andrew Jones,andrew.jones@mail.io,United States,2023-10-14,Basic,191.03
3460,Emma Garcia,emma.garcia@outlook.com,United Kingdom,2023-01-16,Basic,115.43
3461,Anthony Wang,anthony.wang@mail.io,India,2022-06-10,Standard,351.69
3462,Ananya Wang,ananya.wang@gmail.com,United States,2022-11-06,Standard,639.87
3463,Elizabeth Wang,elizabeth.wang2@gmail.com,United States,2023-08-20,Standard,683.20
3464,Emily White,emily.white@gmail.com,United States,2021-02-10,Basic,160.44
3465,Andrew Singh,andrew.singh@icloud.com,United States,2022-11-27,Basic,180.31
3466,Mary Taylor,mary.taylor@icloud.com,United States,2024-04-20,Premium,2703.27
3467,Susan Smith,susan.smith1@gmail.com,Germany,2022-09-29,Basic,178.06
3468,Mary Lewis,mary.lewis1@gmail.com,India,2024-07-13,Standard,594.89
3469,Thomas Sharma,thomas.sharma@gmail.com,United Kingdom,2020-10-16,Standard,99.74
3470,Joshua Chen,joshua.chen@yahoo.com,Australia,2022-08-16,Standard,288.71
3471,Sharon Martinez,sharon.martinez@gmail.com,United Kingdom,2023-01-15,Standard,243.44
3472,Joseph Hernandez,joseph.hernandez@gmail.com,United States,2022-11-24,Basic,82.34
3473,Michael Walker,michael.walker@corp.net,Germany,2023-07-04,Standard,789.64
3474,Michael Jackson,michael.jackson@company.com,United States,2024-01-31,Standard,235.32
3475,Joseph Lopez,joseph.lopez@hotmail.com,United States,2022-07-18,Standard,347.80
3476,Ashley Taylor,ashley.taylor@outlook.com,United Kingdom,2022-08-02,Standard,564.14
3477,Emily Thomas,emily.thomas@mail.io,Germany,2023-01-22,Standard,780.90
3478,Mia Rodriguez,mia.rodriguez@gmail.com,United States,2020-02-02,Standard,221.28
3479,David Anderson,david.anderson@outlook.com,United Kingdom,2020-10-17,Standard,210.87
3480,Oliver Nguyen,oliver.nguyen@company.com,Canada,2025-05-15,Premium,3821.46
3481,Daniel Ramirez,daniel.ramirez@corp.net,United Kingdom,2022-11-20,Premium,2350.01
3482,William Ramirez,william.ramirez@icloud.com,United States,2021-03-26,Standard,440.16
3483,Joshua Williams,joshua.williams@company.com,United States,2022-09-06,Standard,797.12
3484,Emma Gonzalez,emma.gonzalez1@gmail.com,Canada,2025-03-31,Basic,64.64
3485,David Taylor,david.taylor@hotmail.com,Germany,2024-04-19,Basic,37.00
3486,Patricia Wang,patricia.wang@hotmail.com,Germany,2020-11-13,Standard,337.84
3487,Lisa Moore,lisa.moore@outlook.com,United States,2022-12-16,Basic,137.26
3488,David Martinez,david.martinez@gmail.com,United States,2020-01-18,Basic,20.76
3489,Steven Thomas,steven.thomas@hotmail.com,United States,2021-09-26,Basic,197.93
3490,Paul Robinson,paul.robinson1@gmail.com,United States,2025-01-22,Standard,159.80
3491,Jessica Chen,jessica.chen@gmail.com,United States,2022-08-24,Standard,66.15
3492,Arjun Robinson,arjun.robinson@corp.net,United States,2023-01-12,Basic,120.66
3493,Laura Garcia,laura.garcia@gmail.com,United States,2021-05-31,Basic,42.73
3494,Ananya Chen,ananya.chen@company.com,Germany,2024-10-29,Standard,465.11
3495,Joshua Brown,joshua.brown@icloud.com,Australia,2023-05-27,Standard,58.31
3496,Susan Anderson,susan.anderson@corp.net,United States,2023-11-06,Standard,686.86
3497,Karen Martinez,karen.martinez@gmail.com,United States,2023-12-11,Standard,182.90
3498,William Patel,william.patel@mail.io,United States,2023-05-05,Standard,444.25
3499,Susan Sanchez,susan.sanchez@outlook.com,Germany,2022-07-07,Standard,708.93
3500,Raj Smith,raj.smith1@gmail.com,United Kingdom,2020-10-26,Basic,43.44
3501,Sarah Patel,sarah.patel1@gmail.com,Australia,2025-01-13,Premium,1751.21
3502,Nancy Rodriguez,nancy.rodriguez@corp.net,India,2024-02-14,Standard,633.06
3503,John Garcia,john.garcia@gmail.com,United Kingdom,2021-05-19,Premium,2499.66
3504,John Mueller,john.mueller@corp.net,United States,2020-02-20,Premium,1007.16
3505,Jennifer Hernandez,jennifer.hernandez@mail.io,France,2023-08-20,Basic,185.70
3506,Rebecca Smith,rebecca.smith@hotmail.com,Australia,2024-10-27,Standard,450.77
3507,James Jackson,james.jackson@corp.net,United States,2023-02-24,Premium,2822.99
3508,Priya Ramirez,priya.ramirez1@gmail.com,Canada,2020-10-25,Standard,317.11
3509,Mary Hernandez,mary.hernandez1@gmail.com,United States,2023-11-18,Basic,35.54
3510,Matthew Hernandez,matthew.hernandez@hotmail.com,United Kingdom,2024-10-24,Basic,65.85
3511,Jessica Mueller,jessica.mueller@outlook.com,United States,2021-11-24,Basic,49.20
3512,Amanda Jones,amanda.jones@yahoo.com,India,2024-01-12,Standard,306.06
3513,Mark Thompson,mark.thompson@yahoo.com,India,2020-03-25,Basic,53.47
3514,Susan Miller,susan.miller@mail.io,Canada,2020-05-28,Basic,57.41
3515,Jennifer Rodriguez,jennifer.rodriguez@company.com,United States,2024-03-25,Standard,482.37
3516,Arjun Perez,arjun.perez@gmail.com,United Kingdom,2024-07-27,Standard,160.20
3517,Emily Perez,emily.perez@gmail.com,Canada,2023-09-17,Basic,93.51
3518,Jennifer Smith,jennifer.smith@company.com,France,2023-03-11,Standard,737.33
3519,Sarah Smith,sarah.smith@hotmail.com,United Kingdom,2020-07-17,Premium,4897.31
3520,Noah Jackson,noah.jackson@gmail.com,Canada,2024-10-09,Standard,625.17
3521,Mary Nguyen,mary.nguyen@gmail.com,Germany,2024-01-04,Standard,619.46
3522,Matthew Martinez,matthew.martinez1@yahoo.com,United States,2024-02-28,Standard,286.19
3523,Noah Sanchez,noah.sanchez@corp.net,United States,2023-03-31,Standard,444.84
3524,Matthew Walker,matthew.walker1@outlook.com,Canada,2021-12-27,Standard,580.86
3525,Linda Wilson,linda.wilson1@gmail.com,Australia,2020-06-27,Standard,558.69
3526,Priya Chen,priya.chen3@gmail.com,Germany,2024-11-03,Standard,143.77
3527,Emma Martinez,emma.martinez@outlook.com,Canada,2021-09-14,Premium,1051.97
3528,Jennifer Harris,jennifer.harris@yahoo.com,Australia,2023-06-18,Standard,397.27
3529,Raj Nguyen,raj.nguyen@outlook.com,Germany,2021-01-30,Basic,45.27
3530,Oliver Sanchez,oliver.sanchez@yahoo.com,United States,2020-04-26,Standard,116.04
3531,Oliver Walker,oliver.walker@outlook.com,United States,2020-01-04,Basic,198.88
3532,Stephanie Davis,stephanie.davis@hotmail.com,United Kingdom,2025-04-12,Standard,709.75
3533,David Thompson,david.thompson@mail.io,United States,2023-05-08,Basic,116.40
3534,Barbara Martinez,barbara.martinez1@gmail.com,France,2024-10-21,Premium,4432.85
3535,Oliver Lewis,oliver.lewis@yahoo.com,United States,2024-12-07,Premium,1418.14
3536,Daniel Jones,daniel.jones@gmail.com,United Kingdom,2024-04-24,Basic,126.65
3537,Priya Walker,priya.walker@outlook.com,United States,2021-02-06,Basic,175.83
3538,Paul Thompson,paul.thompson@yahoo.com,United Kingdom,2023-06-30,Standard,797.00
3539,Rebecca Martin,rebecca.martin@outlook.com,Canada,2022-02-27,Standard,91.08
3540,James Rodriguez,james.rodriguez1@outlook.com,India,2022-01-17,Standard,53.54
3541,Joseph Harris,joseph.harris@hotmail.com,United States,2022-07-22,Standard,523.34
3542,Arjun Wang,arjun.wang1@outlook.com,France,2020-06-08,Standard,667.72
3543,Laura Williams,laura.williams@company.com,Germany,2022-04-29,Standard,561.26
3544,Steven Smith,steven.smith@company.com,France,2022-12-10,Basic,72.20
3545,Daniel Sanchez,daniel.sanchez@gmail.com,United States,2023-02-14,Standard,605.65
3546,Mark Kim,mark.kim@icloud.com,United States,2024-03-12,Standard,546.99
3547,Barbara Walker,barbara.walker@mail.io,United States,2020-07-19,Basic,31.98
3548,Noah Lopez,noah.lopez@company.com,United States,2020-09-22,Standard,554.77
3549,Sarah Johnson,sarah.johnson@hotmail.com,Canada,2020-10-29,Standard,440.96
3550,Elizabeth Williams,elizabeth.williams@yahoo.com,France,2023-09-29,Basic,120.24
3551,David Williams,david.williams@mail.io,United States,2021-11-12,Basic,13.82
3552,Karen Perez,karen.perez@company.com,Germany,2023-06-06,Basic,114.64
3553,Ananya Gonzalez,ananya.gonzalez@gmail.com,Germany,2024-03-12,Standard,784.34
3554,Mary Miller,mary.miller@outlook.com,India,2020-01-31,Basic,25.10
3555,Mark Wang,mark.wang@gmail.com,United States,2022-01-13,Standard,336.69
3556,Priya Jones,priya.jones@icloud.com,France,2020-06-01,Basic,77.17
3557,Jessica Martinez,jessica.martinez@mail.io,France,2023-09-01,Premium,4328.01
3558,Jennifer Robinson,jennifer.robinson@gmail.com,United States,2021-04-05,Standard,330.70
3559,Melissa Kim,melissa.kim@mail.io,United States,2022-08-26,Basic,14.42
3560,Kenneth Johnson,kenneth.johnson@outlook.com,Germany,2024-09-24,Standard,620.68
3561,Lucas Singh,lucas.singh@yahoo.com,United Kingdom,2021-03-04,Standard,106.34
3562,Barbara Smith,barbara.smith@mail.io,Germany,2022-11-10,Basic,92.03
3563,Elizabeth Kumar,elizabeth.kumar2@gmail.com,Canada,2024-01-27,Basic,87.30
3564,Anthony Lopez,anthony.lopez@hotmail.com,United Kingdom,2023-09-22,Premium,2341.62
3565,Jessica Ramirez,jessica.ramirez@company.com,United States,2022-12-13,Basic,151.08
3566,Daniel Nguyen,daniel.nguyen@icloud.com,United States,2021-06-14,Basic,116.51
3567,Robert Mueller,robert.mueller@outlook.com,United States,2021-01-25,Basic,121.84
3568,Susan Smith,susan.smith2@outlook.com,Australia,2025-05-21,Standard,506.95
3569,Andrew Wilson,andrew.wilson@company.com,Australia,2020-04-22,Standard,325.25
3570,Kenneth Rodriguez,kenneth.rodriguez1@yahoo.com,United States,2022-07-29,Basic,98.69
3571,Sofia Martin,sofia.martin@mail.io,United States,2023-04-03,Standard,643.03
3572,Lisa Sharma,lisa.sharma@company.com,United States,2024-04-13,Standard,91.66
3573,Arjun Perez,arjun.perez1@gmail.com,India,2023-11-02,Basic,62.95
3574,Sharon Martinez,sharon.martinez1@gmail.com,United States,2021-05-23,Standard,340.16
3575,Karen Moore,karen.moore@hotmail.com,France,2024-03-10,Standard,421.77
3576,John Harris,john.harris@gmail.com,France,2023-10-27,Basic,190.61
3577,Oliver Moore,oliver.moore1@mail.io,United States,2020-01-22,Basic,17.24
3578,Patricia Robinson,patricia.robinson@outlook.com,United States,2024-10-25,Standard,226.39
3579,Laura Williams,laura.williams@mail.io,Australia,2022-09-01,Premium,2419.36
3580,Patricia Wang,patricia.wang@company.com,Australia,2022-09-13,Basic,21.59
3581,Barbara Johnson,barbara.johnson@gmail.com,United States,2025-01-29,Standard,500.03
3582,James Martin,james.martin@gmail.com,Canada,2024-02-22,Premium,4005.96
3583,Barbara Sanchez,barbara.sanchez@outlook.com,Australia,2023-02-04,Premium,2204.59
3584,Christopher Harris,christopher.harris@gmail.com,Australia,2025-01-21,Standard,199.77
3585,Emma Patel,emma.patel1@yahoo.com,United States,2022-03-19,Premium,1956.23
3586,Anthony Singh,anthony.singh1@icloud.com,Germany,2021-02-15,Basic,50.92
3587,Patricia Harris,patricia.harris@yahoo.com,India,2023-12-03,Basic,147.29
3588,Ashley Chen,ashley.chen@yahoo.com,United Kingdom,2024-06-07,Basic,139.03
3589,Sarah Clark,sarah.clark@gmail.com,France,2025-05-23,Standard,128.38
3590,Steven Chen,steven.chen@hotmail.com,United States,2022-12-24,Basic,109.40
3591,William Davis,william.davis@outlook.com,United Kingdom,2022-12-26,Basic,111.20
3592,Elizabeth Singh,elizabeth.singh1@yahoo.com,India,2020-07-04,Basic,39.64
3593,Robert Rodriguez,robert.rodriguez@gmail.com,United Kingdom,2023-12-19,Standard,364.78
3594,Emily Jackson,emily.jackson1@yahoo.com,Germany,2024-05-04,Basic,178.02
3595,Daniel Jones,daniel.jones@yahoo.com,Germany,2022-01-26,Basic,67.55
3596,Amanda Thomas,amanda.thomas@outlook.com,United Kingdom,2022-12-17,Standard,717.84
3597,Sarah Lee,sarah.lee@gmail.com,United States,2022-06-03,Basic,13.74
3598,Lucas Chen,lucas.chen@gmail.com,France,2024-04-20,Basic,60.24
3599,Priya Miller,priya.miller@hotmail.com,United Kingdom,2022-10-19,Basic,169.79
3600,Robert Williams,robert.williams1@gmail.com,United States,2023-04-14,Basic,16.37
3601,Robert Thompson,,Australia,2022-03-25,Standard,68.94
3602,Ananya Thompson,ananya.thompson@gmail.com,United States,2021-06-16,Standard,786.45
3603,Nancy Mueller,nancy.mueller@gmail.com,Germany,2025-04-18,Standard,67.39
3604,Mark Hernandez,mark.hernandez@gmail.com,United States,2020-06-08,Standard,165.11
3605,Andrew Harris,andrew.harris1@gmail.com,United States,2021-03-26,Basic,122.08
3606,James Thomas,james.thomas@mail.io,United States,2022-12-31,Standard,153.99
3607,Sofia Thompson,sofia.thompson@gmail.com,Canada,2020-08-03,Standard,580.12
3608,Noah Kumar,noah.kumar@outlook.com,United States,2021-06-20,Basic,79.34
3609,Emma Thompson,emma.thompson@outlook.com,United States,2023-04-23,Standard,790.20
3610,Emma Wang,emma.wang1@mail.io,United States,2021-01-01,Standard,612.14
3611,Daniel White,daniel.white@yahoo.com,Canada,2023-04-04,Standard,683.30
3612,Patricia Harris,patricia.harris@company.com,United States,2020-08-02,Standard,385.23
3613,Emily Martinez,emily.martinez@mail.io,Australia,2022-01-14,Basic,75.43
3614,Linda Sharma,linda.sharma@gmail.com,United Kingdom,2021-05-07,Basic,108.92
3615,Karen Lewis,karen.lewis@yahoo.com,France,2023-04-03,Standard,799.28
3616,Susan Lopez,susan.lopez1@mail.io,United Kingdom,2020-11-18,Basic,41.12
3617,Barbara Singh,barbara.singh@gmail.com,United States,2024-06-10,Basic,10.73
3618,Jessica Chen,jessica.chen@mail.io,Australia,2025-04-02,Basic,136.38
3619,Richard Gonzalez,richard.gonzalez@hotmail.com,United States,2023-04-30,Premium,1524.84
3620,David Brown,david.brown@gmail.com,Germany,2022-10-28,Standard,118.15
3621,Karen Sanchez,karen.sanchez@gmail.com,United States,2022-11-08,Standard,505.62
3622,Robert Mueller,robert.mueller1@outlook.com,United Kingdom,2024-04-29,Basic,153.15
3623,Priya Sanchez,priya.sanchez1@gmail.com,Germany,2020-11-06,Standard,72.68
3624,Patricia Robinson,patricia.robinson@mail.io,United Kingdom,2023-10-17,Standard,80.58
3625,Emily Johnson,emily.johnson1@gmail.com,Germany,2020-09-08,Basic,171.53
3626,Lucas Miller,lucas.miller3@gmail.com,United States,2020-12-14,Standard,760.16
3627,Patricia Jackson,patricia.jackson@company.com,United States,2020-10-23,Standard,71.11
3628,Matthew Perez,matthew.perez@hotmail.com,Canada,2022-08-15,Premium,3873.03
3629,Amanda Singh,amanda.singh1@gmail.com,Germany,2022-05-05,Standard,461.29
3630,Michael White,michael.white1@gmail.com,Germany,2024-01-12,Standard,221.92
3631,Mary Sharma,mary.sharma@hotmail.com,Canada,2021-12-30,Basic,97.68
3632,Jessica Taylor,jessica.taylor@mail.io,United States,2020-01-18,Premium,3146.32
3633,Jennifer Taylor,jennifer.taylor2@gmail.com,United States,2023-10-11,Standard,552.04
3634,Ananya Mueller,ananya.mueller@company.com,United States,2023-03-14,Basic,151.80
3635,Patricia Clark,patricia.clark2@yahoo.com,Canada,2024-10-23,Basic,19.96
3636,Michael Chen,michael.chen@outlook.com,India,2024-11-01,Standard,722.45
3637,David Rodriguez,david.rodriguez@gmail.com,United States,2020-05-04,Standard,724.16
3638,James Robinson,james.robinson1@gmail.com,Australia,2024-11-27,Standard,271.56
3639,Matthew Gonzalez,matthew.gonzalez@outlook.com,United States,2020-07-24,Standard,247.70
3640,James Walker,james.walker@gmail.com,United States,2021-08-26,Standard,426.88
3641,Steven Chen,steven.chen@icloud.com,India,2022-05-17,Standard,719.81
3642,Susan White,susan.white@hotmail.com,United States,2021-09-13,Standard,746.51
3643,Sharon Jones,sharon.jones1@gmail.com,United States,2023-06-10,Basic,40.13
3644,Mary Taylor,mary.taylor1@icloud.com,United States,2022-03-31,Standard,538.93
3645,Noah Garcia,noah.garcia@icloud.com,United States,2020-05-03,Basic,186.83
3646,Noah Jackson,noah.jackson1@company.com,India,2025-03-06,Standard,195.88
3647,Ashley Hernandez,ashley.hernandez@mail.io,United States,2020-08-19,Standard,174.97
3648,Emma Martin,emma.martin@hotmail.com,United Kingdom,2021-05-11,Basic,81.00
3649,William Sharma,william.sharma1@gmail.com,United Kingdom,2023-01-24,Standard,213.15
3650,Donald Lee,donald.lee@icloud.com,United Kingdom,2021-05-27,Standard,442.47
3651,Steven Nguyen,steven.nguyen@mail.io,United States,2023-01-13,Standard,112.65
3652,Nancy Gonzalez,nancy.gonzalez@outlook.com,United States,2025-04-08,Standard,611.14
3653,Nancy Nguyen,nancy.nguyen@outlook.com,Germany,2021-01-16,Standard,286.19
3654,Kenneth Brown,kenneth.brown@company.com,United States,2020-11-09,Basic,28.82
3655,Rebecca Robinson,rebecca.robinson@yahoo.com,United States,2021-10-02,Standard,209.64
3656,Lisa White,lisa.white@gmail.com,United States,2021-08-09,Standard,76.46
3657,Lisa Williams,lisa.williams@outlook.com,United States,2023-11-08,Standard,736.51
3658,Susan Harris,susan.harris@outlook.com,United States,2024-06-03,Basic,48.29
3659,Sarah Wang,sarah.wang@gmail.com,United States,2022-07-03,Basic,28.85
3660,Christopher Taylor,christopher.taylor@mail.io,United Kingdom,2021-12-21,Basic,156.96
3661,Donald Gonzalez,donald.gonzalez@hotmail.com,United States,2025-01-22,Standard,672.72
3662,Sofia Thomas,sofia.thomas@outlook.com,United States,2020-12-11,Basic,31.48
3663,Jennifer Martinez,jennifer.martinez@outlook.com,United States,2023-09-11,Basic,66.43
3664,Arjun Nguyen,arjun.nguyen1@icloud.com,United Kingdom,2021-10-23,Standard,535.87
3665,Oliver Martinez,oliver.martinez1@mail.io,United States,2021-04-25,Standard,601.06
3666,Ashley Patel,ashley.patel@icloud.com,United States,2021-09-12,Basic,172.34
3667,Melissa Martinez,melissa.martinez1@mail.io,United States,2022-10-26,Standard,555.87
3668,Mia Jackson,mia.jackson@hotmail.com,United Kingdom,2024-08-09,Standard,784.04
3669,Laura Wang,laura.wang@yahoo.com,United States,2020-12-31,Basic,42.51
3670,William Hernandez,william.hernandez1@gmail.com,United Kingdom,2022-12-21,Basic,79.31
3671,Mary Brown,mary.brown@icloud.com,United States,2021-10-09,Basic,6.72
3672,Oliver Wang,oliver.wang@hotmail.com,United Kingdom,2025-02-25,Standard,669.94
3673,Oliver Rodriguez,oliver.rodriguez@hotmail.com,Canada,2024-11-13,Basic,188.86
3674,Patricia Gonzalez,patricia.gonzalez@gmail.com,Germany,2022-08-29,Standard,131.02
3675,Linda Smith,linda.smith@gmail.com,United Kingdom,2021-11-28,Standard,85.74
3676,Christopher Kumar,christopher.kumar1@gmail.com,Australia,2025-04-26,Standard,161.87
3677,Daniel Thomas,daniel.thomas@corp.net,France,2024-09-01,Basic,188.99
3678,Elizabeth Moore,elizabeth.moore@mail.io,Canada,2021-07-29,Standard,274.23
3679,Nancy White,nancy.white@company.com,Germany,2022-09-06,Standard,139.09
3680,Laura Jackson,laura.jackson@corp.net,Germany,2020-04-11,Premium,4126.36
3681,Sharon Nguyen,sharon.nguyen@outlook.com,Canada,2023-09-17,Premium,2025.63
3682,Mary Sanchez,,United States,2021-12-19,Standard,766.64
3683,Barbara Singh,barbara.singh@company.com,United States,2021-12-21,Standard,99.98
3684,Lucas Jackson,lucas.jackson@outlook.com,Australia,2024-06-30,Premium,3614.91
3685,David Kim,david.kim@mail.io,United States,2024-01-03,Basic,85.44
3686,Sarah Sharma,sarah.sharma@hotmail.com,United States,2023-03-03,Basic,56.59
3687,Lucas Nguyen,lucas.nguyen@mail.io,United States,2021-06-18,Premium,1926.29
3688,William Hernandez,william.hernandez2@gmail.com,United States,2020-03-31,Basic,9.96
3689,Kenneth Hernandez,kenneth.hernandez@gmail.com,United States,2025-03-15,Basic,35.20
3690,Emily Jackson,emily.jackson1@company.com,United States,2023-05-23,Standard,629.17
3691,Jessica Moore,jessica.moore@icloud.com,United States,2022-01-06,Standard,558.94
3692,Lisa Davis,lisa.davis@mail.io,United States,2022-01-10,Basic,5.30
3693,Kenneth Taylor,kenneth.taylor@corp.net,United States,2022-11-02,Standard,751.09
3694,Stephanie Kumar,stephanie.kumar@yahoo.com,United States,2025-02-17,Standard,465.71
3695,Ashley Singh,ashley.singh@yahoo.com,United States,2021-06-11,Standard,799.52
3696,Patricia Thomas,patricia.thomas@mail.io,India,2024-03-23,Standard,615.07
3697,Joshua Ramirez,joshua.ramirez@yahoo.com,India,2023-05-15,Basic,10.42
3698,Oliver Brown,oliver.brown1@gmail.com,United Kingdom,2023-09-20,Premium,2773.87
3699,Anthony Jones,anthony.jones@gmail.com,France,2021-03-01,Premium,3604.59
3700,Oliver Martin,oliver.martin1@gmail.com,Germany,2021-01-05,Standard,375.80
3701,Jennifer Miller,jennifer.miller@mail.io,India,2020-08-27,Standard,498.36
3702,Michael Lopez,michael.lopez@corp.net,Australia,2022-01-10,Standard,288.87
3703,Kenneth Chen,kenneth.chen1@gmail.com,France,2023-04-02,Premium,2823.89
3704,Jennifer Garcia,jennifer.garcia@outlook.com,India,2021-08-21,Standard,682.66
3705,Jennifer Anderson,jennifer.anderson@mail.io,India,2025-02-05,Standard,568.52
3706,Noah White,noah.white@company.com,Germany,2022-06-19,Standard,648.71
3707,Mark Davis,mark.davis@gmail.com,United Kingdom,2023-04-27,Standard,765.79
3708,Rebecca Sanchez,rebecca.sanchez1@outlook.com,United Kingdom,2022-05-21,Premium,3175.14
3709,Jennifer Anderson,jennifer.anderson@gmail.com,Germany,2024-02-22,Premium,4031.77
3710,Joshua Singh,joshua.singh1@corp.net,United States,2022-11-19,Basic,187.40
3711,Susan Anderson,susan.anderson@gmail.com,United States,2020-02-09,Basic,38.48
3712,Stephanie Nguyen,stephanie.nguyen1@gmail.com,United States,2020-01-31,Standard,539.77
3713,Thomas Moore,thomas.moore@hotmail.com,Germany,2023-06-27,Basic,189.22
3714,Mia Martinez,mia.martinez@yahoo.com,Germany,2021-09-29,Basic,193.51
3715,Ashley Davis,ashley.davis@outlook.com,United Kingdom,2024-05-05,Standard,427.27
3716,Elizabeth Kumar,elizabeth.kumar@company.com,United States,2024-07-24,Standard,754.70
3717,Paul Wilson,paul.wilson@corp.net,India,2022-05-21,Standard,80.24
3718,Christopher White,christopher.white2@gmail.com,United Kingdom,2023-12-17,Standard,469.71
3719,Lisa Smith,lisa.smith1@gmail.com,Germany,2021-03-14,Standard,798.48
3720,Richard Clark,richard.clark1@gmail.com,United States,2024-01-11,Standard,161.76
3721,Robert Jackson,robert.jackson@gmail.com,United States,2020-11-01,Standard,418.12
3722,Paul Brown,paul.brown@yahoo.com,United States,2021-10-01,Standard,563.82
3723,Joshua Anderson,joshua.anderson@company.com,Canada,2023-04-25,Standard,331.11
3724,Robert Williams,robert.williams@company.com,Germany,2021-05-03,Standard,192.52
3725,David Hernandez,david.hernandez@hotmail.com,Canada,2025-04-16,Basic,199.99
3726,Sofia Garcia,sofia.garcia@hotmail.com,Australia,2022-12-16,Basic,97.05
3727,John Harris,john.harris@company.com,Germany,2024-02-17,Basic,102.51
3728,Barbara Martinez,barbara.martinez@mail.io,United States,2025-03-18,Basic,184.84
3729,Robert Wilson,robert.wilson1@gmail.com,Germany,2020-11-01,Standard,485.41
3730,Barbara White,barbara.white@gmail.com,Germany,2024-03-29,Standard,295.49
3731,Raj Wang,raj.wang@corp.net,United States,2023-06-12,Basic,147.32
3732,Patricia Lopez,patricia.lopez2@outlook.com,Germany,2021-01-04,Basic,28.36
3733,Richard Patel,richard.patel@hotmail.com,United States,2024-09-23,Standard,434.35
3734,Donald Martinez,donald.martinez@outlook.com,United States,2024-11-10,Standard,512.77
3735,Sarah Johnson,sarah.johnson1@gmail.com,Canada,2025-01-11,Basic,31.50
3736,Christopher Miller,christopher.miller@yahoo.com,France,2024-12-12,Standard,465.96
3737,Jennifer Kim,jennifer.kim@yahoo.com,India,2024-06-27,Basic,31.42
3738,Christopher Sharma,christopher.sharma@gmail.com,India,2021-10-26,Standard,332.56
3739,Ananya Martinez,ananya.martinez@yahoo.com,Germany,2022-06-18,Basic,96.91
3740,Anthony Taylor,anthony.taylor@gmail.com,United States,2021-08-17,Basic,72.67
3741,Richard Thomas,richard.thomas@corp.net,United States,2024-05-28,Premium,1028.41
3742,Jennifer Jackson,jennifer.jackson1@gmail.com,United States,2022-08-25,Standard,159.68
3743,Rebecca Walker,rebecca.walker@company.com,Australia,2025-05-24,Standard,415.95
3744,Michael Thompson,michael.thompson@yahoo.com,France,2021-09-07,Standard,340.30
3745,Sofia Walker,sofia.walker@gmail.com,United States,2022-12-13,Basic,12.92
3746,David Hernandez,david.hernandez1@hotmail.com,United States,2024-08-05,Standard,225.42
3747,Lisa Lee,lisa.lee1@mail.io,United Kingdom,2025-05-20,Standard,70.08
3748,Nancy Lee,nancy.lee@outlook.com,Canada,2022-11-07,Premium,2489.71
3749,Christopher Patel,christopher.patel@icloud.com,Australia,2023-01-10,Standard,177.83
3750,Daniel Lee,daniel.lee2@gmail.com,United States,2022-04-16,Basic,152.21
3751,Ashley Robinson,ashley.robinson@mail.io,Germany,2020-07-05,Premium,3595.87
3752,Thomas Thomas,thomas.thomas@yahoo.com,Germany,2022-06-09,Premium,2183.01
3753,Amanda Chen,amanda.chen1@outlook.com,United Kingdom,2024-08-15,Premium,501.94
3754,Ashley Anderson,ashley.anderson@yahoo.com,United States,2024-09-21,Standard,708.87
3755,Lucas Sanchez,lucas.sanchez@outlook.com,France,2022-12-02,Premium,1270.60
3756,Karen Sanchez,karen.sanchez@icloud.com,France,2023-03-01,Standard,156.74
3757,Jennifer Garcia,jennifer.garcia@gmail.com,Germany,2023-06-05,Standard,154.18
3758,Amanda Wilson,amanda.wilson@gmail.com,United Kingdom,2020-09-12,Premium,2836.88
3759,Jessica Jones,jessica.jones@outlook.com,United States,2023-11-04,Basic,153.47
3760,Mary Taylor,mary.taylor@gmail.com,United States,2020-07-24,Standard,143.93
3761,Lisa Sharma,lisa.sharma@gmail.com,Canada,2020-07-15,Standard,75.41
3762,Nancy Martin,nancy.martin1@company.com,United Kingdom,2021-08-25,Basic,82.86
3763,Ananya Thomas,ananya.thomas@mail.io,United States,2022-12-23,Basic,13.41
3764,Jennifer Jackson,jennifer.jackson@outlook.com,India,2023-06-02,Basic,153.54
3765,Amanda Chen,amanda.chen2@hotmail.com,Germany,2023-07-23,Standard,425.74
3766,Barbara Davis,barbara.davis@gmail.com,United States,2020-10-10,Standard,95.49
3767,Linda Patel,linda.patel@yahoo.com,Germany,2022-07-08,Standard,155.61
3768,Sharon Garcia,sharon.garcia@gmail.com,France,2022-02-26,Standard,330.88
3769,Amanda Kumar,amanda.kumar@hotmail.com,United States,2023-03-24,Standard,253.01
3770,Ananya Martinez,ananya.martinez@outlook.com,France,2020-07-26,Standard,404.75
3771,Ananya Kumar,ananya.kumar@outlook.com,Canada,2024-02-13,Standard,487.43
3772,Andrew Thompson,andrew.thompson@corp.net,United Kingdom,2022-02-22,Standard,705.98
3773,Patricia Garcia,patricia.garcia@gmail.com,United States,2023-08-14,Standard,504.76
3774,William Lopez,william.lopez@company.com,United States,2023-05-06,Premium,3762.78
3775,Christopher Johnson,christopher.johnson@outlook.com,Australia,2022-12-06,Standard,304.45
3776,Paul Davis,paul.davis@corp.net,United Kingdom,2022-07-09,Standard,635.36
3777,John Kim,john.kim@outlook.com,France,2020-09-04,Standard,439.26
3778,Emily Garcia,emily.garcia@icloud.com,Australia,2021-07-25,Basic,39.45
3779,Andrew Perez,andrew.perez1@outlook.com,United States,2024-12-09,Standard,351.52
3780,Ananya Mueller,ananya.mueller1@company.com,United States,2025-05-06,Basic,6.19
3781,Kenneth Taylor,kenneth.taylor1@gmail.com,United Kingdom,2020-08-31,Premium,3624.12
3782,Stephanie Sharma,stephanie.sharma@outlook.com,Australia,2025-05-13,Basic,154.06
3783,John Sanchez,john.sanchez@company.com,Germany,2023-11-20,Standard,539.99
3784,Sarah Moore,sarah.moore1@corp.net,United Kingdom,2024-12-07,Basic,34.40
3785,Donald Robinson,donald.robinson@outlook.com,India,2022-02-26,Basic,127.54
3786,Emma Gonzalez,emma.gonzalez@company.com,United Kingdom,2021-02-18,Standard,522.25
3787,Sofia Davis,sofia.davis@gmail.com,United States,2024-05-22,Premium,983.41
3788,Ananya Perez,ananya.perez@company.com,United States,2020-01-13,Basic,144.93
3789,Barbara Patel,barbara.patel@yahoo.com,Germany,2022-01-21,Standard,486.04
3790,Mark Robinson,mark.robinson@mail.io,United Kingdom,2024-09-30,Standard,387.37
3791,William Davis,william.davis@yahoo.com,United States,2024-03-27,Standard,781.14
3792,Robert Brown,robert.brown@gmail.com,Germany,2021-06-11,Standard,449.72
3793,William Gonzalez,william.gonzalez@company.com,Canada,2021-08-22,Basic,37.81
3794,Priya Clark,priya.clark@mail.io,India,2022-07-20,Basic,101.02
3795,Emily Davis,emily.davis1@gmail.com,France,2020-05-25,Premium,4475.37
3796,Barbara Davis,barbara.davis@hotmail.com,India,2025-01-09,Basic,72.98
3797,Sofia Hernandez,sofia.hernandez@gmail.com,France,2022-03-01,Basic,22.76
3798,Stephanie Rodriguez,stephanie.rodriguez@corp.net,United States,2024-02-27,Standard,243.10
3799,Barbara Martin,barbara.martin@company.com,United States,2024-06-01,Standard,282.65
3800,Paul Thomas,paul.thomas@gmail.com,Australia,2024-07-25,Basic,132.52
3801,Daniel Chen,daniel.chen@outlook.com,United States,2022-12-04,Basic,113.31
3802,John Garcia,john.garcia1@gmail.com,United Kingdom,2021-06-23,Standard,65.06
3803,Anthony Ramirez,anthony.ramirez@yahoo.com,Germany,2022-10-17,Basic,173.65
3804,Amanda Taylor,amanda.taylor@gmail.com,United States,2022-12-31,Standard,683.42
3805,Paul Miller,paul.miller@gmail.com,Germany,2023-05-27,Basic,160.35
3806,Nancy Ramirez,nancy.ramirez@gmail.com,Australia,2023-12-19,Standard,315.14
3807,Jessica Clark,jessica.clark@company.com,France,2021-03-11,Basic,51.63
3808,Nancy Jackson,nancy.jackson@gmail.com,United States,2024-12-23,Premium,4463.67
3809,Noah Martin,noah.martin@company.com,United States,2025-05-17,Basic,95.49
3810,Paul Taylor,paul.taylor@hotmail.com,United States,2023-02-20,Standard,790.49
3811,Noah Garcia,noah.garcia@outlook.com,United States,2020-04-04,Standard,126.63
3812,Emma Walker,emma.walker@yahoo.com,United Kingdom,2024-03-22,Standard,643.35
3813,William White,william.white@mail.io,United States,2024-08-25,Standard,766.27
3814,Melissa Walker,melissa.walker@gmail.com,Australia,2021-06-29,Basic,177.18
3815,Rebecca Anderson,rebecca.anderson@corp.net,Canada,2020-03-08,Standard,248.60
3816,Mia Lee,mia.lee@corp.net,United Kingdom,2024-07-02,Standard,406.38
3817,Andrew Lewis,andrew.lewis@outlook.com,United States,2022-03-13,Standard,244.09
3818,Richard Moore,richard.moore1@gmail.com,United States,2023-01-21,Standard,186.63
3819,David Kumar,david.kumar@yahoo.com,Germany,2023-03-28,Basic,175.13
3820,Steven Martinez,steven.martinez@mail.io,India,2025-05-01,Standard,609.82
3821,Rebecca Moore,rebecca.moore@company.com,India,2022-12-30,Standard,765.27
3822,Michael Singh,michael.singh@icloud.com,United States,2025-04-04,Standard,262.54
3823,Donald Thompson,donald.thompson@gmail.com,United States,2021-02-19,Standard,438.69
3824,Joshua Garcia,joshua.garcia2@outlook.com,Germany,2023-05-23,Standard,332.03
3825,Matthew Williams,matthew.williams1@yahoo.com,United Kingdom,2022-06-12,Standard,304.48
3826,Richard Johnson,richard.johnson@corp.net,United Kingdom,2020-09-16,Premium,2279.83
3827,Kenneth Moore,kenneth.moore@icloud.com,Australia,2024-12-03,Standard,672.39
3828,Donald Lopez,donald.lopez@yahoo.com,France,2024-07-20,Basic,104.02
3829,Matthew Harris,matthew.harris1@outlook.com,Canada,2024-12-17,Basic,117.58
3830,Donald Walker,donald.walker@company.com,Canada,2022-12-04,Premium,3955.76
3831,Karen Johnson,karen.johnson@company.com,Germany,2021-08-12,Basic,160.14
3832,William Clark,william.clark@company.com,Australia,2024-06-20,Basic,3.08
3833,Sofia Garcia,sofia.garcia1@gmail.com,Germany,2021-11-29,Standard,163.41
3834,William Anderson,william.anderson@outlook.com,United States,2025-01-25,Standard,357.25
3835,Linda Martin,linda.martin@corp.net,Germany,2021-10-30,Standard,652.38
3836,Mia Anderson,mia.anderson@company.com,United States,2020-10-25,Standard,111.08
3837,Richard Perez,richard.perez@outlook.com,Australia,2022-04-12,Standard,376.22
3838,Ashley Nguyen,ashley.nguyen@hotmail.com,Australia,2022-12-15,Standard,479.53
3839,Kenneth Robinson,kenneth.robinson@outlook.com,United States,2021-08-02,Basic,21.93
3840,Jennifer Nguyen,jennifer.nguyen1@icloud.com,Australia,2021-10-19,Standard,217.78
3841,Jessica Sharma,jessica.sharma1@gmail.com,Germany,2022-01-21,Basic,66.77
3842,James Lee,james.lee1@gmail.com,United States,2024-06-05,Standard,713.47
3843,Patricia Nguyen,patricia.nguyen1@mail.io,France,2020-07-13,Standard,102.06
3844,Emily Miller,emily.miller@company.com,India,2022-01-24,Standard,126.18
3845,Christopher Robinson,christopher.robinson@gmail.com,United States,2020-12-27,Basic,84.44
3846,John Sharma,john.sharma@outlook.com,India,2021-12-05,Standard,53.79
3847,Amanda Taylor,amanda.taylor1@gmail.com,Australia,2024-06-20,Standard,509.49
3848,Mark Lopez,mark.lopez1@gmail.com,United States,2024-09-08,Premium,672.50
3849,Amanda Singh,amanda.singh@icloud.com,Canada,2023-08-06,Standard,118.41
3850,Christopher Wang,christopher.wang@company.com,Canada,2020-05-11,Premium,4773.76
3851,William Thomas,william.thomas@hotmail.com,Canada,2021-01-20,Standard,430.73
3852,John Wilson,john.wilson@corp.net,United States,2023-12-10,Basic,196.68
3853,William Singh,william.singh@outlook.com,United Kingdom,2023-08-01,Standard,398.14
3854,Noah Martinez,noah.martinez@gmail.com,France,2020-09-05,Basic,192.25
3855,Sharon Lewis,sharon.lewis2@gmail.com,United States,2022-09-08,Basic,190.70
3856,Jennifer Kumar,jennifer.kumar@mail.io,United Kingdom,2021-04-12,Standard,114.31
3857,Lucas Moore,lucas.moore@corp.net,France,2023-07-14,Standard,349.55
3858,Ananya Martinez,ananya.martinez@hotmail.com,United States,2025-04-24,Standard,133.69
3859,Arjun Wang,arjun.wang@corp.net,United States,2021-06-21,Standard,299.19
3860,Daniel Johnson,daniel.johnson@company.com,Australia,2024-05-29,Basic,61.22
3861,Mark Lewis,mark.lewis@gmail.com,United States,2025-04-10,Standard,503.88
3862,Paul Chen,paul.chen@gmail.com,Australia,2025-04-01,Premium,2405.85
3863,Raj Kim,raj.kim1@outlook.com,United Kingdom,2021-08-17,Basic,52.58
3864,Donald Mueller,donald.mueller1@company.com,United States,2025-05-19,Standard,261.28
3865,Daniel Chen,daniel.chen@hotmail.com,Germany,2024-10-19,Basic,106.87
3866,Emma Nguyen,emma.nguyen1@yahoo.com,United States,2022-08-04,Standard,561.31
3867,Raj Garcia,raj.garcia@company.com,France,2023-06-25,Standard,604.36
3868,Matthew Clark,matthew.clark@hotmail.com,India,2025-03-03,Premium,3190.83
3869,Matthew Hernandez,matthew.hernandez1@company.com,France,2022-02-10,Standard,58.47
3870,David Brown,david.brown1@gmail.com,Canada,2021-07-13,Standard,446.64
3871,Nancy Harris,nancy.harris@yahoo.com,United Kingdom,2020-05-09,Standard,185.53
3872,Anthony Robinson,anthony.robinson@mail.io,Germany,2023-06-02,Basic,95.97
3873,Stephanie Lopez,stephanie.lopez1@gmail.com,United States,2023-06-13,Basic,79.37
3874,Steven Johnson,steven.johnson@gmail.com,India,2021-01-27,Premium,1682.24
3875,Priya Sharma,priya.sharma@gmail.com,United States,2020-07-19,Standard,258.65
3876,Sarah Perez,sarah.perez@outlook.com,India,2023-10-25,Standard,124.39
3877,Thomas Kumar,thomas.kumar@corp.net,United States,2023-09-17,Standard,713.41
3878,Paul Kumar,paul.kumar@hotmail.com,India,2022-08-17,Basic,181.02
3879,Joseph Davis,joseph.davis@icloud.com,United Kingdom,2024-01-18,Standard,87.11
3880,Arjun Kumar,arjun.kumar1@gmail.com,United States,2021-03-29,Standard,374.55
3881,Robert Martin,robert.martin1@corp.net,United States,2020-10-24,Standard,145.77
3882,Rebecca Perez,rebecca.perez@mail.io,Australia,2024-11-24,Standard,604.71
3883,Anthony Perez,anthony.perez@outlook.com,United Kingdom,2020-12-09,Standard,729.15
3884,Sharon Williams,sharon.williams@hotmail.com,Canada,2021-08-27,Basic,122.85
3885,Priya Clark,priya.clark@corp.net,Germany,2023-06-08,Standard,665.26
3886,Noah Wang,noah.wang@gmail.com,Germany,2021-11-15,Basic,78.36
3887,Amanda Wilson,amanda.wilson@mail.io,France,2020-11-22,Standard,247.44
3888,Rebecca Sharma,rebecca.sharma2@gmail.com,United States,2020-10-26,Basic,27.89
3889,Joseph Mueller,joseph.mueller@outlook.com,United States,2024-12-06,Standard,427.99
3890,Matthew Johnson,matthew.johnson@hotmail.com,France,2025-04-07,Standard,278.63
3891,Ashley Martin,ashley.martin@hotmail.com,United States,2023-03-31,Standard,304.58
3892,Sharon Ramirez,sharon.ramirez@icloud.com,United Kingdom,2023-06-30,Standard,430.48
3893,Emma Chen,emma.chen@gmail.com,Germany,2020-09-26,Standard,651.96
3894,Sarah Singh,sarah.singh@mail.io,United States,2022-12-01,Basic,24.18
3895,Melissa Brown,melissa.brown@mail.io,Australia,2020-12-06,Standard,772.05
3896,Jessica Johnson,jessica.johnson@outlook.com,United States,2023-05-23,Standard,675.23
3897,Andrew Rodriguez,andrew.rodriguez@gmail.com,Germany,2020-02-21,Basic,43.85
3898,Barbara Brown,barbara.brown1@gmail.com,United States,2020-03-20,Basic,71.11
3899,Robert Johnson,robert.johnson1@gmail.com,United States,2020-02-10,Standard,413.36
3900,Steven Anderson,steven.anderson1@outlook.com,United Kingdom,2025-02-25,Standard,779.50
3901,Sharon Miller,sharon.miller@mail.io,United States,2022-04-15,Standard,126.02
3902,Steven Nguyen,steven.nguyen1@icloud.com,India,2021-01-04,Basic,155.61
3903,Christopher Harris,christopher.harris1@outlook.com,France,2024-09-26,Basic,42.28
3904,Ashley Kumar,ashley.kumar@icloud.com,United States,2022-07-13,Premium,4128.02
3905,Amanda Kim,amanda.kim@hotmail.com,India,2020-05-03,Standard,649.14
3906,Susan Kim,susan.kim@hotmail.com,Canada,2020-02-20,Basic,52.92
3907,Andrew Wilson,andrew.wilson2@gmail.com,United States,2024-11-15,Basic,55.68
3908,Rebecca Harris,rebecca.harris@gmail.com,United Kingdom,2022-03-06,Basic,97.70
3909,Paul Sanchez,paul.sanchez@gmail.com,Germany,2021-05-16,Standard,498.21
3910,Patricia Robinson,patricia.robinson1@outlook.com,United States,2022-03-09,Basic,143.64
3911,Robert Garcia,robert.garcia@gmail.com,United States,2022-01-17,Basic,9.23
3912,Michael Gonzalez,michael.gonzalez@corp.net,United Kingdom,2020-04-06,Premium,4424.42
3913,Sofia Moore,sofia.moore@yahoo.com,Canada,2024-01-20,Premium,4870.68
3914,John Harris,john.harris1@gmail.com,France,2024-02-14,Basic,116.17
3915,Christopher Sanchez,christopher.sanchez3@gmail.com,Germany,2021-08-06,Standard,765.47
3916,William Anderson,william.anderson@corp.net,United States,2024-01-30,Basic,129.66
3917,Patricia Jones,patricia.jones@mail.io,United States,2021-09-15,Standard,127.33
3918,Mia Martin,mia.martin@corp.net,United States,2021-02-20,Premium,729.94
3919,Andrew Miller,andrew.miller@yahoo.com,United States,2024-12-02,Premium,709.38
3920,Mary Robinson,mary.robinson@outlook.com,United States,2025-04-05,Standard,788.23
3921,Daniel Thompson,daniel.thompson@outlook.com,Germany,2020-01-13,Premium,1236.02
3922,Arjun Davis,arjun.davis@yahoo.com,Australia,2020-03-22,Standard,286.64
3923,Joshua Rodriguez,joshua.rodriguez@mail.io,United Kingdom,2023-04-17,Standard,532.77
3924,Elizabeth Clark,elizabeth.clark@company.com,United States,2024-05-10,Standard,531.30
3925,Mia Lopez,mia.lopez@yahoo.com,United Kingdom,2020-02-26,Basic,103.43
3926,Christopher Mueller,christopher.mueller1@gmail.com,United Kingdom,2025-01-14,Standard,236.54
3927,Raj Martin,raj.martin@gmail.com,India,2021-04-30,Standard,665.80
3928,John Mueller,john.mueller@gmail.com,France,2022-05-15,Standard,112.86
3929,Matthew Martin,matthew.martin@gmail.com,United States,2020-06-23,Basic,20.93
3930,Rebecca Garcia,rebecca.garcia@gmail.com,Australia,2021-04-03,Basic,48.77
3931,Karen Martinez,karen.martinez@corp.net,United States,2023-11-06,Standard,533.57
3932,Raj Smith,raj.smith@yahoo.com,Germany,2020-06-18,Basic,177.58
3933,Jessica Brown,jessica.brown@mail.io,United States,2025-03-18,Standard,641.69
3934,Patricia Kim,patricia.kim@gmail.com,Germany,2024-09-28,Standard,618.31
3935,Thomas Garcia,thomas.garcia@yahoo.com,United Kingdom,2024-12-05,Standard,389.08
3936,James Jones,james.jones@hotmail.com,Canada,2024-04-05,Standard,208.50
3937,Mark Martin,mark.martin@yahoo.com,India,2024-07-10,Basic,31.47
3938,James Sharma,james.sharma@corp.net,Germany,2022-10-11,Standard,324.80
3939,Steven Smith,,United States,2023-07-10,Standard,289.33
3940,John Miller,john.miller@gmail.com,France,2021-09-26,Premium,2572.66
3941,Donald Miller,donald.miller@hotmail.com,United Kingdom,2021-10-10,Premium,4021.98
3942,Lisa Jones,lisa.jones@company.com,Germany,2020-10-21,Standard,638.02
3943,Susan Harris,susan.harris@yahoo.com,India,2021-06-19,Standard,784.02
3944,Priya White,priya.white@hotmail.com,United Kingdom,2022-11-17,Basic,34.84
3945,Rebecca Lewis,rebecca.lewis@hotmail.com,United Kingdom,2021-09-17,Standard,241.56
3946,Kenneth Johnson,kenneth.johnson@company.com,United Kingdom,2022-05-22,Basic,144.60
3947,Amanda Jones,amanda.jones2@outlook.com,India,2022-08-14,Basic,29.30
3948,James Smith,james.smith@yahoo.com,United States,2022-09-17,Premium,2165.60
3949,Noah Brown,noah.brown@yahoo.com,United States,2020-06-08,Standard,653.52
3950,Noah Moore,noah.moore1@corp.net,United States,2024-02-20,Basic,75.46
3951,Donald Singh,donald.singh@mail.io,United Kingdom,2023-12-10,Premium,4400.24
3952,Jennifer Thomas,jennifer.thomas@outlook.com,United States,2021-04-10,Basic,180.03
3953,Christopher Brown,christopher.brown@corp.net,United Kingdom,2024-05-24,Standard,560.72
3954,David Singh,david.singh@hotmail.com,India,2023-12-02,Standard,694.41
3955,Jennifer Brown,jennifer.brown1@gmail.com,Germany,2020-09-11,Premium,3927.92
3956,Jennifer Brown,jennifer.brown2@gmail.com,Germany,2020-03-26,Standard,668.22
3957,Thomas Lopez,thomas.lopez@company.com,United Kingdom,2021-08-18,Basic,196.67
3958,Joseph Mueller,joseph.mueller@gmail.com,Canada,2024-04-05,Standard,600.36
3959,Laura Clark,laura.clark@outlook.com,United States,2023-07-27,Standard,385.52
3960,Matthew Sharma,matthew.sharma1@icloud.com,India,2022-03-05,Basic,150.83
3961,Stephanie Gonzalez,stephanie.gonzalez@mail.io,United States,2023-08-17,Premium,2153.77
3962,Priya Lopez,priya.lopez@outlook.com,United States,2020-09-13,Basic,90.15
3963,Ashley Sharma,ashley.sharma1@gmail.com,United States,2023-10-25,Standard,526.16
3964,Sarah Harris,sarah.harris1@corp.net,United States,2022-08-28,Standard,102.40
3965,Paul White,paul.white@yahoo.com,India,2021-10-27,Standard,445.55
3966,Richard Martin,richard.martin@icloud.com,United States,2024-04-24,Standard,294.71
3967,Karen Thomas,karen.thomas@gmail.com,United Kingdom,2022-02-24,Basic,131.84
3968,Lucas Chen,lucas.chen1@gmail.com,India,2022-10-08,Premium,4654.93
3969,Michael Harris,michael.harris@icloud.com,United Kingdom,2024-04-19,Basic,38.61
3970,Ashley Jackson,ashley.jackson@icloud.com,United States,2024-04-11,Basic,79.84
3971,John Sharma,john.sharma1@gmail.com,Germany,2023-05-17,Premium,3950.52
3972,Linda Rodriguez,linda.rodriguez@gmail.com,United Kingdom,2020-11-06,Standard,478.32
3973,Matthew Thompson,matthew.thompson@gmail.com,Germany,2021-10-02,Basic,141.04
3974,Ananya Rodriguez,ananya.rodriguez@icloud.com,United States,2025-02-13,Standard,104.44
3975,Sarah Wilson,sarah.wilson@outlook.com,United States,2021-09-25,Standard,226.09
3976,Emma Chen,emma.chen1@gmail.com,United Kingdom,2024-09-11,Standard,58.40
3977,Donald Clark,donald.clark@gmail.com,France,2021-08-25,Standard,587.33
3978,Paul Martin,paul.martin1@gmail.com,United States,2023-11-16,Standard,717.67
3979,James Ramirez,james.ramirez@company.com,India,2023-12-24,Standard,182.90
3980,Elizabeth Brown,elizabeth.brown@icloud.com,United Kingdom,2021-06-14,Basic,81.85
3981,Mark Sanchez,mark.sanchez@outlook.com,United States,2024-05-27,Premium,3483.44
3982,Amanda Nguyen,amanda.nguyen@company.com,United States,2022-05-19,Basic,174.69
3983,Richard Johnson,richard.johnson@company.com,United States,2024-07-20,Standard,293.06
3984,Lucas Brown,lucas.brown@gmail.com,Australia,2022-03-10,Standard,130.44
3985,Jessica Lopez,jessica.lopez@gmail.com,Australia,2023-07-19,Standard,753.15
3986,Donald Wilson,donald.wilson@corp.net,United Kingdom,2021-03-06,Basic,107.50
3987,Raj Robinson,raj.robinson@icloud.com,India,2020-03-17,Basic,31.93
3988,Jennifer Chen,jennifer.chen@company.com,United States,2022-05-11,Basic,106.59
3989,Sharon Kim,sharon.kim@outlook.com,United Kingdom,2021-12-15,Basic,174.54
3990,Amanda Rodriguez,amanda.rodriguez@outlook.com,United States,2021-10-03,Standard,575.60
3991,Priya Lopez,priya.lopez@company.com,India,2020-04-07,Standard,299.70
3992,Jennifer Miller,jennifer.miller@gmail.com,Australia,2020-12-06,Standard,604.04
3993,Thomas Chen,thomas.chen@gmail.com,United States,2023-12-02,Basic,117.77
3994,Joshua Kim,joshua.kim@yahoo.com,United States,2020-12-06,Basic,189.10
3995,Elizabeth Miller,elizabeth.miller@hotmail.com,Canada,2024-02-08,Basic,110.17
3996,Donald Patel,,Australia,2024-11-18,Standard,587.40
3997,Andrew Brown,andrew.brown@company.com,United Kingdom,2022-05-05,Standard,610.28
3998,Noah Jones,noah.jones@company.com,United Kingdom,2024-05-14,Standard,642.66
3999,Paul Brown,paul.brown@icloud.com,United Kingdom,2021-11-19,Standard,597.42
4000,Nancy Johnson,nancy.johnson@yahoo.com,United Kingdom,2020-10-01,Premium,2126.79
4001,William Rodriguez,william.rodriguez1@gmail.com,France,2020-07-04,Standard,219.35
4002,Oliver Hernandez,oliver.hernandez@outlook.com,France,2020-07-17,Standard,639.51
4003,Sarah Sanchez,sarah.sanchez@icloud.com,Australia,2020-05-24,Premium,3831.15
4004,Ashley Williams,ashley.williams@gmail.com,Germany,2022-04-09,Premium,4654.30
4005,Linda Ramirez,linda.ramirez@corp.net,India,2023-01-12,Standard,131.56
4006,Barbara Clark,barbara.clark@yahoo.com,United States,2024-09-17,Premium,1581.24
4007,Mary Robinson,mary.robinson1@outlook.com,Australia,2023-06-05,Standard,221.90
4008,Karen Thomas,karen.thomas@outlook.com,Canada,2023-01-07,Basic,17.39
4009,Melissa Singh,melissa.singh@corp.net,United States,2020-06-23,Premium,2920.20
4010,Michael Chen,michael.chen1@gmail.com,United States,2021-07-03,Premium,1019.49
4011,Nancy Rodriguez,nancy.rodriguez@gmail.com,United States,2023-09-29,Basic,88.00
4012,Amanda Chen,amanda.chen@gmail.com,Germany,2021-08-26,Standard,136.18
4013,Mark Wilson,mark.wilson@company.com,Australia,2021-02-17,Standard,696.30
4014,Michael Kim,michael.kim@gmail.com,Australia,2024-04-01,Basic,21.56
4015,Noah Nguyen,noah.nguyen@hotmail.com,United States,2023-12-09,Basic,106.39
4016,Barbara Nguyen,barbara.nguyen1@outlook.com,Germany,2024-10-22,Standard,216.11
4017,Sofia Lee,sofia.lee1@gmail.com,United Kingdom,2020-10-22,Standard,219.06
4018,Richard Sanchez,richard.sanchez1@mail.io,Canada,2022-09-24,Standard,507.79
4019,Jessica Sanchez,jessica.sanchez@gmail.com,United Kingdom,2023-07-09,Premium,2509.22
4020,Thomas Lee,thomas.lee@gmail.com,United States,2023-12-19,Basic,58.00
4021,Nancy Harris,nancy.harris@company.com,United States,2021-06-25,Standard,292.13
4022,Rebecca Sanchez,rebecca.sanchez@gmail.com,India,2021-02-06,Premium,1699.15
4023,David Johnson,david.johnson@mail.io,United Kingdom,2020-07-06,Basic,86.01
4024,Elizabeth Kumar,elizabeth.kumar@mail.io,India,2024-06-12,Standard,219.08
4025,Jennifer Chen,jennifer.chen@mail.io,United Kingdom,2024-12-27,Standard,683.19
4026,Patricia Jackson,patricia.jackson@gmail.com,Canada,2022-12-17,Standard,158.58
4027,Priya Williams,priya.williams1@company.com,France,2024-04-24,Premium,4884.56
4028,Donald Anderson,donald.anderson@yahoo.com,India,2024-09-08,Basic,103.01
4029,Karen Chen,karen.chen@mail.io,Canada,2020-10-10,Basic,103.68
4030,Robert Ramirez,robert.ramirez2@yahoo.com,Canada,2021-08-12,Premium,4531.84
4031,Michael Smith,michael.smith@outlook.com,France,2020-10-25,Standard,496.85
4032,Patricia Martin,patricia.martin@gmail.com,Germany,2020-03-10,Premium,1609.14
4033,Joseph Lopez,joseph.lopez@gmail.com,United States,2023-11-01,Standard,270.99
4034,Rebecca Kim,rebecca.kim1@gmail.com,France,2024-08-10,Basic,193.38
4035,Steven Martinez,steven.martinez@outlook.com,United Kingdom,2022-11-21,Standard,131.54
4036,Mary Sharma,mary.sharma1@mail.io,United States,2021-08-23,Basic,140.20
4037,Nancy Martin,nancy.martin1@gmail.com,United Kingdom,2021-05-22,Standard,200.08
4038,Thomas Thompson,thomas.thompson1@yahoo.com,Canada,2024-09-17,Standard,312.08
4039,Mary Moore,mary.moore@gmail.com,Australia,2025-03-29,Basic,19.35
4040,Karen Patel,karen.patel1@gmail.com,Germany,2020-08-09,Basic,24.07
4041,Karen Lee,karen.lee@outlook.com,United States,2022-04-10,Standard,538.53
4042,Oliver Ramirez,oliver.ramirez1@gmail.com,United States,2023-08-19,Standard,676.45
4043,Jessica Martin,jessica.martin@icloud.com,United States,2022-06-18,Premium,1583.07
4044,Thomas Taylor,thomas.taylor@hotmail.com,United States,2022-03-04,Basic,129.71
4045,Donald Sharma,donald.sharma@yahoo.com,United Kingdom,2023-07-16,Basic,163.44
4046,Richard Wilson,richard.wilson1@gmail.com,United States,2023-03-25,Premium,3031.67
4047,Ashley Ramirez,ashley.ramirez@mail.io,United States,2023-07-24,Standard,735.87
4048,Noah Rodriguez,noah.rodriguez1@yahoo.com,France,2022-10-03,Premium,3200.42
4049,Oliver Perez,oliver.perez@outlook.com,United Kingdom,2021-06-27,Premium,2532.90
4050,Christopher Brown,christopher.brown1@yahoo.com,United States,2022-12-28,Standard,378.90
4051,Susan Lopez,susan.lopez@outlook.com,United States,2021-01-31,Basic,184.33
4052,Jennifer Thompson,jennifer.thompson@company.com,Australia,2022-03-09,Standard,197.72
4053,James Martinez,james.martinez@mail.io,India,2021-07-08,Basic,190.05
4054,Susan Lee,susan.lee@hotmail.com,United States,2022-04-20,Standard,301.42
4055,Amanda Rodriguez,amanda.rodriguez3@gmail.com,United States,2023-10-21,Standard,91.92
4056,Anthony Martinez,anthony.martinez1@gmail.com,United Kingdom,2024-10-29,Standard,158.14
4057,Matthew Jackson,matthew.jackson@gmail.com,France,2022-01-10,Standard,228.47
4058,Joshua Wilson,joshua.wilson@yahoo.com,India,2021-12-30,Basic,146.34
4059,Arjun Johnson,arjun.johnson@icloud.com,Canada,2022-01-10,Premium,1541.46
4060,Joseph Mueller,joseph.mueller1@gmail.com,United Kingdom,2020-06-08,Premium,3791.94
4061,Joshua Mueller,joshua.mueller@mail.io,United Kingdom,2022-03-03,Basic,22.13
4062,Joshua White,joshua.white1@gmail.com,Australia,2024-07-15,Basic,56.94
4063,David Johnson,david.johnson@hotmail.com,United Kingdom,2024-03-24,Basic,158.20
4064,Thomas Clark,thomas.clark@gmail.com,Australia,2020-02-20,Standard,737.02
4065,David Sharma,david.sharma@gmail.com,United States,2023-03-02,Basic,137.74
4066,Kenneth Wang,kenneth.wang@icloud.com,Canada,2024-09-10,Standard,57.49
4067,Susan Ramirez,susan.ramirez@yahoo.com,United Kingdom,2021-08-05,Basic,132.43
4068,Matthew Lewis,matthew.lewis@hotmail.com,France,2022-06-22,Standard,156.08
4069,Mark Mueller,mark.mueller@mail.io,Germany,2023-07-26,Basic,103.82
4070,Sarah Kim,sarah.kim@hotmail.com,United States,2023-12-06,Standard,518.10
4071,Sharon Gonzalez,sharon.gonzalez@yahoo.com,India,2020-01-16,Standard,756.47
4072,Richard Clark,richard.clark2@gmail.com,Germany,2022-05-29,Standard,364.60
4073,Barbara Mueller,barbara.mueller@hotmail.com,United Kingdom,2024-11-25,Premium,3532.78
4074,Elizabeth Mueller,elizabeth.mueller@company.com,United States,2021-05-06,Basic,42.16
4075,Jennifer Wang,jennifer.wang@company.com,France,2023-03-15,Basic,115.09
4076,Rebecca Smith,rebecca.smith@yahoo.com,United States,2021-01-23,Standard,648.79
4077,Nancy Lewis,,India,2024-04-08,Standard,193.17
4078,Sarah Miller,sarah.miller@company.com,France,2024-11-30,Basic,90.04
4079,Michael Sharma,michael.sharma@company.com,France,2025-04-11,Premium,3331.04
4080,Nancy Martin,nancy.martin@outlook.com,United Kingdom,2022-11-01,Standard,274.54
4081,Ashley Anderson,ashley.anderson1@company.com,United States,2021-07-14,Premium,3096.77
4082,Anthony Wang,anthony.wang@corp.net,Germany,2022-06-09,Standard,239.40
4083,Ananya Mueller,ananya.mueller@mail.io,United States,2024-02-12,Basic,56.37
4084,Mary Sanchez,mary.sanchez@yahoo.com,United States,2020-08-25,Standard,426.00
4085,Priya Harris,priya.harris2@gmail.com,United States,2021-12-18,Basic,69.07
4086,Karen Thomas,karen.thomas@mail.io,United Kingdom,2025-01-03,Basic,88.94
4087,Michael Jones,michael.jones2@gmail.com,United States,2021-03-24,Premium,3178.00
4088,Elizabeth Brown,elizabeth.brown@gmail.com,Australia,2024-10-08,Standard,231.44
4089,Amanda Martin,amanda.martin@hotmail.com,India,2021-01-06,Premium,703.60
4090,Joseph Anderson,joseph.anderson@company.com,United States,2022-08-30,Standard,269.00
4091,Sarah Patel,sarah.patel2@gmail.com,India,2022-07-18,Premium,843.29
4092,Jessica Chen,jessica.chen1@mail.io,United Kingdom,2025-03-22,Premium,944.17
4093,Emma Perez,emma.perez1@outlook.com,France,2020-11-23,Standard,309.96
4094,Joseph Williams,joseph.williams@hotmail.com,United States,2022-11-27,Basic,98.62
4095,Mark Robinson,mark.robinson@icloud.com,United States,2023-03-12,Standard,433.17
4096,Paul Nguyen,paul.nguyen@hotmail.com,United States,2021-06-10,Premium,4376.96
4097,Nancy Singh,nancy.singh1@gmail.com,United Kingdom,2023-03-23,Basic,78.92
4098,Elizabeth Singh,elizabeth.singh2@gmail.com,United States,2021-04-01,Standard,736.68
4099,Ananya Lopez,ananya.lopez1@outlook.com,United States,2022-08-14,Premium,2175.32
4100,Andrew Garcia,andrew.garcia1@company.com,United States,2024-03-12,Standard,335.18
4101,Lisa Perez,lisa.perez1@corp.net,United States,2025-05-25,Standard,748.30
4102,Melissa Nguyen,melissa.nguyen@company.com,Canada,2022-06-28,Standard,732.76
4103,Andrew Sharma,andrew.sharma@company.com,France,2024-04-17,Standard,761.38
4104,Emma Nguyen,emma.nguyen@outlook.com,Germany,2021-01-05,Standard,314.92
4105,Barbara Lewis,barbara.lewis1@gmail.com,United States,2025-01-26,Basic,149.78
4106,Stephanie Singh,stephanie.singh1@company.com,United States,2021-02-04,Premium,2576.18
4107,Mark Thomas,mark.thomas1@gmail.com,United States,2022-11-24,Standard,167.08
4108,Emily Jones,emily.jones@company.com,United States,2023-03-17,Premium,3080.73
4109,Emma Walker,emma.walker@mail.io,United States,2022-04-15,Basic,133.36
4110,James Jones,james.jones@gmail.com,United States,2023-03-30,Basic,80.20
4111,Sarah Wilson,sarah.wilson@mail.io,France,2020-02-28,Basic,107.81
4112,Daniel Lewis,daniel.lewis@outlook.com,Australia,2023-08-27,Basic,74.15
4113,Arjun Rodriguez,arjun.rodriguez@outlook.com,Canada,2024-12-04,Premium,3305.73
4114,Lucas Hernandez,lucas.hernandez@mail.io,United States,2021-04-27,Standard,503.94
4115,Richard Chen,richard.chen@gmail.com,United Kingdom,2020-06-26,Standard,575.69
4116,Amanda Smith,amanda.smith1@gmail.com,India,2023-03-29,Basic,167.59
4117,Oliver Sharma,oliver.sharma@gmail.com,United States,2025-04-25,Basic,97.44
4118,James Wang,james.wang@yahoo.com,India,2020-07-14,Standard,100.44
4119,Linda White,linda.white@icloud.com,Germany,2021-06-13,Premium,4802.00
4120,Kenneth Williams,kenneth.williams1@gmail.com,United States,2023-09-16,Standard,350.87
4121,Melissa Johnson,melissa.johnson@gmail.com,India,2024-03-31,Standard,359.06
4122,James Davis,james.davis@company.com,United Kingdom,2021-07-10,Basic,37.31
4123,Lisa Wilson,lisa.wilson1@gmail.com,Germany,2024-07-10,Standard,616.64
4124,Lisa Taylor,lisa.taylor@gmail.com,France,2021-08-02,Basic,122.18
4125,Andrew Sharma,andrew.sharma1@company.com,Australia,2022-02-15,Basic,132.73
4126,Mark Harris,mark.harris1@gmail.com,United Kingdom,2023-08-20,Standard,251.21
4127,Laura Taylor,laura.taylor1@gmail.com,United States,2021-08-23,Basic,136.63
4128,Paul Gonzalez,paul.gonzalez@yahoo.com,United States,2025-02-09,Standard,480.54
4129,Ashley Lopez,ashley.lopez1@gmail.com,France,2025-02-28,Standard,709.92
4130,Andrew Thomas,andrew.thomas1@gmail.com,United States,2022-11-15,Standard,178.50
4131,Richard Thomas,richard.thomas@mail.io,India,2022-01-14,Basic,163.92
4132,Lisa Thomas,lisa.thomas@gmail.com,United States,2020-02-11,Premium,1852.33
4133,Melissa Mueller,melissa.mueller@gmail.com,United States,2024-05-21,Basic,4.34
4134,Kenneth Johnson,kenneth.johnson@corp.net,United States,2024-08-19,Standard,713.23
4135,Nancy Williams,nancy.williams@yahoo.com,India,2024-08-02,Standard,98.32
4136,Steven Thompson,steven.thompson@outlook.com,Germany,2023-12-06,Premium,3371.30
4137,Paul Perez,paul.perez1@gmail.com,United States,2023-04-08,Standard,414.29
4138,Paul Patel,paul.patel@outlook.com,India,2023-07-29,Standard,755.44
4139,Raj Anderson,raj.anderson@gmail.com,Canada,2025-01-27,Standard,89.90
4140,Jennifer Garcia,jennifer.garcia@icloud.com,United States,2020-10-02,Basic,174.96
4141,Arjun Gonzalez,arjun.gonzalez@icloud.com,France,2021-03-27,Standard,219.29
4142,Emily Robinson,emily.robinson@outlook.com,Canada,2021-10-02,Standard,274.01
4143,Noah White,noah.white@mail.io,United Kingdom,2022-07-10,Standard,80.75
4144,Arjun Perez,arjun.perez@icloud.com,United States,2020-09-02,Basic,128.46
4145,Laura Chen,laura.chen@yahoo.com,United States,2021-09-07,Standard,345.66
4146,Jennifer Lewis,jennifer.lewis@outlook.com,United States,2024-10-04,Standard,153.41
4147,Melissa Miller,melissa.miller@gmail.com,United States,2022-01-22,Premium,3318.82
4148,Amanda Gonzalez,amanda.gonzalez@yahoo.com,United States,2020-01-30,Basic,151.13
4149,Sofia Perez,sofia.perez1@gmail.com,United States,2021-11-26,Premium,2376.61
4150,Sharon Patel,sharon.patel@gmail.com,India,2022-10-05,Standard,402.27
4151,Emily Sanchez,emily.sanchez@outlook.com,United Kingdom,2021-09-21,Basic,4.00
4152,Sarah Wilson,sarah.wilson1@gmail.com,France,2022-07-26,Standard,790.25
4153,Patricia Hernandez,patricia.hernandez@mail.io,United States,2025-03-10,Standard,453.89
4154,Raj Thompson,raj.thompson@hotmail.com,United States,2024-10-08,Basic,17.90
4155,Patricia Davis,patricia.davis@icloud.com,France,2021-03-03,Standard,256.72
4156,Robert Hernandez,robert.hernandez@hotmail.com,France,2023-03-22,Basic,38.40
4157,Arjun Brown,arjun.brown@outlook.com,United States,2021-04-23,Basic,56.59
4158,Thomas Jackson,thomas.jackson1@yahoo.com,United Kingdom,2025-05-17,Standard,343.39
4159,Noah Ramirez,noah.ramirez@mail.io,Australia,2022-12-24,Standard,273.43
4160,Christopher White,christopher.white@outlook.com,India,2021-03-15,Standard,167.27
4161,Barbara White,barbara.white1@gmail.com,United States,2021-04-29,Standard,65.73
4162,Joseph Chen,joseph.chen@corp.net,United Kingdom,2025-03-01,Standard,341.84
4163,John Rodriguez,john.rodriguez2@hotmail.com,Germany,2023-09-23,Basic,4.59
4164,Lucas Wilson,lucas.wilson@mail.io,United States,2024-09-02,Standard,287.86
4165,Nancy White,nancy.white@hotmail.com,United States,2024-06-07,Standard,392.55
4166,Sofia Lee,sofia.lee@yahoo.com,United Kingdom,2020-12-06,Basic,82.36
4167,Emma Singh,emma.singh@gmail.com,United States,2022-04-09,Standard,148.70
4168,Karen Clark,karen.clark@icloud.com,Australia,2025-01-16,Standard,99.10
4169,Michael Sanchez,michael.sanchez@mail.io,United States,2022-01-31,Basic,173.42
4170,Melissa Mueller,melissa.mueller1@icloud.com,United Kingdom,2021-08-17,Basic,77.70
4171,Andrew Sanchez,andrew.sanchez@hotmail.com,United States,2021-06-07,Standard,178.41
4172,Priya Williams,priya.williams@gmail.com,India,2024-08-13,Standard,533.31
4173,Jessica Jackson,jessica.jackson@hotmail.com,United States,2021-04-03,Standard,101.55
4174,Karen Williams,karen.williams2@gmail.com,United States,2022-08-30,Basic,167.63
4175,Daniel Miller,daniel.miller@outlook.com,France,2022-08-17,Standard,790.45
4176,Stephanie Hernandez,stephanie.hernandez@gmail.com,Germany,2022-08-02,Standard,234.64
4177,Robert Johnson,robert.johnson@hotmail.com,France,2022-02-25,Basic,130.49
4178,Laura Mueller,laura.mueller@gmail.com,Germany,2023-09-13,Standard,284.73
4179,Lisa Davis,lisa.davis@corp.net,Germany,2023-06-04,Standard,444.12
4180,Sharon Wang,sharon.wang@gmail.com,United States,2024-01-06,Standard,518.91
4181,Lisa Rodriguez,lisa.rodriguez@outlook.com,United States,2023-11-17,Standard,498.45
4182,Mary Clark,mary.clark@gmail.com,United Kingdom,2021-01-27,Premium,3291.35
4183,James Garcia,james.garcia@company.com,United States,2021-01-03,Standard,598.64
4184,Stephanie Harris,stephanie.harris@icloud.com,United States,2025-03-03,Standard,770.25
4185,Karen Lee,karen.lee@gmail.com,United States,2021-02-07,Standard,218.04
4186,Joseph Sanchez,joseph.sanchez@mail.io,France,2025-05-15,Premium,1497.81
4187,Noah Singh,noah.singh@gmail.com,Canada,2023-09-30,Premium,4326.59
4188,James Moore,james.moore@icloud.com,United Kingdom,2020-03-26,Basic,10.25
4189,Lisa Ramirez,lisa.ramirez1@outlook.com,United States,2020-06-27,Standard,549.95
4190,Robert Chen,robert.chen@company.com,United Kingdom,2024-01-31,Premium,3358.10
4191,William Garcia,william.garcia@hotmail.com,United States,2020-11-07,Basic,148.99
4192,Paul Gonzalez,paul.gonzalez@outlook.com,United Kingdom,2024-02-03,Standard,412.67
4193,Mark Lewis,mark.lewis@outlook.com,Germany,2020-11-07,Standard,215.01
4194,Emily Kim,emily.kim@gmail.com,Australia,2020-10-22,Standard,502.04
4195,Christopher Martinez,christopher.martinez@gmail.com,United States,2023-11-19,Standard,719.02
4196,Joshua Wang,joshua.wang@gmail.com,France,2024-03-26,Premium,1674.32
4197,Rebecca Mueller,rebecca.mueller@corp.net,India,2023-05-19,Standard,158.45
4198,Raj Brown,raj.brown@icloud.com,United States,2022-03-20,Basic,26.86
4199,Amanda White,amanda.white@gmail.com,United States,2021-09-26,Standard,306.75
4200,Amanda Patel,amanda.patel@outlook.com,France,2024-04-27,Standard,558.67
4201,Mia Perez,mia.perez@gmail.com,United States,2022-10-09,Premium,1521.29
4202,Michael Rodriguez,michael.rodriguez@gmail.com,United States,2022-11-27,Standard,486.51
4203,Karen Garcia,karen.garcia@company.com,United States,2020-01-13,Standard,704.33
4204,Mary Perez,mary.perez@outlook.com,United States,2022-05-24,Standard,666.68
4205,Joseph White,joseph.white@outlook.com,United States,2022-09-16,Standard,489.32
4206,James Gonzalez,james.gonzalez@yahoo.com,France,2024-06-27,Standard,227.92
4207,Lucas Brown,lucas.brown1@gmail.com,Germany,2023-04-09,Standard,600.73
4208,Emma Wang,emma.wang@gmail.com,United States,2024-05-30,Premium,4564.88
4209,Thomas Nguyen,thomas.nguyen@yahoo.com,United States,2023-05-17,Basic,145.27
4210,Matthew Garcia,matthew.garcia@yahoo.com,United States,2021-11-14,Basic,31.81
4211,William Lewis,william.lewis@gmail.com,United States,2025-04-02,Basic,114.54
4212,Jennifer Jones,jennifer.jones2@gmail.com,United States,2024-08-05,Standard,113.11
4213,Jessica Perez,jessica.perez@corp.net,India,2023-02-13,Basic,192.95
4214,Matthew Perez,matthew.perez1@gmail.com,Germany,2021-04-12,Standard,359.17
4215,Jennifer Ramirez,jennifer.ramirez@gmail.com,United States,2025-02-07,Standard,682.14
4216,Sharon Chen,,United Kingdom,2020-01-30,Basic,40.79
4217,William Brown,william.brown@corp.net,Canada,2025-03-27,Standard,562.64
4218,Oliver Martinez,oliver.martinez@yahoo.com,United States,2021-08-16,Premium,4391.95
4219,Patricia Ramirez,patricia.ramirez@icloud.com,United States,2023-02-15,Standard,341.79
4220,Karen Kumar,karen.kumar@yahoo.com,France,2020-10-03,Premium,2809.49
4221,Susan Anderson,susan.anderson1@gmail.com,India,2022-04-23,Standard,720.52
4222,Noah Hernandez,noah.hernandez@mail.io,Canada,2024-05-18,Premium,3232.47
4223,Sharon Chen,sharon.chen@mail.io,France,2023-11-28,Standard,171.66
4224,John Lee,john.lee3@gmail.com,France,2020-04-02,Standard,299.90
4225,John Kim,john.kim1@gmail.com,United States,2024-05-17,Standard,146.82
4226,Priya Martinez,priya.martinez1@gmail.com,United Kingdom,2022-09-03,Standard,192.41
4227,Christopher Lopez,christopher.lopez@hotmail.com,United States,2020-12-24,Standard,84.73
4228,Richard Kumar,richard.kumar1@yahoo.com,United States,2022-01-31,Standard,371.03
4229,Daniel Wang,daniel.wang@mail.io,Canada,2022-01-17,Premium,4925.03
4230,Michael Rodriguez,michael.rodriguez@outlook.com,Australia,2024-03-01,Standard,152.93
4231,Kenneth Smith,kenneth.smith1@gmail.com,United Kingdom,2024-10-07,Standard,208.13
4232,Elizabeth Perez,elizabeth.perez@gmail.com,Germany,2022-01-19,Standard,773.76
4233,Kenneth Sanchez,kenneth.sanchez1@company.com,Canada,2023-05-22,Premium,4359.09
4234,Jennifer Davis,jennifer.davis@outlook.com,Canada,2020-01-13,Standard,745.44
4235,Jessica Martin,jessica.martin@gmail.com,Germany,2024-07-03,Standard,377.62
4236,Rebecca Chen,rebecca.chen@yahoo.com,United States,2023-04-28,Standard,539.11
4237,Priya Wilson,priya.wilson@company.com,India,2022-02-09,Basic,112.63
4238,Paul Clark,paul.clark@gmail.com,Germany,2023-03-10,Basic,14.44
4239,Noah Davis,noah.davis@gmail.com,India,2022-01-10,Standard,330.59
4240,Joseph Harris,joseph.harris1@icloud.com,Canada,2020-04-01,Standard,664.28
4241,Laura Lewis,laura.lewis@corp.net,Canada,2021-03-01,Premium,3423.52
4242,Daniel Garcia,daniel.garcia@gmail.com,Germany,2025-02-17,Standard,59.19
4243,David Rodriguez,david.rodriguez1@yahoo.com,United States,2024-04-08,Standard,725.50
4244,Steven Harris,steven.harris1@company.com,Australia,2021-10-14,Premium,2300.58
4245,Stephanie Anderson,stephanie.anderson2@gmail.com,United States,2020-04-12,Standard,436.90
4246,Christopher Walker,christopher.walker@mail.io,United States,2022-01-25,Basic,198.69
4247,Nancy Lee,nancy.lee@yahoo.com,Canada,2021-03-27,Premium,820.91
4248,Amanda Jackson,amanda.jackson1@company.com,United States,2022-05-24,Standard,107.17
4249,Priya Sanchez,priya.sanchez@outlook.com,United States,2021-10-26,Basic,105.91
4250,Elizabeth Lopez,elizabeth.lopez1@mail.io,Germany,2020-06-16,Standard,559.05
4251,Joshua Martin,joshua.martin@gmail.com,Australia,2022-05-23,Basic,199.16
4252,Sarah Johnson,sarah.johnson2@gmail.com,United States,2021-10-02,Basic,42.22
4253,Mark Miller,mark.miller@company.com,Germany,2021-02-08,Basic,21.73
4254,Richard Sharma,richard.sharma@outlook.com,France,2021-01-19,Standard,172.52
4255,Ananya Sanchez,ananya.sanchez@mail.io,Germany,2022-05-19,Premium,3955.77
4256,Emma Harris,emma.harris@outlook.com,Canada,2024-05-13,Standard,641.11
4257,David Patel,david.patel@outlook.com,Germany,2023-06-09,Standard,455.53
4258,Patricia White,patricia.white1@mail.io,France,2020-01-30,Premium,4384.33
4259,Nancy Perez,nancy.perez@corp.net,Canada,2024-06-25,Standard,746.04
4260,Michael Thompson,michael.thompson@mail.io,France,2024-07-09,Basic,41.77
4261,Sharon Rodriguez,sharon.rodriguez@icloud.com,Canada,2021-07-27,Standard,599.17
4262,Andrew Wilson,andrew.wilson3@gmail.com,Canada,2023-11-10,Premium,4480.81
4263,William Brown,william.brown@gmail.com,United States,2023-05-17,Standard,52.38
4264,Sharon Anderson,sharon.anderson1@outlook.com,United Kingdom,2024-01-18,Standard,367.30
4265,Ananya Smith,ananya.smith@company.com,France,2024-02-19,Standard,420.68
4266,John Ramirez,john.ramirez@hotmail.com,United Kingdom,2021-05-20,Standard,74.12
4267,Amanda Chen,amanda.chen2@outlook.com,France,2022-09-02,Standard,522.78
4268,Jessica Kumar,jessica.kumar@outlook.com,India,2021-04-20,Standard,501.06
4269,Andrew Garcia,andrew.garcia1@gmail.com,United Kingdom,2025-05-26,Basic,186.67
4270,Nancy Kumar,nancy.kumar@company.com,India,2022-03-28,Standard,520.38
4271,David Kumar,david.kumar1@company.com,United Kingdom,2021-12-19,Premium,531.93
4272,Kenneth Chen,kenneth.chen1@hotmail.com,United Kingdom,2022-04-10,Basic,92.35
4273,Noah Walker,noah.walker1@company.com,France,2022-05-31,Standard,448.24
4274,Andrew Robinson,andrew.robinson@gmail.com,United Kingdom,2021-10-10,Basic,148.91
4275,Lisa Lopez,lisa.lopez@company.com,Canada,2024-05-22,Standard,151.70
4276,Jennifer Anderson,jennifer.anderson1@gmail.com,United States,2024-12-12,Standard,786.26
4277,Karen Robinson,karen.robinson@gmail.com,India,2024-02-19,Standard,270.52
4278,Anthony Thompson,anthony.thompson@icloud.com,United States,2023-05-29,Basic,96.96
4279,Matthew Martin,matthew.martin@yahoo.com,United Kingdom,2022-04-27,Basic,85.65
4280,Oliver Nguyen,oliver.nguyen@outlook.com,Canada,2024-12-02,Premium,631.26
4281,Oliver Singh,oliver.singh@outlook.com,Germany,2022-04-15,Basic,48.20
4282,Matthew Jackson,matthew.jackson@outlook.com,United States,2022-05-30,Basic,142.35
4283,Lucas Nguyen,lucas.nguyen@gmail.com,India,2022-12-06,Standard,546.60
4284,Donald Lewis,donald.lewis1@mail.io,United Kingdom,2023-07-18,Basic,198.74
4285,Lucas Johnson,lucas.johnson2@gmail.com,Canada,2020-03-24,Basic,137.15
4286,Karen Sanchez,karen.sanchez@company.com,United States,2021-09-01,Basic,3.18
4287,Laura Lopez,laura.lopez@outlook.com,Australia,2023-11-15,Basic,118.71
4288,James Wang,james.wang@hotmail.com,United Kingdom,2024-08-11,Basic,56.78
4289,Emma Miller,emma.miller1@gmail.com,United Kingdom,2024-04-28,Premium,1145.98
4290,William Wilson,william.wilson1@gmail.com,Germany,2021-06-30,Standard,538.39
4291,David Chen,david.chen@yahoo.com,United States,2024-03-05,Standard,618.42
4292,Mark Anderson,mark.anderson@outlook.com,United States,2020-10-06,Standard,643.54
4293,Oliver Mueller,oliver.mueller@hotmail.com,United States,2022-12-10,Standard,308.07
4294,Laura Thomas,laura.thomas@outlook.com,India,2020-09-02,Standard,794.32
4295,David Smith,david.smith@company.com,India,2025-03-24,Basic,74.25
4296,John Lewis,john.lewis@outlook.com,United States,2022-09-18,Basic,108.73
4297,Thomas Williams,thomas.williams@gmail.com,France,2024-05-03,Standard,515.82
4298,Amanda Miller,amanda.miller@gmail.com,India,2022-03-11,Basic,124.84
4299,Noah Taylor,noah.taylor@gmail.com,Germany,2020-02-06,Standard,215.58
4300,William Kumar,william.kumar@gmail.com,India,2023-10-28,Premium,3427.62
4301,Susan Gonzalez,susan.gonzalez1@gmail.com,United States,2020-02-12,Basic,79.02
4302,Matthew Taylor,matthew.taylor1@mail.io,Canada,2022-02-02,Standard,521.01
4303,John Nguyen,john.nguyen@outlook.com,United States,2024-03-31,Standard,324.05
4304,Lucas Williams,lucas.williams@mail.io,United Kingdom,2020-08-07,Premium,3156.44
4305,Joseph Clark,joseph.clark@yahoo.com,United Kingdom,2025-03-09,Standard,257.11
4306,Kenneth Wilson,kenneth.wilson@outlook.com,Australia,2022-01-01,Standard,730.41
4307,Kenneth Lopez,kenneth.lopez@outlook.com,Canada,2024-07-10,Standard,377.50
4308,Mary Nguyen,mary.nguyen@company.com,India,2023-12-07,Basic,74.77
4309,Nancy Gonzalez,nancy.gonzalez@corp.net,United Kingdom,2021-03-21,Basic,91.67
4310,Ananya Lopez,ananya.lopez@icloud.com,United States,2020-12-28,Standard,464.13
4311,Sharon Anderson,sharon.anderson@gmail.com,United States,2023-10-13,Basic,138.82
4312,Mia Thomas,mia.thomas@gmail.com,United States,2021-07-09,Standard,782.52
4313,Nancy Sanchez,nancy.sanchez2@gmail.com,United States,2024-03-02,Standard,326.25
4314,Rebecca Brown,rebecca.brown1@outlook.com,United States,2021-10-01,Basic,189.67
4315,Sofia Brown,sofia.brown@gmail.com,Australia,2025-02-25,Standard,102.46
4316,Melissa Sanchez,melissa.sanchez@mail.io,United States,2022-08-07,Basic,179.73
4317,Anthony Anderson,anthony.anderson1@gmail.com,United States,2020-01-04,Basic,36.94
4318,Lucas Brown,lucas.brown2@gmail.com,United States,2024-10-28,Standard,439.55
4319,Priya Chen,priya.chen1@icloud.com,United States,2024-11-10,Standard,118.07
4320,Stephanie Singh,stephanie.singh2@company.com,United States,2022-08-22,Premium,1965.83
4321,Lucas Harris,lucas.harris@yahoo.com,United States,2025-05-28,Standard,55.72
4322,Noah Harris,noah.harris@yahoo.com,India,2023-10-24,Standard,753.87
4323,Mia Lee,mia.lee@outlook.com,India,2022-07-09,Standard,303.81
4324,Barbara Wilson,barbara.wilson@yahoo.com,Canada,2021-04-15,Standard,501.32
4325,David Mueller,david.mueller@mail.io,United States,2020-03-27,Standard,601.65
4326,Linda Robinson,linda.robinson@gmail.com,United States,2022-03-11,Standard,483.85
4327,Linda Chen,linda.chen@gmail.com,India,2024-01-27,Standard,259.15
4328,James Gonzalez,james.gonzalez@corp.net,United States,2022-08-29,Standard,505.88
4329,Noah Ramirez,noah.ramirez1@corp.net,India,2024-10-11,Basic,182.08
4330,Donald Smith,donald.smith1@gmail.com,United States,2021-10-19,Basic,138.02
4331,Paul Harris,paul.harris@mail.io,United States,2023-01-26,Premium,3689.69
4332,Oliver Walker,oliver.walker@gmail.com,United States,2021-11-09,Standard,361.17
4333,Jennifer Miller,jennifer.miller1@gmail.com,United States,2023-04-23,Premium,603.66
4334,Patricia Lee,patricia.lee1@gmail.com,United States,2020-02-16,Basic,155.75
4335,Linda Nguyen,linda.nguyen@yahoo.com,United States,2023-02-25,Standard,660.92
4336,Barbara Walker,barbara.walker@outlook.com,United Kingdom,2023-08-31,Standard,289.90
4337,Matthew Walker,matthew.walker@company.com,Canada,2023-01-15,Premium,3990.58
4338,Emma Wang,emma.wang@hotmail.com,Germany,2022-07-20,Standard,570.10
4339,William Sharma,william.sharma@company.com,Canada,2020-11-26,Basic,186.61
4340,Jessica Thomas,jessica.thomas@company.com,India,2020-12-12,Standard,246.07
4341,Patricia White,patricia.white2@gmail.com,United States,2023-06-06,Standard,75.29
4342,John Kim,john.kim@yahoo.com,India,2024-06-13,Premium,1704.43
4343,Joseph Thomas,joseph.thomas@gmail.com,Canada,2023-07-21,Standard,279.62
4344,Lisa Martin,lisa.martin@company.com,United States,2023-07-05,Standard,529.09
4345,William Chen,william.chen@gmail.com,United States,2025-01-31,Standard,697.62
4346,Andrew Moore,andrew.moore@gmail.com,United States,2020-01-09,Standard,667.19
4347,Arjun Jones,arjun.jones@yahoo.com,Germany,2020-01-18,Premium,3910.51
4348,Patricia Lewis,patricia.lewis@yahoo.com,United Kingdom,2022-01-15,Standard,147.58
4349,Barbara Lee,barbara.lee@hotmail.com,United States,2020-09-25,Premium,3680.73
4350,Donald Jackson,donald.jackson@gmail.com,France,2020-10-05,Premium,1831.35
4351,Barbara Singh,barbara.singh1@gmail.com,United States,2021-03-10,Basic,80.24
4352,Rebecca Mueller,rebecca.mueller@company.com,United States,2023-09-24,Standard,109.90
4353,Steven Jackson,steven.jackson@outlook.com,United States,2021-07-10,Basic,108.94
4354,Lucas Lopez,lucas.lopez2@gmail.com,United States,2023-04-18,Standard,548.65
4355,Robert Jones,robert.jones@company.com,India,2023-04-23,Standard,648.86
4356,Lisa Martin,lisa.martin@mail.io,Australia,2020-07-06,Basic,26.43
4357,Noah Wilson,noah.wilson2@gmail.com,United States,2024-05-02,Standard,562.52
4358,Elizabeth Williams,elizabeth.williams1@gmail.com,United States,2024-03-04,Standard,147.03
4359,Andrew White,andrew.white2@gmail.com,United States,2024-09-06,Basic,92.62
4360,Emily Jackson,emily.jackson2@company.com,United States,2024-10-29,Standard,485.30
4361,Emily Clark,emily.clark1@yahoo.com,United States,2020-08-24,Standard,446.95
4362,Robert Perez,robert.perez1@icloud.com,India,2023-10-22,Standard,647.03
4363,Stephanie Taylor,stephanie.taylor@mail.io,United States,2020-05-10,Standard,701.42
4364,James Smith,james.smith@outlook.com,India,2023-11-06,Basic,85.15
4365,Elizabeth Williams,elizabeth.williams2@gmail.com,United States,2022-10-27,Standard,326.43
4366,Andrew Kim,andrew.kim@gmail.com,United States,2023-09-10,Premium,2111.08
4367,Joseph Robinson,joseph.robinson@mail.io,Canada,2024-02-08,Basic,128.03
4368,Karen Thomas,karen.thomas@hotmail.com,France,2021-08-09,Standard,446.04
4369,Kenneth Davis,kenneth.davis@yahoo.com,United States,2020-02-02,Basic,78.25
4370,Mark Rodriguez,mark.rodriguez1@gmail.com,United States,2025-03-24,Standard,574.73
4371,Matthew Jones,matthew.jones@icloud.com,France,2021-02-04,Standard,104.62
4372,Sarah Jackson,sarah.jackson@company.com,United Kingdom,2022-03-12,Basic,81.51
4373,Lucas Singh,lucas.singh@gmail.com,United Kingdom,2021-02-17,Basic,34.59
4374,Michael Nguyen,michael.nguyen@corp.net,Germany,2023-05-30,Standard,468.41
4375,Nancy Garcia,nancy.garcia@mail.io,United States,2021-11-07,Standard,225.43
4376,Lucas Sanchez,lucas.sanchez@corp.net,United States,2021-11-05,Standard,163.69
4377,Emma Mueller,emma.mueller@outlook.com,France,2020-01-31,Basic,195.88
4378,William Smith,william.smith@gmail.com,United Kingdom,2020-01-26,Standard,314.92
4379,Karen Patel,karen.patel@company.com,United States,2021-11-01,Premium,2393.59
4380,Ashley Taylor,ashley.taylor@corp.net,India,2022-09-08,Standard,116.52
4381,Karen Davis,karen.davis@outlook.com,Canada,2021-03-21,Standard,267.27
4382,Laura Sharma,laura.sharma1@gmail.com,Canada,2021-11-10,Standard,712.18
4383,Nancy Lee,nancy.lee1@yahoo.com,Australia,2020-11-09,Basic,195.30
4384,Mary Thompson,mary.thompson@company.com,Germany,2024-10-20,Basic,58.03
4385,Kenneth Perez,kenneth.perez@gmail.com,India,2021-02-05,Basic,32.20
4386,Rebecca Smith,rebecca.smith@outlook.com,United States,2023-02-05,Standard,770.58
4387,Andrew Martinez,andrew.martinez@gmail.com,United Kingdom,2024-11-07,Basic,152.27
4388,Raj Rodriguez,raj.rodriguez@icloud.com,United States,2023-05-21,Standard,502.20
4389,Ananya Martin,ananya.martin@yahoo.com,Germany,2021-12-14,Standard,264.02
4390,Melissa Garcia,melissa.garcia@hotmail.com,France,2023-02-20,Premium,530.35
4391,Melissa Patel,melissa.patel1@outlook.com,United States,2024-10-08,Standard,170.30
4392,Steven Walker,steven.walker@company.com,United States,2023-02-11,Basic,16.12
4393,Christopher Thomas,christopher.thomas1@outlook.com,United States,2020-11-24,Standard,71.68
4394,Lisa Sharma,lisa.sharma1@gmail.com,Canada,2023-08-29,Standard,209.67
4395,Andrew Thomas,andrew.thomas@hotmail.com,Germany,2025-01-20,Standard,434.92
4396,Lucas White,lucas.white1@gmail.com,Australia,2022-09-25,Standard,474.06
4397,Amanda Gonzalez,amanda.gonzalez@corp.net,United Kingdom,2021-06-02,Basic,102.45
4398,Michael Mueller,michael.mueller@icloud.com,Australia,2021-06-19,Standard,763.73
4399,Rebecca Wang,rebecca.wang@company.com,India,2022-06-10,Standard,701.94
4400,Andrew Thompson,andrew.thompson@gmail.com,United States,2024-07-20,Standard,281.84
4401,Elizabeth Kim,elizabeth.kim@gmail.com,Australia,2022-10-07,Standard,735.47
4402,Stephanie Thompson,stephanie.thompson@hotmail.com,United States,2021-10-18,Basic,150.99
4403,Nancy Ramirez,nancy.ramirez@outlook.com,Canada,2021-10-17,Standard,258.52
4404,Kenneth Martinez,kenneth.martinez1@outlook.com,United Kingdom,2020-05-03,Basic,20.30
4405,Amanda Wilson,amanda.wilson@yahoo.com,United States,2023-10-20,Standard,529.84
4406,Stephanie Jones,,India,2022-12-31,Basic,157.42
4407,Linda Wilson,linda.wilson@mail.io,Germany,2024-05-30,Standard,415.39
4408,Anthony Lee,anthony.lee@yahoo.com,United Kingdom,2024-05-19,Standard,143.59
4409,Priya Walker,priya.walker1@outlook.com,Canada,2023-08-23,Standard,764.26
4410,Michael Robinson,michael.robinson@hotmail.com,Canada,2021-06-09,Standard,195.61
4411,William Singh,william.singh@gmail.com,France,2020-02-09,Basic,169.80
4412,John Sharma,john.sharma2@gmail.com,United Kingdom,2020-03-31,Standard,62.62
4413,Priya Harris,priya.harris3@gmail.com,United Kingdom,2022-01-11,Standard,510.43
4414,Raj Mueller,raj.mueller2@gmail.com,United States,2024-04-11,Basic,54.68
4415,William Wilson,william.wilson@outlook.com,United States,2022-07-17,Standard,280.98
4416,Ashley Jackson,ashley.jackson@yahoo.com,Germany,2023-01-22,Basic,55.57
4417,Lucas Sharma,lucas.sharma@gmail.com,United Kingdom,2023-06-19,Premium,506.66
4418,Christopher Anderson,christopher.anderson@hotmail.com,Germany,2020-09-05,Standard,774.03
4419,Linda Miller,linda.miller@yahoo.com,Germany,2023-08-04,Standard,375.77
4420,Nancy Johnson,nancy.johnson@icloud.com,France,2023-02-27,Standard,612.77
4421,Christopher Robinson,christopher.robinson1@gmail.com,United States,2024-09-24,Basic,103.41
4422,Raj Chen,raj.chen@gmail.com,United States,2022-01-21,Standard,608.45
4423,Daniel Garcia,daniel.garcia@outlook.com,United States,2025-04-21,Basic,140.08
4424,William Martinez,william.martinez1@yahoo.com,United States,2020-01-04,Premium,4219.06
4425,Richard Clark,richard.clark@outlook.com,United States,2024-06-20,Premium,4562.49
4426,Linda Moore,linda.moore@yahoo.com,United States,2020-11-05,Standard,56.66
4427,Barbara Singh,barbara.singh@yahoo.com,Germany,2021-01-21,Standard,336.27
4428,Sarah Gonzalez,sarah.gonzalez1@gmail.com,United States,2020-09-27,Standard,480.22
4429,Emily Williams,emily.williams@mail.io,United States,2024-08-11,Standard,765.07
4430,Thomas Harris,thomas.harris@corp.net,Canada,2022-01-25,Standard,608.44
4431,Mia Ramirez,mia.ramirez@outlook.com,United States,2022-07-09,Standard,330.59
4432,Lucas Clark,lucas.clark@yahoo.com,United States,2022-01-03,Premium,1248.09
4433,Emma Thomas,emma.thomas@mail.io,India,2021-05-30,Premium,785.38
4434,Nancy Sanchez,nancy.sanchez@icloud.com,United States,2023-12-11,Standard,682.39
4435,Susan Lee,susan.lee@yahoo.com,United States,2023-10-17,Basic,2.30
4436,Susan Wang,susan.wang@outlook.com,United Kingdom,2025-02-25,Standard,89.12
4437,Andrew Johnson,andrew.johnson@icloud.com,United States,2022-02-22,Premium,2023.83
4438,Ananya Lewis,ananya.lewis@outlook.com,United Kingdom,2023-12-27,Standard,342.51
4439,Nancy Thomas,nancy.thomas1@yahoo.com,India,2021-01-10,Standard,153.50
4440,Emily Sharma,emily.sharma@gmail.com,India,2025-03-26,Premium,4312.69
4441,Richard Jackson,richard.jackson@outlook.com,United States,2021-12-27,Standard,604.74
4442,Susan Wilson,susan.wilson@company.com,France,2024-06-23,Premium,3580.53
4443,Sharon Miller,sharon.miller@outlook.com,United Kingdom,2021-07-19,Standard,349.56
4444,Joseph Hernandez,joseph.hernandez1@gmail.com,Germany,2023-11-25,Basic,36.58
4445,Lisa Taylor,lisa.taylor@yahoo.com,United States,2021-03-03,Basic,71.97
4446,Sofia Wang,sofia.wang1@gmail.com,United States,2022-01-24,Standard,390.63
4447,Raj Kumar,raj.kumar@mail.io,United Kingdom,2022-06-02,Premium,2727.90
4448,Susan Sharma,susan.sharma@mail.io,Canada,2024-06-25,Basic,105.14
4449,Priya Kim,priya.kim@company.com,United States,2024-09-05,Standard,165.61
4450,Noah Jones,noah.jones3@gmail.com,United States,2022-12-01,Basic,18.83
4451,Raj Lee,raj.lee@icloud.com,United Kingdom,2020-03-02,Standard,324.91
4452,Barbara Miller,barbara.miller@gmail.com,United States,2024-10-30,Basic,149.05
4453,Joshua Harris,joshua.harris@yahoo.com,Canada,2023-11-07,Basic,112.00
4454,Amanda Smith,amanda.smith@hotmail.com,United States,2022-06-06,Standard,536.96
4455,Mary Davis,mary.davis@gmail.com,France,2021-08-10,Premium,2151.51
4456,Melissa Robinson,melissa.robinson@gmail.com,Canada,2022-10-06,Premium,2840.89
4457,John Johnson,john.johnson@gmail.com,France,2023-01-01,Standard,488.63
4458,Laura Robinson,laura.robinson@mail.io,United States,2020-09-26,Standard,277.96
4459,Arjun Smith,arjun.smith@gmail.com,United States,2021-06-20,Standard,146.46
4460,Richard Jackson,richard.jackson@mail.io,Canada,2022-05-26,Standard,356.19
4461,Patricia Sharma,patricia.sharma@icloud.com,United Kingdom,2023-10-27,Basic,108.54
4462,Arjun Sanchez,arjun.sanchez3@gmail.com,Germany,2021-10-08,Premium,4788.82
4463,Karen Smith,karen.smith@outlook.com,United States,2024-05-26,Premium,2417.86
4464,Matthew Ramirez,matthew.ramirez@icloud.com,United States,2023-07-07,Standard,256.88
4465,Mark Smith,mark.smith@icloud.com,United States,2021-10-28,Basic,171.72
4466,Thomas Clark,thomas.clark@hotmail.com,Canada,2020-04-02,Standard,571.73
4467,Sofia Williams,sofia.williams@outlook.com,Germany,2021-04-10,Standard,428.52
4468,Paul Martinez,paul.martinez1@outlook.com,India,2022-07-25,Standard,366.25
4469,Donald Harris,donald.harris@company.com,United Kingdom,2021-04-15,Basic,181.01
4470,John Lewis,john.lewis1@gmail.com,Canada,2023-09-08,Standard,155.80
4471,Laura Williams,laura.williams1@company.com,United States,2020-03-04,Standard,739.89
4472,Arjun Perez,arjun.perez@hotmail.com,United States,2024-02-04,Premium,2841.19
4473,Priya Gonzalez,priya.gonzalez1@mail.io,India,2025-04-03,Standard,535.46
4474,Matthew Mueller,matthew.mueller1@yahoo.com,United States,2020-11-07,Premium,2682.81
4475,Emily Miller,emily.miller@hotmail.com,United States,2022-05-26,Standard,624.09
4476,Noah Williams,noah.williams1@gmail.com,United Kingdom,2021-10-08,Standard,67.52
4477,Mia Mueller,mia.mueller@mail.io,Germany,2021-06-15,Standard,554.15
4478,Sofia Taylor,sofia.taylor1@yahoo.com,United States,2021-09-29,Standard,558.01
4479,Amanda Perez,amanda.perez@company.com,United States,2022-05-20,Standard,303.12
4480,Michael Smith,michael.smith1@gmail.com,France,2023-08-18,Premium,1552.90
4481,Mia Hernandez,mia.hernandez@yahoo.com,Australia,2023-05-20,Standard,669.91
4482,Thomas Jones,thomas.jones@outlook.com,United States,2022-04-02,Standard,769.84
4483,Jennifer Rodriguez,jennifer.rodriguez@yahoo.com,India,2024-08-09,Standard,219.72
4484,Amanda Kim,amanda.kim@outlook.com,United States,2024-09-06,Standard,590.60
4485,William Martin,william.martin@outlook.com,France,2022-11-21,Standard,170.90
4486,Sharon Garcia,sharon.garcia1@gmail.com,Australia,2020-09-13,Standard,262.91
4487,Susan Hernandez,susan.hernandez@outlook.com,India,2023-01-20,Basic,63.71
4488,Patricia Ramirez,patricia.ramirez@gmail.com,Canada,2021-05-20,Basic,79.49
4489,Arjun Kim,arjun.kim@gmail.com,United States,2020-01-31,Premium,2466.55
4490,Nancy Miller,nancy.miller@icloud.com,Germany,2023-09-16,Standard,129.92
4491,Robert Jones,robert.jones@hotmail.com,United Kingdom,2022-12-24,Standard,377.13
4492,Oliver Martinez,oliver.martinez1@gmail.com,United States,2025-05-12,Standard,52.26
4493,Priya Williams,priya.williams@outlook.com,United States,2021-12-29,Standard,311.97
4494,Ananya Wilson,ananya.wilson@corp.net,United States,2024-04-23,Standard,249.83
4495,David Mueller,david.mueller@gmail.com,India,2023-04-28,Standard,287.89
4496,David Rodriguez,david.rodriguez1@gmail.com,Canada,2023-04-16,Standard,727.64
4497,Melissa Thompson,melissa.thompson@yahoo.com,India,2021-10-13,Standard,82.07
4498,Laura Clark,laura.clark1@outlook.com,Germany,2020-06-30,Standard,245.93
4499,Lucas Chen,lucas.chen@yahoo.com,United Kingdom,2020-10-04,Standard,480.01
4500,Emily Taylor,emily.taylor@mail.io,Canada,2022-12-19,Premium,879.44
4501,Oliver Rodriguez,oliver.rodriguez@yahoo.com,India,2023-08-20,Basic,36.18
4502,James Perez,james.perez@yahoo.com,France,2023-09-01,Standard,774.28
4503,Andrew Davis,andrew.davis1@outlook.com,Germany,2020-09-09,Standard,732.17
4504,Karen Lee,karen.lee@icloud.com,United Kingdom,2025-01-14,Premium,3857.25
4505,Barbara Moore,barbara.moore@hotmail.com,United Kingdom,2024-08-21,Basic,99.61
4506,Ananya Davis,ananya.davis@corp.net,India,2022-12-07,Standard,474.01
4507,Karen Hernandez,karen.hernandez@gmail.com,United States,2024-07-12,Standard,398.69
4508,Oliver Wang,oliver.wang@gmail.com,United States,2021-04-08,Standard,410.93
4509,Priya Williams,priya.williams@hotmail.com,United States,2021-08-29,Basic,71.58
4510,Arjun Jackson,arjun.jackson@outlook.com,India,2022-04-24,Standard,777.04
4511,Jessica Hernandez,jessica.hernandez2@gmail.com,France,2025-03-07,Basic,45.89
4512,Sofia Harris,sofia.harris@company.com,United Kingdom,2023-06-04,Premium,3824.00
4513,Ashley Mueller,ashley.mueller@yahoo.com,United States,2021-11-12,Standard,483.18
4514,Emily Garcia,emily.garcia@yahoo.com,United States,2020-02-09,Standard,500.98
4515,Linda Lee,linda.lee@gmail.com,United States,2020-04-03,Basic,6.85
4516,Ananya White,ananya.white1@company.com,United States,2021-10-29,Basic,156.07
4517,Donald Gonzalez,donald.gonzalez1@outlook.com,Germany,2021-08-10,Standard,659.37
4518,Ashley Clark,ashley.clark1@hotmail.com,United States,2024-09-27,Standard,113.86
4519,Jessica Taylor,jessica.taylor1@outlook.com,Canada,2021-12-19,Standard,418.88
4520,Mary Williams,mary.williams@corp.net,India,2020-03-13,Premium,3354.05
4521,Jennifer Jones,jennifer.jones@company.com,United States,2024-05-05,Standard,165.81
4522,Joshua Martin,joshua.martin1@corp.net,Australia,2025-04-06,Standard,672.33
4523,Sharon Lee,sharon.lee@gmail.com,Germany,2024-08-26,Standard,572.67
4524,Nancy Harris,nancy.harris@corp.net,Australia,2020-10-30,Basic,74.68
4525,Arjun Clark,arjun.clark@gmail.com,United States,2020-10-09,Standard,591.82
4526,Emma White,emma.white@hotmail.com,United States,2023-01-11,Standard,446.31
4527,Stephanie Williams,stephanie.williams@mail.io,Germany,2024-02-07,Basic,158.05
4528,Oliver Garcia,oliver.garcia2@gmail.com,United States,2020-11-23,Premium,1676.21
4529,Robert Davis,robert.davis@icloud.com,Australia,2022-04-26,Premium,4546.86
4530,Christopher Hernandez,christopher.hernandez1@gmail.com,Australia,2022-05-06,Basic,16.68
4531,Oliver Gonzalez,oliver.gonzalez1@hotmail.com,Australia,2020-11-09,Basic,60.25
4532,James Kim,james.kim1@mail.io,United States,2024-07-21,Standard,395.95
4533,James Miller,james.miller1@gmail.com,United States,2023-11-10,Standard,683.27
4534,Sarah Robinson,sarah.robinson@gmail.com,India,2023-12-14,Standard,378.76
4535,Sofia Singh,sofia.singh1@company.com,Germany,2025-03-09,Basic,101.36
4536,Priya Perez,priya.perez@outlook.com,United Kingdom,2020-08-18,Standard,620.68
4537,Joseph Ramirez,joseph.ramirez@company.com,United States,2021-04-22,Basic,11.41
4538,Kenneth Moore,kenneth.moore2@hotmail.com,Canada,2020-05-31,Premium,1882.02
4539,Laura Chen,laura.chen1@gmail.com,United States,2020-10-23,Premium,1855.35
4540,Sofia Harris,sofia.harris@hotmail.com,Germany,2022-11-01,Standard,496.53
4541,Jennifer Thompson,jennifer.thompson@outlook.com,United States,2024-08-01,Basic,102.74
4542,Jessica Wilson,jessica.wilson@icloud.com,United States,2024-11-22,Standard,399.53
4543,Amanda Clark,amanda.clark@gmail.com,India,2021-03-08,Standard,611.31
4544,Steven Ramirez,steven.ramirez@outlook.com,United States,2022-07-29,Basic,107.47
4545,Karen Anderson,karen.anderson@yahoo.com,United States,2022-05-30,Premium,558.66
4546,Stephanie Mueller,stephanie.mueller1@gmail.com,Australia,2021-10-13,Standard,176.97
4547,Raj Wang,raj.wang1@corp.net,Germany,2024-05-30,Standard,437.26
4548,Andrew Nguyen,andrew.nguyen@mail.io,France,2022-02-25,Standard,232.89
4549,Kenneth Taylor,kenneth.taylor@hotmail.com,United States,2025-04-13,Basic,4.36
4550,Jennifer Kim,jennifer.kim@hotmail.com,United Kingdom,2023-05-16,Basic,162.97
4551,Barbara Lopez,barbara.lopez@company.com,France,2025-05-11,Basic,16.74
4552,Sarah Davis,sarah.davis@yahoo.com,United States,2022-03-12,Standard,618.73
4553,Noah Robinson,noah.robinson@gmail.com,Australia,2021-04-07,Premium,4383.63
4554,Anthony Robinson,anthony.robinson@gmail.com,India,2024-12-30,Standard,209.93
4555,Susan Singh,susan.singh@hotmail.com,United Kingdom,2024-03-18,Basic,112.30
4556,Mary Gonzalez,mary.gonzalez1@gmail.com,United States,2021-08-27,Basic,66.17
4557,Noah Martin,noah.martin@gmail.com,Germany,2025-01-03,Standard,173.00
4558,Karen Nguyen,karen.nguyen@mail.io,United States,2024-09-22,Standard,164.86
4559,Amanda Davis,amanda.davis@outlook.com,United States,2025-01-10,Basic,108.68
4560,James Lewis,james.lewis@yahoo.com,United Kingdom,2024-09-20,Standard,273.31
4561,Kenneth Williams,kenneth.williams2@gmail.com,United States,2023-11-01,Basic,139.36
4562,Mark Brown,mark.brown@yahoo.com,Germany,2024-09-10,Basic,11.67
4563,Mia Clark,mia.clark@company.com,Germany,2021-08-18,Basic,14.71
4564,Arjun Smith,arjun.smith1@gmail.com,Germany,2021-03-07,Standard,312.84
4565,Ananya Gonzalez,ananya.gonzalez1@gmail.com,United States,2021-04-20,Standard,431.14
4566,James Sharma,james.sharma1@icloud.com,United Kingdom,2020-03-13,Standard,394.54
4567,Donald Williams,donald.williams@mail.io,France,2022-11-07,Standard,220.61
4568,Patricia Martin,patricia.martin@corp.net,United States,2025-01-28,Premium,3742.19
4569,William Moore,william.moore@company.com,Australia,2022-06-15,Basic,162.82
4570,Raj Chen,raj.chen@company.com,United States,2024-08-13,Basic,97.23
4571,Linda Chen,linda.chen@outlook.com,Australia,2021-05-04,Basic,102.51
4572,Ananya Johnson,ananya.johnson@mail.io,United States,2022-02-01,Standard,378.10
4573,Noah Miller,noah.miller2@outlook.com,United Kingdom,2022-01-04,Basic,113.09
4574,Robert Moore,robert.moore@mail.io,United States,2023-02-27,Standard,641.76
4575,Sofia Smith,sofia.smith@gmail.com,Australia,2024-02-24,Standard,261.68
4576,Lucas Miller,lucas.miller@outlook.com,United States,2023-08-20,Standard,541.83
4577,Linda Ramirez,linda.ramirez1@gmail.com,United States,2021-06-20,Standard,677.87
4578,Michael Gonzalez,michael.gonzalez@outlook.com,France,2021-11-07,Basic,10.29
4579,Karen Jackson,karen.jackson@mail.io,United States,2020-04-04,Standard,54.16
4580,Daniel Patel,daniel.patel@outlook.com,Canada,2020-04-26,Standard,92.58
4581,Mia Martinez,mia.martinez@gmail.com,United States,2023-02-20,Basic,190.40
4582,Linda Johnson,linda.johnson@company.com,United States,2024-10-06,Standard,50.20
4583,Sofia Harris,sofia.harris1@gmail.com,France,2020-04-08,Standard,134.84
4584,Richard Mueller,richard.mueller@gmail.com,Germany,2022-01-15,Standard,760.30
4585,Daniel Thomas,daniel.thomas@company.com,Germany,2024-06-22,Standard,169.62
4586,Michael Garcia,michael.garcia@mail.io,India,2023-09-22,Standard,624.36
4587,Anthony Thomas,anthony.thomas@icloud.com,United Kingdom,2025-03-22,Premium,2394.43
4588,Noah Garcia,noah.garcia1@icloud.com,United States,2021-05-12,Standard,485.57
4589,Elizabeth Thomas,elizabeth.thomas@gmail.com,United States,2023-09-24,Standard,207.84
4590,Thomas Wilson,thomas.wilson1@gmail.com,Australia,2023-08-14,Standard,770.06
4591,Noah Jones,noah.jones4@gmail.com,United States,2023-01-21,Standard,223.40
4592,Elizabeth Clark,elizabeth.clark@outlook.com,United States,2020-01-16,Premium,4560.94
4593,Robert Wang,robert.wang@yahoo.com,Germany,2025-04-03,Basic,161.67
4594,Kenneth Perez,kenneth.perez@company.com,Germany,2020-12-01,Premium,727.03
4595,Jessica Lee,jessica.lee@yahoo.com,United States,2023-01-20,Standard,348.02
4596,Kenneth Patel,kenneth.patel2@gmail.com,France,2023-01-08,Basic,80.25
4597,Sarah Perez,sarah.perez@yahoo.com,France,2022-07-06,Premium,3117.30
4598,Stephanie Singh,stephanie.singh@mail.io,United States,2023-08-14,Standard,463.85
4599,Mark Wilson,mark.wilson@corp.net,United Kingdom,2022-02-15,Standard,348.76
4600,Richard Mueller,richard.mueller@company.com,United States,2020-12-31,Standard,344.57
4601,Daniel Anderson,daniel.anderson@gmail.com,United States,2024-02-19,Standard,306.77
4602,Matthew Perez,matthew.perez@yahoo.com,France,2022-06-29,Basic,13.18
4603,Emma Sharma,emma.sharma@gmail.com,United States,2023-05-27,Basic,199.37
4604,Patricia Harris,patricia.harris1@yahoo.com,United States,2024-06-20,Basic,1.58
4605,Joshua Taylor,joshua.taylor@gmail.com,France,2024-01-08,Basic,93.02
4606,Mia Miller,mia.miller@gmail.com,United Kingdom,2021-08-02,Standard,442.05
4607,Susan Perez,susan.perez@corp.net,United States,2023-12-18,Standard,383.72
4608,Mary Moore,mary.moore1@gmail.com,France,2020-05-16,Premium,4356.74
4609,James Williams,james.williams1@gmail.com,United Kingdom,2023-04-27,Basic,167.37
4610,Michael Anderson,michael.anderson1@icloud.com,Germany,2020-07-23,Standard,576.77
4611,John Harris,john.harris@hotmail.com,United States,2021-04-10,Standard,79.29
4612,Patricia Robinson,patricia.robinson@company.com,United Kingdom,2020-12-17,Premium,1312.95
4613,Daniel Hernandez,daniel.hernandez@outlook.com,Australia,2020-10-11,Premium,712.72
4614,Stephanie Davis,stephanie.davis@outlook.com,United States,2023-05-09,Premium,2013.19
4615,Steven Robinson,steven.robinson1@gmail.com,France,2025-05-13,Standard,491.27
4616,Mary Lewis,mary.lewis@company.com,Germany,2025-05-29,Standard,96.80
4617,James Martinez,james.martinez@yahoo.com,United Kingdom,2023-03-12,Basic,186.59
4618,Robert Harris,robert.harris@mail.io,Australia,2021-09-06,Standard,462.79
4619,Ananya Smith,ananya.smith2@gmail.com,United States,2022-06-05,Standard,469.99
4620,Karen Gonzalez,karen.gonzalez@gmail.com,Australia,2021-05-18,Standard,357.08
4621,Joseph Perez,joseph.perez@outlook.com,France,2022-10-05,Standard,735.48
4622,Steven White,steven.white@outlook.com,France,2023-05-31,Standard,200.31
4623,Joseph Thompson,joseph.thompson@icloud.com,Australia,2023-01-10,Basic,1.39
4624,Donald Mueller,donald.mueller2@company.com,United States,2021-01-25,Premium,2209.42
4625,Mark Anderson,mark.anderson@gmail.com,Australia,2021-06-18,Standard,648.22
4626,Daniel Rodriguez,daniel.rodriguez@outlook.com,United States,2022-12-15,Standard,280.98
4627,Elizabeth Sanchez,elizabeth.sanchez1@gmail.com,United States,2021-12-05,Basic,4.88
4628,Kenneth Robinson,kenneth.robinson1@gmail.com,United States,2025-03-02,Standard,110.67
4629,Jennifer Clark,jennifer.clark1@gmail.com,United States,2020-12-25,Standard,768.57
4630,Karen Walker,karen.walker@mail.io,Germany,2025-05-09,Premium,852.46
4631,Nancy Wang,nancy.wang1@gmail.com,United Kingdom,2020-09-15,Basic,33.39
4632,Susan Smith,susan.smith@yahoo.com,Germany,2023-02-14,Basic,195.02
4633,Rebecca Thompson,rebecca.thompson1@gmail.com,Germany,2023-03-11,Premium,1373.60
4634,Paul Anderson,paul.anderson@hotmail.com,Germany,2024-12-01,Standard,661.71
4635,John Ramirez,john.ramirez1@gmail.com,Germany,2023-04-29,Standard,203.86
4636,Melissa Sharma,melissa.sharma1@gmail.com,United States,2022-09-21,Basic,60.00
4637,Melissa Kim,melissa.kim@hotmail.com,United States,2020-08-13,Standard,716.53
4638,Paul Martin,paul.martin@yahoo.com,Australia,2023-07-28,Basic,52.77
4639,Ananya Brown,ananya.brown@outlook.com,Australia,2023-07-05,Standard,62.74
4640,Amanda Moore,amanda.moore1@gmail.com,United States,2023-06-23,Standard,332.36
4641,Joseph Jackson,joseph.jackson@outlook.com,United States,2025-03-27,Basic,185.12
4642,Christopher Moore,christopher.moore@outlook.com,United Kingdom,2024-01-11,Basic,163.78
4643,Joseph Clark,joseph.clark@gmail.com,Australia,2023-08-09,Standard,359.43
4644,Anthony White,anthony.white@gmail.com,United States,2022-12-11,Basic,47.38
4645,Ananya Kim,ananya.kim@company.com,Germany,2021-11-30,Basic,120.42
4646,Paul Smith,paul.smith2@gmail.com,France,2022-06-20,Standard,517.69
4647,Donald Taylor,donald.taylor1@gmail.com,United States,2023-09-06,Basic,182.85
4648,Patricia Jackson,patricia.jackson@mail.io,United States,2024-07-30,Standard,54.38
4649,Andrew Martinez,andrew.martinez@mail.io,United Kingdom,2022-04-17,Standard,204.29
4650,Stephanie Davis,stephanie.davis1@hotmail.com,India,2020-12-31,Basic,97.59
4651,Amanda Lopez,amanda.lopez1@gmail.com,France,2024-10-11,Standard,629.39
4652,Priya Wang,priya.wang@company.com,Germany,2023-02-18,Standard,301.75
4653,Karen Gonzalez,karen.gonzalez@company.com,France,2022-05-24,Standard,731.70
4654,John Martinez,john.martinez@hotmail.com,United States,2023-07-01,Basic,11.72
4655,Elizabeth Robinson,elizabeth.robinson@gmail.com,United States,2023-10-17,Standard,431.43
4656,Amanda Hernandez,amanda.hernandez2@gmail.com,United States,2020-10-28,Standard,382.24
4657,Matthew Sanchez,matthew.sanchez1@outlook.com,Canada,2020-04-18,Standard,53.59
4658,Susan Sharma,susan.sharma@gmail.com,United Kingdom,2022-09-26,Standard,586.72
4659,James Anderson,james.anderson@icloud.com,France,2023-08-16,Standard,279.50
4660,Nancy Chen,nancy.chen1@gmail.com,United States,2025-05-30,Premium,3205.61
4661,Ashley Brown,ashley.brown1@gmail.com,United States,2022-10-11,Standard,463.99
4662,Thomas Martin,thomas.martin1@gmail.com,Canada,2024-06-08,Basic,149.33
4663,Ananya Jones,ananya.jones@gmail.com,United Kingdom,2023-07-11,Premium,3399.46
4664,Noah Wilson,noah.wilson@outlook.com,Australia,2023-04-23,Standard,746.53
4665,Lucas Walker,lucas.walker@gmail.com,United Kingdom,2020-12-30,Standard,617.59
4666,Sharon Brown,sharon.brown@hotmail.com,United States,2020-08-04,Standard,264.99
4667,Arjun Martin,arjun.martin1@gmail.com,United States,2020-06-09,Premium,2144.09
4668,Rebecca Walker,rebecca.walker@gmail.com,United Kingdom,2025-05-09,Standard,329.42
4669,Jessica Patel,jessica.patel@gmail.com,United States,2021-03-19,Standard,621.75
4670,Anthony Moore,anthony.moore@gmail.com,United Kingdom,2021-02-11,Premium,3671.76
4671,Linda Davis,linda.davis@company.com,Germany,2023-03-10,Premium,730.85
4672,Melissa Garcia,melissa.garcia@gmail.com,United States,2024-04-28,Basic,111.83
4673,Jessica Lee,jessica.lee1@yahoo.com,Australia,2023-08-03,Standard,328.55
4674,Karen Clark,karen.clark@yahoo.com,United Kingdom,2020-04-27,Standard,230.54
4675,Robert Lopez,robert.lopez@outlook.com,United Kingdom,2022-09-01,Basic,8.51
4676,John Thompson,john.thompson@yahoo.com,Canada,2021-09-02,Standard,175.58
4677,Patricia Miller,patricia.miller@icloud.com,India,2024-11-14,Basic,89.21
4678,Andrew Jackson,andrew.jackson1@gmail.com,Germany,2023-07-30,Standard,348.27
4679,Noah Sanchez,noah.sanchez1@gmail.com,Canada,2020-12-20,Standard,171.38
4680,Sofia Chen,sofia.chen@outlook.com,United States,2021-12-10,Basic,147.75
4681,Sarah Rodriguez,sarah.rodriguez1@outlook.com,India,2024-02-01,Premium,949.38
4682,Mark Sharma,mark.sharma@mail.io,United States,2023-01-17,Standard,292.97
4683,Mary Brown,mary.brown@gmail.com,United States,2020-01-20,Basic,127.83
4684,Donald Johnson,donald.johnson@icloud.com,United Kingdom,2020-04-24,Standard,89.50
4685,Jessica Wang,jessica.wang@company.com,United States,2024-12-12,Standard,473.81
4686,Christopher Jones,christopher.jones@icloud.com,Germany,2024-08-06,Standard,283.70
4687,Emily Moore,emily.moore@hotmail.com,France,2020-12-29,Basic,181.74
4688,Stephanie Martin,stephanie.martin@company.com,United Kingdom,2024-10-10,Standard,556.80
4689,Daniel Thompson,daniel.thompson@gmail.com,United States,2025-05-19,Standard,670.22
4690,Jennifer Miller,jennifer.miller@yahoo.com,United Kingdom,2021-01-05,Basic,151.05
4691,Lisa White,lisa.white1@gmail.com,Germany,2024-11-25,Standard,580.43
4692,Melissa Lewis,melissa.lewis@mail.io,United States,2022-05-12,Standard,56.39
4693,Mark Taylor,mark.taylor2@gmail.com,France,2024-10-29,Standard,400.11
4694,John Miller,john.miller@icloud.com,United States,2023-05-12,Standard,363.80
4695,Daniel Taylor,daniel.taylor@gmail.com,United States,2024-07-01,Standard,339.14
4696,Raj Wilson,raj.wilson@company.com,United States,2020-04-01,Basic,127.57
4697,Christopher Mueller,christopher.mueller@corp.net,United Kingdom,2023-05-12,Standard,332.86
4698,Noah Martin,noah.martin1@gmail.com,Germany,2022-12-03,Premium,3519.49
4699,Emily Rodriguez,emily.rodriguez@gmail.com,Germany,2023-04-02,Basic,21.77
4700,Noah Mueller,noah.mueller@company.com,India,2021-11-25,Standard,154.83
4701,Lisa Ramirez,lisa.ramirez@hotmail.com,United States,2023-03-03,Standard,77.55
4702,Steven Hernandez,steven.hernandez@yahoo.com,France,2021-08-20,Basic,84.49
4703,Emily Lewis,emily.lewis@gmail.com,India,2023-05-29,Premium,1434.13
4704,Matthew Sharma,matthew.sharma@gmail.com,Australia,2020-12-10,Basic,97.41
4705,Raj Mueller,raj.mueller3@gmail.com,Australia,2023-03-29,Standard,485.04
4706,Sharon Williams,sharon.williams@gmail.com,Germany,2020-07-09,Premium,1372.55
4707,James Garcia,james.garcia1@company.com,France,2022-09-01,Premium,2553.02
4708,Sarah Lopez,sarah.lopez@company.com,United States,2022-08-26,Basic,61.95
4709,Barbara Lee,barbara.lee1@hotmail.com,United States,2022-12-07,Basic,141.11
4710,Patricia Jackson,patricia.jackson1@gmail.com,United States,2024-11-15,Premium,4269.02
4711,Matthew Wilson,matthew.wilson@yahoo.com,India,2025-01-31,Standard,737.30
4712,Sarah Anderson,sarah.anderson@gmail.com,Germany,2022-06-30,Basic,38.45
4713,Amanda Sharma,amanda.sharma@yahoo.com,United Kingdom,2021-08-05,Basic,142.10
4714,Michael Jackson,michael.jackson1@gmail.com,France,2021-08-12,Standard,639.00
4715,Andrew White,andrew.white@icloud.com,United Kingdom,2024-04-28,Standard,754.04
4716,Patricia Rodriguez,patricia.rodriguez@icloud.com,United Kingdom,2020-03-03,Basic,125.89
4717,Robert Jones,robert.jones@corp.net,France,2021-07-30,Basic,69.54
4718,Barbara Davis,barbara.davis1@gmail.com,United States,2024-04-09,Standard,127.21
4719,David Moore,david.moore1@gmail.com,India,2021-09-21,Premium,2856.73
4720,James Lee,james.lee@hotmail.com,United States,2022-06-24,Basic,143.13
4721,Christopher Davis,christopher.davis@gmail.com,United Kingdom,2023-10-29,Basic,111.21
4722,Oliver Walker,oliver.walker1@gmail.com,United States,2025-04-20,Basic,136.94
4723,Laura Anderson,laura.anderson@hotmail.com,India,2025-02-06,Premium,1828.30
4724,Donald Thomas,donald.thomas@outlook.com,United States,2025-03-05,Premium,605.56
4725,Sarah Walker,sarah.walker1@gmail.com,India,2021-03-09,Standard,148.80
4726,Matthew Nguyen,matthew.nguyen@company.com,United Kingdom,2022-05-11,Standard,605.50
4727,Sofia Garcia,sofia.garcia2@gmail.com,United States,2023-05-10,Standard,495.49
4728,Emily Walker,emily.walker@outlook.com,Canada,2020-02-15,Premium,4165.28
4729,Robert Martin,robert.martin1@yahoo.com,India,2023-01-16,Standard,756.70
4730,Patricia Davis,patricia.davis@gmail.com,United States,2020-03-30,Standard,625.69
4731,Laura Gonzalez,laura.gonzalez@gmail.com,Canada,2023-08-31,Standard,257.31
4732,Joshua Lee,joshua.lee@outlook.com,United States,2021-06-09,Premium,3902.69
4733,Susan Taylor,susan.taylor@gmail.com,France,2022-02-28,Standard,56.78
4734,Mary Patel,mary.patel@hotmail.com,India,2023-07-27,Standard,629.85
4735,Lisa Wilson,lisa.wilson@icloud.com,United States,2023-09-29,Standard,258.24
4736,Matthew Lewis,matthew.lewis@outlook.com,France,2024-11-23,Basic,73.88
4737,Sofia Lee,sofia.lee@corp.net,United Kingdom,2021-09-12,Standard,359.16
4738,Donald Ramirez,donald.ramirez1@gmail.com,Australia,2020-02-07,Basic,36.77
4739,Daniel Singh,daniel.singh@icloud.com,Canada,2021-12-26,Basic,167.14
4740,Mark White,mark.white@company.com,United States,2020-07-06,Basic,54.04
4741,Stephanie Jackson,stephanie.jackson@company.com,United Kingdom,2021-11-15,Standard,626.01
4742,Melissa Kumar,melissa.kumar@icloud.com,United States,2024-06-21,Standard,674.64
4743,Steven Ramirez,steven.ramirez@icloud.com,France,2022-09-15,Standard,752.71
4744,Laura White,laura.white@icloud.com,United Kingdom,2025-02-16,Premium,2150.53
4745,Sofia Wilson,,United States,2020-04-01,Standard,202.30
4746,Amanda Garcia,amanda.garcia@hotmail.com,United States,2020-08-03,Basic,17.27
4747,Amanda Chen,amanda.chen@icloud.com,United Kingdom,2025-01-14,Premium,3691.19
4748,Daniel Thompson,daniel.thompson1@yahoo.com,United Kingdom,2022-06-08,Standard,111.84
4749,Karen Lewis,karen.lewis1@yahoo.com,United States,2022-10-14,Premium,2326.49
4750,Thomas Smith,thomas.smith@icloud.com,United States,2024-09-16,Basic,133.11
4751,Thomas Wilson,thomas.wilson2@gmail.com,United States,2022-01-09,Standard,325.63
4752,Thomas Gonzalez,thomas.gonzalez1@gmail.com,United States,2022-02-22,Basic,33.05
4753,Melissa Patel,melissa.patel2@outlook.com,United States,2022-03-22,Premium,2969.77
4754,David Brown,david.brown2@gmail.com,Canada,2024-10-24,Standard,473.03
4755,Joseph Johnson,joseph.johnson@mail.io,United States,2022-06-05,Premium,4160.51
4756,James Robinson,james.robinson2@gmail.com,France,2020-08-27,Basic,196.51
4757,Joseph Robinson,joseph.robinson@icloud.com,United States,2020-01-31,Basic,30.84
4758,Kenneth Patel,kenneth.patel3@gmail.com,United Kingdom,2023-08-02,Standard,782.90
4759,Amanda Williams,amanda.williams1@icloud.com,India,2021-05-06,Basic,179.06
4760,Steven Miller,steven.miller@outlook.com,United Kingdom,2023-09-28,Standard,141.20
4761,Lisa Jackson,lisa.jackson@mail.io,United States,2024-07-05,Standard,764.33
4762,Raj Hernandez,raj.hernandez1@yahoo.com,United Kingdom,2024-11-02,Standard,135.13
4763,Thomas Lopez,thomas.lopez@hotmail.com,United States,2023-04-07,Standard,80.92
4764,Lisa Thompson,lisa.thompson@icloud.com,India,2020-04-27,Premium,1521.58
4765,Melissa Patel,melissa.patel@gmail.com,United Kingdom,2024-11-21,Premium,4892.74
4766,Jennifer Thomas,jennifer.thomas@gmail.com,United States,2022-06-15,Standard,557.94
4767,Paul Anderson,paul.anderson@gmail.com,Germany,2022-03-31,Basic,130.08
4768,Linda Thomas,linda.thomas@company.com,United States,2022-04-19,Premium,4538.38
4769,Barbara Clark,barbara.clark@icloud.com,United Kingdom,2023-01-29,Basic,172.49
4770,Sarah Nguyen,sarah.nguyen2@gmail.com,India,2023-06-22,Basic,35.41
4771,Christopher Taylor,christopher.taylor@company.com,United Kingdom,2024-05-01,Basic,21.53
4772,Joshua Clark,joshua.clark@hotmail.com,United States,2024-10-22,Standard,580.53
4773,Nancy Garcia,nancy.garcia@hotmail.com,United Kingdom,2024-11-12,Standard,763.02
4774,William Walker,william.walker@mail.io,France,2022-09-25,Basic,47.17
4775,Kenneth Thompson,kenneth.thompson1@gmail.com,France,2021-08-20,Premium,1992.02
4776,Matthew Jones,matthew.jones1@gmail.com,Germany,2020-11-14,Premium,1099.80
4777,Joseph Martin,joseph.martin1@gmail.com,Australia,2022-12-06,Basic,135.93
4778,Joshua Davis,joshua.davis@yahoo.com,United States,2021-06-16,Standard,481.67
4779,Sarah Nguyen,sarah.nguyen1@mail.io,United States,2024-05-09,Basic,30.41
4780,Emma Ramirez,emma.ramirez@gmail.com,United States,2023-04-28,Standard,734.25
4781,Elizabeth Kumar,elizabeth.kumar@outlook.com,United States,2021-01-08,Basic,58.18
4782,Joshua Chen,joshua.chen1@gmail.com,United States,2023-06-20,Premium,4828.63
4783,Anthony Sharma,anthony.sharma@gmail.com,Australia,2023-05-06,Standard,237.03
4784,Stephanie Johnson,stephanie.johnson@gmail.com,India,2022-07-02,Standard,376.75
4785,Susan Taylor,susan.taylor@corp.net,United States,2022-05-14,Premium,1320.07
4786,David Garcia,david.garcia@company.com,United Kingdom,2020-10-27,Basic,24.51
4787,Emily Patel,emily.patel@mail.io,Germany,2024-06-21,Standard,145.28
4788,Paul Jackson,paul.jackson@icloud.com,Germany,2024-12-08,Basic,43.43
4789,Elizabeth White,elizabeth.white@gmail.com,United States,2022-04-04,Premium,4742.11
4790,Laura Harris,laura.harris@outlook.com,France,2024-02-10,Standard,132.62
4791,Daniel Robinson,,United States,2023-02-20,Basic,161.55
4792,Jessica Miller,jessica.miller@hotmail.com,France,2022-08-26,Standard,683.58
4793,Ashley Smith,ashley.smith@company.com,Australia,2023-10-04,Standard,618.33
4794,Steven Nguyen,steven.nguyen1@outlook.com,Australia,2020-03-23,Basic,183.69
4795,Elizabeth Hernandez,elizabeth.hernandez@icloud.com,Australia,2023-06-28,Standard,627.03
4796,Donald Williams,donald.williams1@gmail.com,Germany,2023-01-13,Premium,1217.75
4797,Ashley Jones,ashley.jones@gmail.com,United States,2020-01-24,Standard,516.57
4798,Robert Anderson,robert.anderson2@gmail.com,United States,2022-12-05,Basic,148.53
4799,Melissa Chen,melissa.chen@mail.io,United States,2025-01-31,Premium,2536.89
4800,Ashley Miller,ashley.miller@outlook.com,Germany,2020-08-15,Standard,140.32
4801,Kenneth Martinez,kenneth.martinez2@outlook.com,United States,2022-11-23,Standard,257.66
4802,Melissa Thompson,melissa.thompson@mail.io,United States,2023-11-24,Basic,56.55
4803,Mia Lewis,mia.lewis@company.com,United States,2022-10-11,Standard,575.07
4804,William Wang,william.wang@gmail.com,Germany,2025-03-21,Basic,142.11
4805,Mia Rodriguez,mia.rodriguez@mail.io,Germany,2020-03-08,Standard,530.95
4806,Thomas Lee,thomas.lee@corp.net,India,2024-10-29,Standard,690.57
4807,Jessica Kim,jessica.kim1@gmail.com,Australia,2024-09-29,Basic,57.46
4808,Andrew Robinson,andrew.robinson@hotmail.com,Canada,2024-04-28,Basic,185.40
4809,Noah Davis,noah.davis1@gmail.com,United Kingdom,2023-06-26,Standard,687.54
4810,Emma Lee,emma.lee@outlook.com,United Kingdom,2022-04-09,Basic,3.06
4811,Steven Moore,steven.moore@company.com,United States,2020-03-14,Standard,670.20
4812,Jennifer Clark,jennifer.clark2@gmail.com,Canada,2021-08-22,Basic,70.21
4813,Noah Taylor,noah.taylor@hotmail.com,Germany,2023-12-20,Standard,125.47
4814,Michael Taylor,michael.taylor@hotmail.com,United States,2021-04-24,Basic,150.53
4815,Patricia Lee,patricia.lee@outlook.com,Australia,2022-04-29,Standard,358.87
4816,Andrew Clark,andrew.clark@hotmail.com,Canada,2022-09-11,Standard,283.98
4817,Ashley Moore,ashley.moore1@gmail.com,United States,2021-06-08,Standard,759.51
4818,Paul Kim,paul.kim@outlook.com,United States,2022-11-05,Basic,36.00
4819,Kenneth Moore,kenneth.moore1@icloud.com,United States,2024-04-07,Basic,159.84
4820,Ashley Nguyen,ashley.nguyen@outlook.com,United Kingdom,2022-10-06,Premium,517.32
4821,Sofia Brown,sofia.brown1@gmail.com,United Kingdom,2024-05-04,Standard,640.28
4822,Michael Anderson,michael.anderson@gmail.com,Germany,2024-10-27,Basic,197.05
4823,Robert Brown,robert.brown1@gmail.com,United States,2024-08-26,Basic,75.56
4824,Joshua Jackson,joshua.jackson@gmail.com,United States,2023-08-06,Standard,375.58
4825,Steven Wilson,steven.wilson@icloud.com,United Kingdom,2021-09-01,Basic,33.94
4826,Susan Sharma,,United Kingdom,2021-07-12,Standard,422.42
4827,Kenneth Nguyen,kenneth.nguyen@gmail.com,United States,2025-05-19,Standard,467.42
4828,Matthew Martin,matthew.martin@company.com,United States,2025-03-13,Standard,793.58
4829,Joshua Garcia,joshua.garcia@yahoo.com,United States,2023-08-26,Standard,288.19
4830,John Singh,john.singh2@gmail.com,Germany,2022-01-05,Standard,637.36
4831,Lucas Robinson,lucas.robinson@outlook.com,United States,2023-02-10,Basic,101.31
4832,Emma Brown,emma.brown@gmail.com,India,2023-01-18,Basic,95.00
4833,Barbara Moore,barbara.moore1@hotmail.com,France,2021-05-12,Standard,621.87
4834,Kenneth Gonzalez,kenneth.gonzalez@yahoo.com,United States,2022-06-25,Standard,150.88
4835,Emma Martin,emma.martin1@yahoo.com,Germany,2023-10-20,Basic,198.78
4836,Daniel Martinez,daniel.martinez@gmail.com,United States,2020-10-14,Basic,50.13
4837,Michael Taylor,michael.taylor1@outlook.com,United States,2021-06-09,Standard,119.04
4838,Susan Chen,susan.chen@company.com,Germany,2020-08-09,Basic,70.50
4839,Paul Perez,paul.perez2@gmail.com,Canada,2025-05-16,Standard,480.94
4840,Stephanie Lee,stephanie.lee1@mail.io,United States,2021-05-13,Basic,42.53
4841,Raj Nguyen,raj.nguyen@mail.io,United Kingdom,2023-12-30,Basic,86.55
4842,Anthony Ramirez,anthony.ramirez@hotmail.com,United States,2023-07-15,Premium,2731.37
4843,Robert Thompson,robert.thompson@yahoo.com,United States,2023-07-19,Standard,733.89
4844,Melissa Wilson,melissa.wilson@gmail.com,Germany,2025-05-22,Standard,104.06
4845,Sofia Kim,sofia.kim1@mail.io,Germany,2020-02-07,Standard,690.21
4846,Lisa Martinez,lisa.martinez@company.com,France,2022-10-25,Basic,191.10
4847,John Harris,john.harris2@gmail.com,Australia,2021-12-07,Standard,718.27
4848,Barbara Lee,barbara.lee@mail.io,Germany,2021-06-11,Standard,410.04
4849,Amanda Singh,amanda.singh@outlook.com,United States,2024-01-01,Premium,1650.62
4850,Matthew Patel,matthew.patel@gmail.com,Canada,2021-06-28,Standard,751.21
4851,Andrew Jackson,andrew.jackson@outlook.com,United States,2023-05-06,Standard,555.33
4852,John Singh,john.singh3@gmail.com,United States,2023-09-08,Standard,492.71
4853,Joshua Nguyen,joshua.nguyen@gmail.com,United States,2021-01-31,Standard,295.43
4854,Sharon Mueller,sharon.mueller1@gmail.com,United States,2024-04-04,Standard,90.67
4855,Donald Taylor,donald.taylor2@gmail.com,Australia,2021-05-12,Standard,693.20
4856,James Harris,james.harris1@gmail.com,United States,2025-04-25,Standard,118.55
4857,Elizabeth Sanchez,elizabeth.sanchez@mail.io,United States,2024-09-20,Basic,196.60
4858,Steven Thomas,steven.thomas@corp.net,Germany,2020-02-26,Standard,313.99
4859,Ananya Lopez,ananya.lopez@mail.io,India,2020-11-25,Standard,709.64
4860,Jennifer Williams,jennifer.williams@mail.io,United States,2023-07-16,Basic,18.81
4861,Jessica Mueller,jessica.mueller@yahoo.com,United States,2024-03-24,Basic,18.90
4862,Robert Martin,robert.martin2@corp.net,United States,2020-08-29,Basic,124.91
4863,Mark Sanchez,mark.sanchez1@icloud.com,United Kingdom,2022-12-02,Standard,610.94
4864,Mary Perez,mary.perez@hotmail.com,Canada,2021-01-14,Standard,552.86
4865,Amanda Thompson,amanda.thompson1@hotmail.com,United States,2023-09-01,Standard,367.44
4866,Mia Gonzalez,mia.gonzalez1@icloud.com,United States,2022-12-19,Standard,547.92
4867,Patricia Jones,patricia.jones@yahoo.com,United Kingdom,2021-08-07,Basic,42.83
4868,Matthew Brown,matthew.brown@mail.io,Canada,2025-01-30,Basic,27.91
4869,Noah Anderson,noah.anderson2@gmail.com,Germany,2023-05-12,Basic,86.22
4870,Arjun Gonzalez,arjun.gonzalez@hotmail.com,United States,2020-02-11,Basic,147.24
4871,Emily Chen,emily.chen@company.com,United States,2024-11-28,Standard,688.21
4872,Paul Ramirez,paul.ramirez@outlook.com,France,2025-01-25,Standard,361.83
4873,Arjun Clark,arjun.clark@company.com,Germany,2020-03-19,Standard,788.37
4874,Susan Kim,susan.kim@icloud.com,Germany,2025-02-16,Premium,2299.06
4875,Joseph Taylor,joseph.taylor@gmail.com,India,2023-10-11,Basic,67.66
4876,Barbara Davis,barbara.davis2@gmail.com,Australia,2021-07-03,Basic,170.48
4877,Jessica Walker,jessica.walker1@gmail.com,United States,2023-08-06,Basic,97.22
4878,Mark Walker,mark.walker@outlook.com,United States,2023-08-25,Standard,91.61
4879,Noah Perez,noah.perez@outlook.com,Canada,2024-06-12,Standard,565.27
4880,Paul Anderson,paul.anderson1@hotmail.com,United Kingdom,2024-10-14,Basic,162.35
4881,Lucas Moore,lucas.moore@gmail.com,India,2021-12-06,Standard,300.32
4882,Amanda Harris,amanda.harris1@mail.io,United States,2020-08-26,Basic,150.56
4883,Daniel Ramirez,daniel.ramirez@gmail.com,Germany,2022-03-13,Basic,33.80
4884,Joshua Lewis,joshua.lewis1@outlook.com,United States,2022-03-16,Basic,187.33
4885,Oliver Kim,oliver.kim@outlook.com,United States,2025-03-21,Standard,129.59
4886,Karen White,karen.white@corp.net,United States,2023-12-28,Standard,77.39
4887,Jessica Perez,jessica.perez1@gmail.com,Germany,2021-11-03,Standard,487.17
4888,Matthew White,matthew.white@outlook.com,United States,2020-11-15,Standard,527.36
4889,Thomas Lewis,thomas.lewis@icloud.com,United Kingdom,2020-07-04,Basic,112.86
4890,Nancy Martinez,nancy.martinez@hotmail.com,Germany,2022-02-08,Standard,634.38
4891,Kenneth Miller,kenneth.miller@yahoo.com,United States,2021-03-01,Basic,97.46
4892,Joshua Sanchez,joshua.sanchez@gmail.com,United Kingdom,2023-11-24,Basic,0.96
4893,Sarah Nguyen,sarah.nguyen2@mail.io,United States,2020-07-29,Premium,2615.56
4894,Emma Wilson,emma.wilson@outlook.com,Australia,2020-09-06,Basic,143.35
4895,Sarah Hernandez,sarah.hernandez@icloud.com,United States,2024-01-04,Basic,82.02
4896,Karen Johnson,karen.johnson1@company.com,United States,2021-05-05,Basic,69.89
4897,Steven Kumar,steven.kumar@gmail.com,France,2023-08-27,Standard,575.21
4898,Karen Walker,karen.walker@icloud.com,United Kingdom,2024-10-16,Premium,1139.01
4899,Susan Miller,susan.miller@gmail.com,Australia,2022-11-30,Premium,4034.53
4900,Arjun Walker,arjun.walker@outlook.com,United States,2020-08-12,Basic,187.80
4901,Joseph Lee,joseph.lee@gmail.com,United States,2021-08-28,Basic,128.11
4902,Linda Chen,linda.chen@mail.io,United States,2020-10-05,Standard,568.69
4903,Robert Lopez,robert.lopez@mail.io,India,2023-12-12,Basic,103.06
4904,Raj Sanchez,raj.sanchez@gmail.com,United States,2021-09-27,Premium,3228.56
4905,Donald Brown,donald.brown@mail.io,United States,2022-10-27,Basic,105.79
4906,Sharon Ramirez,sharon.ramirez1@outlook.com,United States,2020-05-04,Premium,1983.18
4907,Laura Nguyen,laura.nguyen@outlook.com,United States,2024-08-26,Standard,118.92
4908,Donald Miller,donald.miller@mail.io,United States,2024-03-09,Standard,406.13
4909,William Patel,william.patel@outlook.com,United States,2020-01-03,Basic,20.21
4910,Nancy Kumar,nancy.kumar@yahoo.com,United States,2021-07-21,Standard,342.72
4911,Sarah Kim,sarah.kim@outlook.com,India,2024-05-19,Standard,601.90
4912,Noah Singh,noah.singh@hotmail.com,United States,2023-09-25,Standard,624.41
4913,Ananya Miller,ananya.miller1@company.com,United States,2023-12-18,Standard,198.85
4914,John Lee,john.lee4@gmail.com,France,2022-04-29,Standard,142.66
4915,Christopher Thomas,christopher.thomas@company.com,United States,2023-07-20,Premium,512.41
4916,Michael Thompson,michael.thompson@hotmail.com,United Kingdom,2022-01-18,Standard,718.85
4917,Sofia Jackson,sofia.jackson1@gmail.com,Australia,2020-02-15,Standard,53.83
4918,Jennifer Wang,jennifer.wang@mail.io,United States,2024-05-31,Standard,529.55
4919,James Jackson,james.jackson@outlook.com,Germany,2020-09-03,Standard,236.62
4920,David Rodriguez,david.rodriguez1@icloud.com,France,2020-05-20,Standard,602.92
4921,Emma Ramirez,emma.ramirez@outlook.com,India,2021-11-10,Basic,199.88
4922,Michael Lewis,michael.lewis@mail.io,Australia,2023-09-08,Premium,1954.25
4923,Matthew Perez,matthew.perez2@gmail.com,India,2024-11-09,Standard,245.87
4924,Joshua Davis,joshua.davis@outlook.com,United States,2024-01-11,Standard,268.25
4925,Anthony Chen,anthony.chen1@mail.io,United States,2020-10-05,Standard,440.78
4926,Barbara Nguyen,barbara.nguyen@yahoo.com,France,2024-05-11,Basic,5.09
4927,Daniel Lopez,daniel.lopez@gmail.com,United States,2020-02-26,Standard,322.37
4928,Thomas Clark,thomas.clark@yahoo.com,United States,2025-01-28,Standard,238.59
4929,David Kim,david.kim1@mail.io,United States,2024-06-29,Basic,17.23
4930,Paul Davis,paul.davis@outlook.com,United Kingdom,2020-04-14,Basic,82.48
4931,Robert Sharma,robert.sharma@gmail.com,United Kingdom,2021-05-06,Standard,669.69
4932,Christopher Nguyen,christopher.nguyen2@gmail.com,Canada,2021-02-17,Basic,3.75
4933,Anthony Jackson,anthony.jackson1@outlook.com,India,2021-09-12,Standard,97.05
4934,Andrew Patel,andrew.patel@outlook.com,United States,2023-12-01,Standard,293.15
4935,Noah Martin,noah.martin2@gmail.com,India,2024-05-10,Premium,2303.97
4936,Nancy Lee,nancy.lee@corp.net,India,2025-01-20,Standard,481.61
4937,Stephanie Wilson,stephanie.wilson@yahoo.com,United States,2020-09-13,Standard,612.72
4938,Robert Lewis,robert.lewis2@gmail.com,United States,2023-04-24,Standard,120.97
4939,Steven Robinson,steven.robinson@company.com,United States,2022-06-02,Basic,108.94
4940,Matthew Sanchez,matthew.sanchez2@outlook.com,United States,2024-03-19,Premium,1698.74
4941,Priya Thompson,priya.thompson@yahoo.com,Germany,2020-02-17,Standard,262.59
4942,Thomas Moore,thomas.moore1@yahoo.com,Canada,2023-07-25,Basic,146.58
4943,Noah Robinson,noah.robinson1@gmail.com,India,2021-12-19,Standard,212.45
4944,Rebecca Jones,rebecca.jones@corp.net,France,2021-06-13,Premium,673.12
4945,Sarah Walker,sarah.walker2@gmail.com,United States,2020-05-11,Standard,555.37
4946,Christopher Martinez,christopher.martinez@hotmail.com,India,2022-09-22,Standard,570.24
4947,Michael Jackson,michael.jackson1@company.com,France,2021-02-27,Standard,246.51
4948,Raj Ramirez,raj.ramirez@icloud.com,United States,2020-03-23,Standard,764.43
4949,Oliver Clark,oliver.clark2@gmail.com,United States,2025-05-15,Basic,196.70
4950,Noah Smith,noah.smith@outlook.com,United States,2023-02-09,Standard,658.36
4951,Nancy Miller,nancy.miller1@yahoo.com,United Kingdom,2020-01-12,Basic,140.34
4952,Christopher Ramirez,christopher.ramirez@company.com,Germany,2020-04-09,Basic,112.97
4953,Noah Anderson,noah.anderson3@gmail.com,France,2023-05-21,Standard,648.72
4954,Matthew Thomas,matthew.thomas@hotmail.com,Germany,2022-02-12,Premium,597.79
4955,David Chen,david.chen@mail.io,Canada,2021-11-20,Basic,158.81
4956,Thomas Jones,thomas.jones@corp.net,United States,2024-12-18,Premium,3777.17
4957,Donald Anderson,donald.anderson@gmail.com,France,2021-09-27,Basic,10.84
4958,Mia Wang,mia.wang1@company.com,United States,2021-07-03,Basic,188.26
4959,Joshua Williams,joshua.williams1@outlook.com,United States,2020-09-07,Premium,510.71
4960,William Mueller,william.mueller@yahoo.com,United States,2023-10-14,Standard,101.95
4961,Christopher Perez,christopher.perez@company.com,United States,2022-10-06,Standard,308.25
4962,Priya Sanchez,priya.sanchez1@outlook.com,United States,2021-01-04,Standard,761.55
4963,Melissa Mueller,melissa.mueller@company.com,United States,2024-03-22,Standard,312.07
4964,Robert Harris,robert.harris@icloud.com,United Kingdom,2021-11-09,Standard,119.66
4965,Robert Robinson,robert.robinson@gmail.com,Australia,2024-01-28,Standard,535.77
4966,Sarah Lopez,sarah.lopez@icloud.com,United States,2023-05-13,Standard,505.13
4967,Donald Clark,donald.clark@company.com,United Kingdom,2023-01-05,Standard,206.55
4968,Thomas Martin,thomas.martin@outlook.com,India,2022-12-10,Basic,31.21
4969,John Wang,john.wang@icloud.com,Canada,2024-11-03,Premium,3124.66
4970,Steven Thomas,steven.thomas1@company.com,United States,2024-08-08,Standard,430.84
4971,James Clark,james.clark@gmail.com,Germany,2022-04-09,Basic,13.80
4972,Paul Garcia,paul.garcia1@mail.io,Germany,2024-06-24,Standard,389.30
4973,Joshua Kumar,joshua.kumar2@hotmail.com,United States,2020-04-29,Standard,712.81
4974,Barbara Perez,barbara.perez1@gmail.com,Canada,2022-04-12,Premium,4120.63
4975,Nancy Perez,nancy.perez@company.com,Germany,2022-08-24,Standard,752.60
4976,Amanda Chen,amanda.chen@corp.net,United States,2021-05-28,Basic,170.77
4977,William Wang,william.wang@yahoo.com,United States,2021-02-21,Basic,119.02
4978,Linda Wilson,linda.wilson1@outlook.com,United Kingdom,2020-12-28,Standard,501.61
4979,Patricia Harris,patricia.harris2@yahoo.com,Germany,2021-05-07,Standard,234.57
4980,Matthew Harris,matthew.harris@icloud.com,United States,2025-04-04,Standard,295.42
4981,Mia Garcia,mia.garcia@gmail.com,Germany,2020-05-21,Basic,13.82
4982,Richard Garcia,richard.garcia@outlook.com,Germany,2025-01-07,Standard,769.69
4983,James Ramirez,james.ramirez@mail.io,Germany,2023-10-19,Basic,56.69
4984,Arjun Moore,arjun.moore@gmail.com,Germany,2021-07-10,Premium,2916.55
4985,Anthony Davis,anthony.davis2@gmail.com,Canada,2022-04-04,Basic,9.94
4986,Stephanie Nguyen,stephanie.nguyen@outlook.com,United Kingdom,2021-08-03,Standard,363.56
4987,Mary Lopez,mary.lopez1@gmail.com,United States,2024-12-08,Basic,196.49
4988,Susan Williams,susan.williams@yahoo.com,United Kingdom,2022-09-18,Premium,4630.40
4989,Joshua Taylor,joshua.taylor1@gmail.com,Canada,2022-07-19,Standard,215.57
4990,Linda Patel,linda.patel@mail.io,Canada,2021-01-08,Standard,795.42
4991,Joshua Brown,joshua.brown@corp.net,Germany,2021-10-17,Standard,131.48
4992,Mia Thomas,mia.thomas@outlook.com,United States,2023-06-20,Standard,747.08
4993,Emma Jackson,emma.jackson@gmail.com,United States,2024-02-19,Standard,720.26
4994,Sofia Williams,,United States,2023-05-20,Standard,360.52
4995,Joseph Anderson,joseph.anderson1@company.com,United Kingdom,2023-05-10,Basic,84.93
4996,Raj Williams,raj.williams@gmail.com,United Kingdom,2020-10-03,Standard,640.68
4997,Emily Wang,emily.wang@mail.io,Germany,2022-04-21,Standard,213.84
4998,Nancy Clark,nancy.clark@hotmail.com,United States,2024-11-24,Standard,67.77
4999,Noah Gonzalez,noah.gonzalez1@gmail.com,India,2023-11-01,Standard,578.27
5000,William Martinez,william.martinez@gmail.com,India,2023-05-30,Basic,198.79
5001,Raj Moore,raj.moore@gmail.com,United States,2020-01-08,Premium,2827.66
5002,Emily White,emily.white1@gmail.com,United States,2023-08-26,Standard,615.90
5003,Linda Kumar,linda.kumar1@mail.io,Germany,2022-07-09,Standard,61.57
5004,James Thomas,james.thomas@gmail.com,United States,2025-03-03,Standard,537.39
5005,Mary Robinson,mary.robinson@yahoo.com,Germany,2024-05-05,Standard,410.55
5006,Michael Wilson,michael.wilson@mail.io,Canada,2020-09-23,Basic,94.20
5007,Donald Robinson,donald.robinson@gmail.com,United States,2025-04-22,Standard,197.18
5008,Linda Johnson,linda.johnson1@company.com,United States,2020-02-12,Standard,101.48
5009,Mia Jones,mia.jones@icloud.com,United Kingdom,2024-10-05,Basic,122.43
5010,Donald Wang,donald.wang@company.com,United Kingdom,2021-11-11,Standard,790.60
5011,Kenneth Moore,kenneth.moore@gmail.com,Germany,2024-02-03,Basic,22.72
5012,Anthony Robinson,anthony.robinson1@gmail.com,United Kingdom,2022-11-16,Standard,652.97
5013,Patricia Jones,patricia.jones@gmail.com,United Kingdom,2025-03-24,Standard,242.82
5014,Michael Sharma,michael.sharma@gmail.com,United States,2023-11-22,Basic,195.19
5015,Richard Williams,richard.williams1@gmail.com,United Kingdom,2024-04-25,Standard,108.40
5016,Mark Lee,mark.lee1@corp.net,France,2024-10-21,Premium,875.65
5017,Patricia Jones,patricia.jones1@mail.io,United States,2025-01-27,Standard,221.30
5018,William Clark,william.clark2@gmail.com,India,2025-03-11,Standard,437.86
5019,Nancy Smith,nancy.smith@mail.io,United Kingdom,2023-01-12,Premium,2951.18
5020,Emma Davis,emma.davis@corp.net,United States,2023-10-03,Basic,195.41
5021,Jessica Martinez,jessica.martinez1@mail.io,India,2021-03-28,Basic,58.81
5022,Emma Garcia,emma.garcia@hotmail.com,United States,2022-10-19,Basic,65.85
5023,Emily Thompson,emily.thompson@outlook.com,France,2021-10-25,Premium,872.35
5024,Andrew Anderson,andrew.anderson@mail.io,United Kingdom,2022-06-16,Standard,182.35
5025,John Thompson,john.thompson@outlook.com,United States,2024-09-25,Standard,600.17
5026,Rebecca Wilson,rebecca.wilson@yahoo.com,United States,2021-03-07,Basic,122.75
5027,Lucas Kumar,lucas.kumar1@gmail.com,United States,2023-05-11,Basic,3.35
5028,Arjun Wilson,arjun.wilson@outlook.com,United Kingdom,2021-01-28,Standard,307.93
5029,John Jackson,john.jackson@outlook.com,Australia,2023-06-18,Standard,406.29
5030,Nancy Hernandez,nancy.hernandez@gmail.com,France,2021-10-25,Standard,775.24
5031,David Davis,david.davis@outlook.com,Germany,2021-02-03,Standard,212.09
5032,Karen Wang,karen.wang@mail.io,United Kingdom,2023-02-28,Standard,260.64
5033,Stephanie Martin,stephanie.martin@hotmail.com,Germany,2020-12-10,Standard,107.78
5034,Linda Thomas,linda.thomas@gmail.com,France,2022-08-09,Basic,53.09
5035,Sharon Davis,sharon.davis@outlook.com,United Kingdom,2025-04-08,Premium,1686.36
5036,William Johnson,william.johnson@icloud.com,Canada,2023-02-18,Standard,534.37
5037,Elizabeth Miller,elizabeth.miller@gmail.com,Germany,2024-04-11,Standard,477.06
5038,Andrew Sanchez,andrew.sanchez@icloud.com,Australia,2024-07-16,Standard,680.87
5039,Donald Martinez,donald.martinez1@outlook.com,United States,2022-02-28,Standard,640.48
5040,William Miller,william.miller2@gmail.com,Australia,2021-06-27,Standard,99.87
5041,Christopher Perez,christopher.perez@gmail.com,United States,2020-09-24,Premium,4913.86
5042,Barbara Martin,barbara.martin1@company.com,Australia,2024-09-23,Premium,2190.32
5043,Jennifer Moore,jennifer.moore@mail.io,Australia,2020-01-18,Basic,84.63
5044,Sofia Johnson,sofia.johnson@company.com,United States,2024-01-16,Standard,187.04
5045,Mia Walker,mia.walker@outlook.com,France,2021-06-29,Standard,796.49
5046,Melissa Ramirez,melissa.ramirez1@yahoo.com,United States,2023-03-10,Standard,438.47
5047,Michael Sharma,michael.sharma1@company.com,United States,2022-02-03,Standard,116.36
5048,David Lewis,david.lewis1@company.com,United States,2023-03-12,Standard,383.33
5049,Emily Smith,emily.smith@corp.net,United States,2021-11-30,Basic,39.12
5050,Susan Singh,susan.singh@corp.net,United States,2021-06-15,Standard,694.43
5051,Joseph Brown,joseph.brown1@gmail.com,United States,2024-05-02,Standard,77.42
5052,Priya Lewis,priya.lewis@company.com,United States,2020-04-22,Standard,424.60
5053,Nancy Williams,nancy.williams1@hotmail.com,United States,2020-09-05,Standard,575.36
5054,Sharon White,sharon.white1@gmail.com,United Kingdom,2020-03-23,Premium,2893.08
5055,Ananya Kim,ananya.kim1@company.com,United States,2020-02-15,Standard,424.62
5056,William Jackson,william.jackson@hotmail.com,India,2022-03-07,Standard,550.24
5057,Emma Thompson,emma.thompson1@outlook.com,United States,2023-08-31,Basic,101.30
5058,Rebecca Patel,rebecca.patel@outlook.com,United States,2024-10-10,Standard,790.67
5059,Lisa Lee,lisa.lee@gmail.com,United States,2024-10-09,Premium,4819.73
5060,James Chen,james.chen2@mail.io,Canada,2021-07-21,Standard,299.08
5061,Emily Taylor,emily.taylor@gmail.com,Australia,2024-11-29,Standard,688.74
5062,Steven Clark,steven.clark@outlook.com,Canada,2021-07-07,Basic,170.96
5063,Donald Ramirez,donald.ramirez@icloud.com,Australia,2021-02-09,Standard,704.88
5064,Linda Patel,linda.patel@hotmail.com,United States,2023-09-30,Standard,104.60
5065,Oliver Mueller,oliver.mueller1@gmail.com,United States,2020-04-01,Standard,213.27
5066,Oliver White,oliver.white1@outlook.com,United States,2024-08-04,Premium,4273.93
5067,Patricia Hernandez,patricia.hernandez1@gmail.com,United Kingdom,2023-10-18,Basic,68.94
5068,Sharon Nguyen,sharon.nguyen@corp.net,Australia,2023-03-03,Standard,724.05
5069,Ananya Clark,ananya.clark@gmail.com,Germany,2021-04-22,Basic,99.46
5070,Linda Moore,linda.moore1@yahoo.com,United States,2023-03-10,Standard,645.30
5071,Donald Rodriguez,donald.rodriguez1@gmail.com,United States,2022-03-29,Standard,295.32
5072,Amanda Gonzalez,amanda.gonzalez2@gmail.com,India,2024-01-09,Standard,562.10
5073,Rebecca Williams,rebecca.williams@gmail.com,United Kingdom,2023-08-13,Basic,74.79
5074,Donald White,donald.white@company.com,Germany,2020-02-18,Standard,155.79
5075,Andrew Nguyen,andrew.nguyen@corp.net,United States,2022-06-30,Standard,752.58
5076,Thomas Wang,thomas.wang@mail.io,India,2022-03-12,Standard,657.18
5077,Karen Moore,karen.moore@outlook.com,Canada,2022-01-15,Standard,389.65
5078,Rebecca Chen,rebecca.chen1@yahoo.com,United States,2022-06-12,Standard,560.30
5079,Emily Taylor,emily.taylor1@outlook.com,United Kingdom,2023-11-17,Standard,238.68
5080,Jennifer Lee,jennifer.lee@gmail.com,United Kingdom,2020-10-26,Standard,124.10
5081,Anthony Martin,anthony.martin1@gmail.com,United Kingdom,2020-05-04,Standard,621.13
5082,Rebecca Gonzalez,rebecca.gonzalez@hotmail.com,United States,2024-09-29,Standard,403.14
5083,Donald Thomas,donald.thomas@hotmail.com,France,2025-04-21,Standard,756.43
5084,Donald Lewis,donald.lewis@outlook.com,Germany,2023-01-19,Standard,128.76
5085,Anthony Gonzalez,anthony.gonzalez@mail.io,United States,2024-02-19,Basic,140.34
5086,Priya Lewis,priya.lewis1@company.com,United States,2023-02-17,Premium,3645.23
5087,Mary Martin,mary.martin@yahoo.com,France,2022-01-26,Basic,38.45
5088,Melissa Gonzalez,melissa.gonzalez@icloud.com,Germany,2021-03-05,Basic,189.30
5089,Mary Walker,mary.walker@gmail.com,Germany,2020-06-22,Basic,1.04
5090,Michael Rodriguez,michael.rodriguez@yahoo.com,Germany,2020-10-25,Premium,823.25
5091,Oliver Mueller,oliver.mueller1@yahoo.com,United States,2021-01-30,Premium,3282.81
5092,John White,john.white@corp.net,Australia,2023-04-12,Standard,51.08
5093,Lisa Chen,lisa.chen@outlook.com,United States,2022-03-05,Basic,189.86
5094,Linda Perez,linda.perez@yahoo.com,Canada,2025-03-21,Basic,187.11
5095,Laura Johnson,laura.johnson1@company.com,Canada,2023-09-24,Standard,517.67
5096,Melissa Wilson,melissa.wilson1@gmail.com,United States,2021-02-21,Standard,140.96
5097,Emma Rodriguez,emma.rodriguez1@gmail.com,United States,2021-06-06,Basic,78.25
5098,Noah Robinson,noah.robinson2@gmail.com,United States,2021-08-13,Basic,138.43
5099,Raj Lewis,raj.lewis2@gmail.com,United Kingdom,2021-09-08,Standard,686.29
5100,Melissa Taylor,melissa.taylor@yahoo.com,United States,2022-08-25,Basic,59.82
5101,Priya Brown,priya.brown@yahoo.com,United States,2022-07-02,Standard,547.45
5102,Richard Sanchez,richard.sanchez@gmail.com,United States,2024-10-24,Standard,421.45
5103,Steven Lee,steven.lee@icloud.com,United States,2021-03-24,Basic,103.70
5104,Elizabeth Nguyen,elizabeth.nguyen@outlook.com,United States,2021-01-30,Basic,48.45
5105,Mary Perez,mary.perez@yahoo.com,Germany,2024-12-22,Standard,347.55
5106,Lisa Sharma,lisa.sharma2@gmail.com,Germany,2020-02-12,Standard,787.21
5107,Andrew Ramirez,andrew.ramirez@outlook.com,Germany,2023-01-12,Basic,17.47
5108,Priya Lee,priya.lee@mail.io,Canada,2021-10-26,Standard,263.81
5109,Andrew Kumar,andrew.kumar@icloud.com,France,2024-05-10,Standard,473.89
5110,Elizabeth Smith,elizabeth.smith@corp.net,India,2023-04-29,Basic,147.37
5111,Laura Ramirez,laura.ramirez@corp.net,United States,2025-03-31,Standard,358.64
5112,Elizabeth Garcia,elizabeth.garcia@mail.io,United States,2020-03-12,Standard,773.31
5113,Raj Patel,raj.patel@outlook.com,United States,2020-04-10,Standard,98.29
5114,Steven Ramirez,steven.ramirez@mail.io,United States,2020-03-11,Premium,1501.51
5115,Jessica Wilson,jessica.wilson@mail.io,United States,2023-02-09,Basic,143.60
5116,David Lopez,david.lopez@gmail.com,United Kingdom,2024-11-20,Standard,530.28
5117,Jessica Hernandez,jessica.hernandez@corp.net,Canada,2022-12-15,Premium,4079.38
5118,Mia Mueller,mia.mueller@gmail.com,United States,2023-02-24,Standard,385.54
5119,Lisa Patel,lisa.patel@gmail.com,United Kingdom,2024-04-09,Standard,347.86
5120,Barbara Johnson,barbara.johnson1@outlook.com,United Kingdom,2023-03-07,Basic,18.84
5121,Mary Mueller,mary.mueller@company.com,United States,2025-03-02,Standard,425.51
5122,Laura Moore,laura.moore1@gmail.com,Canada,2024-01-07,Standard,459.47
5123,Paul Chen,paul.chen@company.com,France,2023-07-17,Premium,2512.46
5124,Patricia Wang,patricia.wang@gmail.com,United States,2022-06-28,Basic,167.75
5125,Laura Johnson,laura.johnson2@outlook.com,France,2023-06-10,Standard,551.08
5126,Stephanie Sanchez,stephanie.sanchez@gmail.com,United States,2023-09-17,Premium,3865.22
5127,Ashley Kim,ashley.kim@mail.io,France,2023-03-05,Standard,467.27
5128,Elizabeth Mueller,elizabeth.mueller1@gmail.com,United States,2020-01-29,Standard,83.64
5129,Thomas Perez,thomas.perez@gmail.com,Canada,2023-02-11,Basic,92.06
5130,Lucas Garcia,lucas.garcia1@gmail.com,United Kingdom,2023-09-10,Premium,4064.99
5131,Lisa Walker,lisa.walker@yahoo.com,United States,2021-01-09,Premium,1639.06
5132,Ananya Gonzalez,ananya.gonzalez@company.com,India,2020-09-21,Standard,100.19
5133,Sarah Anderson,sarah.anderson@outlook.com,United States,2023-06-20,Standard,385.71
5134,Joseph Thomas,joseph.thomas1@gmail.com,United Kingdom,2020-06-30,Standard,276.41
5135,Susan Johnson,susan.johnson@outlook.com,United States,2020-01-02,Standard,688.01
5136,Raj Ramirez,raj.ramirez@outlook.com,United States,2021-07-09,Basic,141.86
5137,Raj Singh,raj.singh@mail.io,United States,2024-02-28,Basic,119.60
5138,Susan Patel,susan.patel@hotmail.com,Australia,2024-09-16,Standard,472.58
5139,Sarah Nguyen,sarah.nguyen3@gmail.com,United States,2024-08-14,Standard,373.23
5140,Paul Harris,paul.harris2@gmail.com,Germany,2021-01-05,Standard,389.47
5141,Mia Hernandez,mia.hernandez@outlook.com,United States,2025-03-12,Premium,1783.85
5142,Stephanie Williams,stephanie.williams@gmail.com,United Kingdom,2020-11-17,Premium,898.41
5143,Melissa Williams,melissa.williams@company.com,United Kingdom,2023-04-01,Standard,477.67
5144,Anthony Kumar,anthony.kumar1@company.com,India,2021-04-08,Standard,195.71
5145,Kenneth Wilson,kenneth.wilson@yahoo.com,India,2022-02-22,Standard,737.26
5146,Mark Nguyen,mark.nguyen2@gmail.com,United States,2024-01-13,Standard,551.55
5147,Paul White,paul.white@gmail.com,United States,2021-08-19,Basic,97.17
5148,Raj Clark,raj.clark@gmail.com,France,2021-11-21,Standard,296.85
5149,Sharon Jones,sharon.jones2@gmail.com,India,2024-05-18,Basic,34.97
5150,Mark Martinez,mark.martinez@gmail.com,United States,2021-10-18,Standard,148.88
5151,Joshua Rodriguez,joshua.rodriguez@gmail.com,United States,2024-07-27,Premium,599.20
5152,Robert Hernandez,robert.hernandez@mail.io,United Kingdom,2022-03-10,Standard,585.08
5153,Priya Gonzalez,priya.gonzalez@outlook.com,United States,2024-10-27,Standard,381.62
5154,Noah Anderson,noah.anderson@outlook.com,United States,2024-01-13,Basic,35.27
5155,James Walker,james.walker1@gmail.com,United States,2021-05-10,Premium,4438.10
5156,Ashley Robinson,ashley.robinson1@gmail.com,United States,2024-04-12,Standard,736.76
5157,Anthony Sanchez,anthony.sanchez1@gmail.com,United Kingdom,2024-08-06,Standard,155.30
5158,Elizabeth Martinez,elizabeth.martinez@yahoo.com,United States,2022-12-29,Standard,374.30
5159,Emma Sanchez,emma.sanchez1@company.com,Australia,2023-08-27,Standard,645.28
5160,Nancy Johnson,nancy.johnson@gmail.com,France,2021-04-08,Standard,480.37
5161,Christopher Hernandez,christopher.hernandez1@company.com,United States,2023-04-12,Basic,158.82
5162,Arjun Martinez,arjun.martinez1@gmail.com,Germany,2020-11-04,Standard,719.26
5163,Laura Mueller,laura.mueller@company.com,United States,2024-09-17,Standard,493.93
5164,Sharon Davis,sharon.davis@mail.io,United States,2024-10-01,Standard,348.49
5165,Rebecca White,rebecca.white1@icloud.com,India,2023-05-23,Basic,100.44
5166,Barbara Wang,barbara.wang2@gmail.com,United States,2020-10-25,Standard,66.32
5167,Linda Davis,linda.davis@yahoo.com,Germany,2022-02-10,Standard,624.56
5168,Priya Nguyen,priya.nguyen1@mail.io,Australia,2020-02-01,Basic,7.31
5169,Elizabeth Patel,elizabeth.patel@mail.io,India,2020-02-19,Standard,683.32
5170,Melissa Perez,melissa.perez@gmail.com,India,2020-12-03,Basic,110.04
5171,William Johnson,william.johnson@gmail.com,Canada,2024-08-27,Standard,576.63
5172,Stephanie Lee,stephanie.lee1@outlook.com,United States,2023-06-03,Standard,180.62
5173,Christopher Sanchez,christopher.sanchez@hotmail.com,United States,2021-10-24,Basic,81.77
5174,Priya Walker,priya.walker2@outlook.com,United States,2024-08-21,Standard,512.94
5175,Richard Brown,richard.brown@corp.net,India,2022-10-20,Standard,152.08
5176,Lucas Lee,lucas.lee1@outlook.com,Germany,2020-11-09,Standard,333.92
5177,Robert Thompson,robert.thompson2@mail.io,Canada,2023-03-15,Basic,5.37
5178,Laura Jones,laura.jones@yahoo.com,Germany,2023-10-19,Standard,130.61
5179,Anthony Lewis,anthony.lewis@mail.io,India,2022-11-18,Basic,74.27
5180,James Miller,james.miller@hotmail.com,United States,2022-11-18,Basic,147.93
5181,Mary Robinson,mary.robinson1@yahoo.com,Canada,2023-12-09,Premium,4221.57
5182,Emily Sharma,emily.sharma@icloud.com,Germany,2020-06-04,Basic,169.51
5183,Anthony Perez,anthony.perez@mail.io,Canada,2021-06-22,Standard,546.88
5184,John Sharma,john.sharma3@gmail.com,Canada,2021-01-22,Premium,4748.12
5185,Laura Brown,laura.brown@hotmail.com,Canada,2021-11-18,Standard,520.12
5186,Christopher Harris,christopher.harris1@gmail.com,United States,2024-06-13,Standard,352.72
5187,Laura Lopez,laura.lopez1@gmail.com,France,2022-05-24,Basic,123.26
5188,Barbara Wang,barbara.wang@outlook.com,United States,2024-01-08,Standard,690.96
5189,Susan Chen,susan.chen@gmail.com,United States,2025-05-09,Standard,420.88
5190,Kenneth Patel,kenneth.patel4@gmail.com,United States,2021-04-12,Standard,68.55
5191,Thomas Thompson,thomas.thompson1@gmail.com,United States,2020-11-26,Standard,141.31
5192,Stephanie Smith,stephanie.smith@hotmail.com,Germany,2021-09-18,Premium,2338.44
5193,Melissa Hernandez,melissa.hernandez@gmail.com,France,2025-02-12,Basic,51.09
5194,Susan Brown,susan.brown@mail.io,United Kingdom,2021-09-12,Premium,2478.96
5195,Jessica Lewis,jessica.lewis1@gmail.com,United Kingdom,2020-02-23,Basic,189.78
5196,Noah Brown,noah.brown@outlook.com,United States,2022-04-03,Standard,179.60
5197,Linda Johnson,linda.johnson1@gmail.com,United States,2024-02-12,Premium,2337.12
5198,Sharon Sanchez,sharon.sanchez@icloud.com,Australia,2022-06-22,Premium,743.87
5199,Melissa Jackson,melissa.jackson@outlook.com,United States,2020-08-14,Basic,96.61
5200,Christopher Clark,christopher.clark@icloud.com,United States,2023-02-11,Standard,116.43
5201,Steven Miller,steven.miller1@company.com,Canada,2021-12-31,Premium,4449.47
5202,Joshua Robinson,joshua.robinson@yahoo.com,Germany,2022-07-26,Premium,2511.72
5203,Melissa Lewis,melissa.lewis@yahoo.com,United Kingdom,2024-05-30,Basic,32.78
5204,Melissa Jones,melissa.jones@gmail.com,United States,2021-05-21,Standard,535.64
5205,Barbara Davis,barbara.davis3@gmail.com,France,2020-09-14,Standard,314.96
5206,Thomas Rodriguez,thomas.rodriguez@yahoo.com,Germany,2025-02-18,Basic,80.06
5207,Lisa Patel,lisa.patel1@gmail.com,Canada,2020-03-18,Standard,470.03
5208,Robert Mueller,robert.mueller@gmail.com,Germany,2021-09-20,Basic,93.14
5209,Barbara Kim,barbara.kim1@company.com,United Kingdom,2023-02-08,Standard,356.48
5210,Nancy Mueller,nancy.mueller1@gmail.com,France,2022-05-29,Basic,192.78
5211,Emily Lee,emily.lee@gmail.com,India,2023-09-03,Standard,374.82
5212,Stephanie Gonzalez,stephanie.gonzalez@icloud.com,France,2020-01-15,Premium,2215.87
5213,Joseph Mueller,joseph.mueller2@gmail.com,United States,2024-10-29,Standard,717.16
5214,Emma Thomas,emma.thomas@yahoo.com,United States,2024-09-04,Standard,290.12
5215,Elizabeth Jones,elizabeth.jones@outlook.com,United States,2022-05-11,Basic,27.88
5216,Donald Martinez,donald.martinez1@hotmail.com,United States,2023-11-01,Basic,178.92
5217,Priya Thomas,priya.thomas1@gmail.com,France,2021-06-20,Standard,610.93
5218,Steven Mueller,steven.mueller1@outlook.com,Australia,2021-11-19,Basic,78.98
5219,Noah Martinez,noah.martinez@hotmail.com,United States,2022-01-29,Standard,239.82
5220,Joshua Kumar,joshua.kumar1@mail.io,United States,2025-03-28,Premium,3734.48
5221,Sarah Kim,sarah.kim1@hotmail.com,United States,2021-12-24,Basic,130.29
5222,Elizabeth Rodriguez,elizabeth.rodriguez1@company.com,United Kingdom,2020-10-19,Standard,599.83
5223,Stephanie Lopez,stephanie.lopez@mail.io,United Kingdom,2021-05-09,Standard,784.59
5224,Priya Singh,priya.singh1@gmail.com,Germany,2025-05-01,Standard,509.99
5225,Priya Clark,priya.clark1@corp.net,United States,2024-08-03,Premium,3284.93
5226,Daniel Anderson,daniel.anderson@yahoo.com,Germany,2023-08-13,Standard,55.77
5227,Emily Anderson,emily.anderson@gmail.com,France,2023-03-14,Standard,256.97
5228,Mary Walker,mary.walker@mail.io,United States,2022-03-06,Standard,499.57
5229,Ashley Perez,ashley.perez@corp.net,Canada,2022-06-13,Standard,242.47
5230,Joshua Walker,joshua.walker@icloud.com,Germany,2021-12-03,Standard,485.36
5231,John Martinez,john.martinez1@icloud.com,Canada,2020-08-29,Standard,504.00
5232,Jennifer Kim,jennifer.kim@gmail.com,United States,2024-03-13,Standard,240.01
5233,Emily Robinson,emily.robinson@hotmail.com,United States,2020-05-08,Basic,60.12
5234,John Lee,john.lee1@outlook.com,United Kingdom,2024-01-29,Premium,2912.29
5235,David Smith,david.smith2@gmail.com,United Kingdom,2021-10-31,Standard,327.42
5236,Amanda Thompson,amanda.thompson@yahoo.com,United States,2021-09-18,Basic,61.06
5237,Laura Taylor,laura.taylor@company.com,United States,2025-05-25,Basic,162.03
5238,Nancy Walker,nancy.walker@company.com,United States,2020-01-26,Standard,518.62
5239,Joshua Patel,joshua.patel@gmail.com,Canada,2020-08-26,Standard,347.49
5240,Oliver Wilson,oliver.wilson@gmail.com,United States,2020-01-25,Standard,356.08
5241,Emma Patel,emma.patel@corp.net,Canada,2020-03-11,Basic,177.93
5242,Steven Brown,steven.brown1@outlook.com,United Kingdom,2022-10-07,Standard,623.93
5243,Sharon Martinez,sharon.martinez@company.com,United States,2024-07-29,Basic,23.16
5244,James Davis,james.davis1@outlook.com,Canada,2024-10-08,Standard,177.03
5245,Lucas Smith,lucas.smith@hotmail.com,United Kingdom,2020-05-12,Premium,2091.87
5246,Mary Nguyen,mary.nguyen1@gmail.com,Germany,2024-04-07,Standard,134.24
5247,Sofia Lopez,sofia.lopez2@gmail.com,United States,2024-05-31,Basic,197.80
5248,John Johnson,john.johnson1@gmail.com,United States,2020-12-27,Basic,150.19
5249,Noah Davis,noah.davis2@gmail.com,Canada,2020-05-22,Standard,488.57
5250,David Singh,david.singh@outlook.com,Germany,2024-09-05,Basic,114.98
5251,James Davis,james.davis@mail.io,Canada,2023-08-16,Standard,644.19
5252,Sofia Miller,sofia.miller1@company.com,United States,2022-03-12,Standard,707.08
5253,Kenneth Martinez,kenneth.martinez@gmail.com,United States,2025-03-16,Standard,691.76
5254,Emma Kumar,emma.kumar@yahoo.com,United Kingdom,2021-07-24,Standard,584.75
5255,Ananya Rodriguez,ananya.rodriguez1@gmail.com,Germany,2023-11-28,Standard,786.58
5256,Kenneth White,kenneth.white@outlook.com,Germany,2022-02-12,Standard,427.82
5257,Paul Martin,paul.martin@icloud.com,Germany,2024-10-15,Basic,122.64
5258,Thomas Robinson,thomas.robinson@gmail.com,Germany,2020-12-15,Standard,203.93
5259,Ashley Perez,ashley.perez2@gmail.com,India,2023-07-06,Standard,56.31
5260,Mark Mueller,mark.mueller@icloud.com,United States,2023-04-27,Basic,165.46
5261,Anthony Jones,anthony.jones@yahoo.com,Australia,2020-09-28,Standard,341.25
5262,Christopher Patel,christopher.patel@gmail.com,India,2024-03-25,Premium,3186.66
5263,Amanda Johnson,amanda.johnson@company.com,Canada,2022-12-29,Premium,1504.35
5264,Robert Ramirez,robert.ramirez@gmail.com,United Kingdom,2022-09-15,Basic,34.01
5265,Karen Gonzalez,karen.gonzalez@icloud.com,France,2024-07-27,Standard,728.18
5266,Sofia Taylor,sofia.taylor@company.com,France,2022-04-12,Basic,191.63
5267,Linda White,linda.white1@hotmail.com,United States,2021-11-01,Basic,42.94
5268,Richard Perez,richard.perez@hotmail.com,United States,2021-03-02,Premium,4477.78
5269,Matthew Rodriguez,matthew.rodriguez@mail.io,Canada,2025-05-06,Standard,608.84
5270,Richard Johnson,richard.johnson@outlook.com,United Kingdom,2023-09-13,Standard,123.02
5271,Mary Mueller,mary.mueller1@company.com,France,2022-10-18,Standard,210.36
5272,Lucas Wilson,lucas.wilson@gmail.com,India,2020-02-16,Basic,131.35
5273,David Brown,david.brown@corp.net,United Kingdom,2025-01-19,Basic,135.88
5274,Laura Lopez,laura.lopez@yahoo.com,United Kingdom,2023-10-30,Standard,138.42
5275,Jennifer Walker,jennifer.walker@mail.io,United States,2021-01-19,Basic,66.72
5276,Daniel Walker,daniel.walker2@yahoo.com,United Kingdom,2020-11-05,Standard,794.65
5277,Susan Mueller,susan.mueller@corp.net,United States,2024-06-11,Standard,509.78
5278,Thomas Hernandez,thomas.hernandez1@gmail.com,United States,2020-10-07,Standard,396.04
5279,Mark Ramirez,mark.ramirez@hotmail.com,United States,2021-04-11,Basic,115.17
5280,Jessica Clark,jessica.clark1@gmail.com,United Kingdom,2024-10-03,Premium,4188.13
5281,Joseph Smith,joseph.smith@gmail.com,United Kingdom,2020-03-19,Premium,3084.68
5282,Rebecca Moore,rebecca.moore@gmail.com,India,2020-09-13,Standard,240.42
5283,Sharon Smith,sharon.smith1@gmail.com,Australia,2023-04-29,Premium,4681.49
5284,Mia Robinson,mia.robinson1@yahoo.com,France,2024-08-18,Standard,547.95
5285,Emily Sanchez,emily.sanchez1@outlook.com,United States,2025-01-17,Standard,113.21
5286,Robert Walker,robert.walker@icloud.com,United Kingdom,2024-02-17,Basic,133.74
5287,John Thomas,john.thomas@yahoo.com,United States,2023-01-26,Standard,589.25
5288,Joshua Lopez,joshua.lopez@outlook.com,United States,2020-02-08,Basic,32.24
5289,Laura Lewis,laura.lewis@outlook.com,Germany,2024-03-11,Standard,742.87
5290,Ananya Kumar,ananya.kumar@gmail.com,Germany,2023-01-17,Standard,611.47
5291,Jennifer Hernandez,jennifer.hernandez@yahoo.com,United Kingdom,2025-04-08,Standard,605.90
5292,Mark Anderson,mark.anderson1@gmail.com,United States,2021-01-06,Standard,680.84
5293,Mary Sanchez,mary.sanchez@mail.io,United Kingdom,2020-01-28,Standard,772.21
5294,Sofia Patel,sofia.patel@corp.net,Germany,2020-01-26,Standard,538.55
5295,David Hernandez,david.hernandez@gmail.com,United States,2025-01-17,Premium,1749.84
5296,Amanda Thompson,amanda.thompson@gmail.com,India,2021-07-13,Basic,75.91
5297,Ashley Patel,ashley.patel@company.com,France,2024-09-19,Standard,117.42
5298,Anthony Ramirez,anthony.ramirez1@hotmail.com,United States,2021-05-04,Standard,452.33
5299,Mark Sanchez,mark.sanchez1@outlook.com,United Kingdom,2025-05-05,Standard,195.88
5300,Michael Taylor,michael.taylor@gmail.com,France,2021-01-03,Premium,1745.53
5301,James Martinez,james.martinez@hotmail.com,India,2025-03-29,Standard,60.23
5302,Anthony Wilson,anthony.wilson@icloud.com,United Kingdom,2021-04-12,Basic,139.14
5303,John Kim,john.kim1@outlook.com,India,2020-04-29,Basic,49.92
5304,Daniel Hernandez,daniel.hernandez@company.com,India,2020-07-30,Standard,697.31
5305,Mary Smith,mary.smith@yahoo.com,United States,2022-06-07,Basic,141.72
5306,Karen Davis,karen.davis@gmail.com,United States,2025-02-02,Basic,114.38
5307,Priya Thompson,priya.thompson1@gmail.com,United Kingdom,2020-10-08,Basic,138.53
5308,Susan Martin,susan.martin@mail.io,Canada,2021-01-15,Standard,681.58
5309,Paul Kumar,paul.kumar1@gmail.com,Canada,2021-08-25,Standard,728.57
5310,Stephanie Harris,stephanie.harris@outlook.com,United States,2024-09-14,Standard,599.70
5311,Laura Jones,laura.jones3@gmail.com,France,2020-03-27,Basic,168.14
5312,Lucas Hernandez,lucas.hernandez1@mail.io,France,2025-04-03,Basic,79.72
5313,Melissa Nguyen,melissa.nguyen@yahoo.com,United States,2022-12-22,Standard,334.16
5314,Amanda Lewis,amanda.lewis@corp.net,Australia,2022-01-26,Standard,750.89
5315,Lisa Sanchez,lisa.sanchez@hotmail.com,United States,2021-06-28,Standard,734.26
5316,Arjun Moore,arjun.moore@outlook.com,United Kingdom,2024-12-31,Standard,371.92
5317,Donald Singh,donald.singh1@mail.io,Australia,2021-08-11,Basic,193.80
5318,Jennifer Thompson,jennifer.thompson@icloud.com,United States,2020-08-23,Standard,444.65
5319,Sofia Thomas,sofia.thomas@gmail.com,India,2025-03-15,Basic,21.07
5320,Priya Ramirez,priya.ramirez@outlook.com,United States,2024-05-31,Standard,338.80
5321,Michael Wang,michael.wang@company.com,United States,2023-06-20,Standard,662.07
5322,Emily Taylor,emily.taylor1@gmail.com,United Kingdom,2022-10-06,Standard,433.39
5323,Thomas Mueller,thomas.mueller@mail.io,United States,2024-03-08,Standard,428.55
5324,Emily White,emily.white@outlook.com,India,2021-08-29,Basic,130.51
5325,Jessica Martin,jessica.martin1@gmail.com,United States,2023-02-27,Standard,431.70
5326,Jessica Gonzalez,jessica.gonzalez1@gmail.com,Germany,2024-02-14,Basic,132.63
5327,Priya Lopez,priya.lopez@yahoo.com,Germany,2022-01-01,Standard,326.68
5328,Daniel Garcia,daniel.garcia@hotmail.com,United States,2021-08-16,Standard,579.95
5329,Andrew Singh,andrew.singh@yahoo.com,United States,2023-12-12,Standard,692.40
5330,Christopher Johnson,christopher.johnson@corp.net,United States,2024-10-27,Basic,182.00
5331,Karen Lewis,karen.lewis@gmail.com,Germany,2021-04-14,Basic,121.29
5332,Steven Mueller,steven.mueller@gmail.com,Australia,2023-06-09,Basic,109.55
5333,Linda Harris,linda.harris@icloud.com,United Kingdom,2022-06-28,Premium,3855.49
5334,Lucas Harris,lucas.harris1@gmail.com,Germany,2024-05-08,Standard,520.78
5335,Jessica Garcia,jessica.garcia2@gmail.com,United States,2022-01-14,Standard,615.52
5336,Matthew Sharma,matthew.sharma1@gmail.com,Germany,2023-12-17,Premium,1535.33
5337,Andrew Kim,andrew.kim@company.com,United Kingdom,2024-06-13,Standard,676.71
5338,Nancy Kim,nancy.kim@mail.io,United States,2022-02-26,Premium,4073.85
5339,Daniel Hernandez,daniel.hernandez@icloud.com,United States,2024-03-04,Basic,106.06
5340,Patricia Rodriguez,patricia.rodriguez@hotmail.com,United Kingdom,2025-03-31,Standard,118.25
5341,Anthony Smith,anthony.smith1@gmail.com,Germany,2020-07-09,Basic,57.95
5342,Joseph Jones,joseph.jones@company.com,United Kingdom,2022-06-09,Basic,135.20
5343,Robert Hernandez,robert.hernandez1@gmail.com,Canada,2022-06-07,Basic,26.33
5344,Anthony Lewis,anthony.lewis@outlook.com,United Kingdom,2022-01-26,Basic,116.26
5345,Steven Chen,steven.chen@outlook.com,United Kingdom,2020-08-16,Premium,4533.29
5346,Joseph Harris,joseph.harris1@hotmail.com,United Kingdom,2020-01-21,Premium,2166.12
5347,Anthony Anderson,anthony.anderson@yahoo.com,United States,2020-09-22,Premium,4995.78
5348,Stephanie Ramirez,stephanie.ramirez@yahoo.com,United States,2022-03-02,Standard,365.29
5349,Richard Jones,richard.jones1@gmail.com,France,2022-10-25,Basic,4.97
5350,Laura Gonzalez,laura.gonzalez1@gmail.com,United States,2021-09-06,Standard,781.41
5351,Andrew Johnson,andrew.johnson@mail.io,United Kingdom,2024-03-31,Standard,475.53
5352,Karen Jackson,karen.jackson2@gmail.com,United States,2023-09-30,Standard,790.42
5353,Mary Taylor,mary.taylor1@gmail.com,France,2020-01-14,Standard,433.84
5354,Paul Thomas,paul.thomas@icloud.com,Germany,2023-01-23,Premium,3809.35
5355,David Lee,david.lee@outlook.com,United States,2023-01-09,Standard,346.16
5356,Nancy Jones,nancy.jones@yahoo.com,France,2024-02-23,Premium,3380.32
5357,Daniel Nguyen,daniel.nguyen1@hotmail.com,United Kingdom,2023-01-08,Standard,338.96
5358,Mia Thomas,mia.thomas@company.com,India,2023-06-15,Standard,61.97
5359,Barbara Hernandez,barbara.hernandez@outlook.com,France,2022-08-16,Basic,35.32
5360,James Patel,james.patel@mail.io,Canada,2020-09-29,Basic,89.82
5361,Michael Chen,michael.chen2@gmail.com,United States,2020-04-25,Basic,66.09
5362,Stephanie Jones,stephanie.jones@corp.net,Canada,2023-09-16,Premium,3723.80
5363,Susan Rodriguez,susan.rodriguez@company.com,Australia,2020-03-26,Basic,149.53
5364,Arjun Garcia,arjun.garcia@gmail.com,United Kingdom,2023-02-07,Standard,608.82
5365,Ananya Wang,ananya.wang1@gmail.com,United Kingdom,2023-11-08,Basic,89.28
5366,Amanda Gonzalez,amanda.gonzalez1@yahoo.com,Canada,2020-05-26,Standard,785.55
5367,Anthony Garcia,anthony.garcia@gmail.com,Australia,2020-11-30,Basic,24.28
5368,Karen Harris,,Germany,2023-11-11,Premium,4696.80
5369,Laura Chen,laura.chen1@mail.io,United Kingdom,2024-09-01,Basic,104.07
5370,Lisa Johnson,lisa.johnson@company.com,United States,2020-07-03,Premium,4640.87
5371,Emma Lee,emma.lee@mail.io,Australia,2023-04-27,Basic,125.01
5372,Mia Perez,mia.perez1@outlook.com,Germany,2023-01-13,Standard,461.90
5373,Michael Williams,michael.williams1@gmail.com,United States,2021-04-19,Standard,86.09
5374,Joshua Martin,joshua.martin1@gmail.com,Germany,2022-02-16,Standard,636.03
5375,Melissa Perez,melissa.perez1@gmail.com,Australia,2023-11-07,Standard,85.36
5376,Oliver Hernandez,oliver.hernandez@hotmail.com,Germany,2020-05-16,Basic,127.23
5377,Andrew Williams,andrew.williams@gmail.com,United States,2020-01-11,Standard,332.58
5378,Stephanie Harris,stephanie.harris@gmail.com,Germany,2024-02-16,Standard,125.51
5379,Anthony Ramirez,anthony.ramirez@gmail.com,India,2024-09-05,Standard,361.78
5380,John White,john.white1@corp.net,United States,2021-08-13,Premium,3683.29
5381,Lisa Jackson,lisa.jackson1@gmail.com,United States,2020-05-16,Basic,164.19
5382,Oliver Walker,oliver.walker1@outlook.com,United States,2023-03-06,Basic,172.99
5383,Ashley Williams,ashley.williams1@gmail.com,Canada,2021-03-24,Basic,84.69
5384,Steven Anderson,steven.anderson@mail.io,United States,2023-01-23,Standard,512.41
5385,Daniel Gonzalez,daniel.gonzalez@gmail.com,India,2024-09-07,Standard,359.14
5386,Mark Miller,mark.miller@hotmail.com,United States,2024-03-19,Standard,422.24
5387,Sarah Hernandez,sarah.hernandez@outlook.com,Germany,2025-03-21,Standard,664.01
5388,Paul Walker,paul.walker@icloud.com,Canada,2022-08-24,Basic,76.34
5389,Lisa Martinez,lisa.martinez@hotmail.com,United States,2024-12-06,Basic,46.00
5390,Joseph Harris,joseph.harris@gmail.com,Germany,2022-08-03,Standard,56.89
5391,David Ramirez,david.ramirez1@hotmail.com,United States,2024-05-15,Standard,416.36
5392,Raj Harris,raj.harris1@yahoo.com,United States,2020-01-17,Standard,602.60
5393,Paul Robinson,paul.robinson@outlook.com,United States,2023-04-18,Standard,620.09
5394,Lucas Walker,lucas.walker1@gmail.com,Germany,2021-04-09,Standard,768.72
5395,Matthew Miller,matthew.miller@yahoo.com,Australia,2023-11-06,Standard,464.41
5396,Donald Davis,donald.davis@outlook.com,India,2024-06-14,Standard,566.01
5397,Nancy Sanchez,nancy.sanchez@company.com,Germany,2022-07-28,Standard,622.39
5398,Joshua Perez,joshua.perez@gmail.com,France,2021-05-26,Basic,186.37
5399,Joshua Ramirez,joshua.ramirez@company.com,United States,2020-11-23,Standard,452.26
5400,Stephanie Davis,stephanie.davis@company.com,Germany,2021-12-14,Standard,410.85
5401,Mark Wang,mark.wang1@gmail.com,United States,2021-04-26,Basic,41.12
5402,Joseph Taylor,joseph.taylor1@gmail.com,United States,2022-01-28,Premium,916.56
5403,Jennifer Smith,jennifer.smith@gmail.com,Germany,2024-10-15,Standard,513.22
5404,Jessica Miller,jessica.miller@yahoo.com,United States,2025-03-10,Standard,168.19
5405,Emma Martinez,emma.martinez@gmail.com,United States,2024-06-11,Standard,592.88
5406,Mary Gonzalez,mary.gonzalez@company.com,United Kingdom,2023-08-11,Premium,4189.00
5407,Donald Garcia,donald.garcia@hotmail.com,United States,2022-04-28,Basic,199.88
5408,Matthew Kim,matthew.kim@yahoo.com,Canada,2022-08-02,Standard,89.19
5409,Elizabeth Robinson,elizabeth.robinson1@gmail.com,India,2021-10-11,Premium,4219.73
5410,Paul Moore,paul.moore@corp.net,United Kingdom,2022-09-26,Premium,3511.22
5411,Paul Martin,paul.martin@outlook.com,United States,2022-12-09,Standard,163.49
5412,Melissa Brown,melissa.brown@icloud.com,Germany,2020-01-07,Standard,761.45
5413,Andrew Williams,andrew.williams1@hotmail.com,Canada,2024-11-02,Standard,741.74
5414,Rebecca Taylor,rebecca.taylor@mail.io,United States,2022-03-26,Standard,269.36
5415,Richard Wang,richard.wang@outlook.com,Canada,2024-03-07,Standard,224.63
5416,Patricia Martin,patricia.martin1@gmail.com,India,2020-04-06,Standard,131.02
5417,Paul Brown,paul.brown1@icloud.com,India,2023-08-25,Standard,463.48
5418,Arjun Martin,arjun.martin2@gmail.com,Germany,2022-03-01,Basic,4.24
5419,Christopher Gonzalez,christopher.gonzalez1@icloud.com,United States,2024-05-17,Standard,346.01
5420,Arjun Gonzalez,arjun.gonzalez@yahoo.com,Canada,2024-09-12,Basic,196.19
5421,Ananya Taylor,ananya.taylor@corp.net,Australia,2023-05-14,Standard,723.56
5422,Donald Jones,donald.jones@gmail.com,United States,2025-03-22,Premium,3532.86
5423,Daniel Sanchez,daniel.sanchez@outlook.com,United States,2021-12-12,Standard,414.69
5424,Emma Martinez,emma.martinez@hotmail.com,Germany,2024-06-13,Standard,98.83
5425,Sharon Brown,sharon.brown@gmail.com,United States,2021-02-08,Standard,268.16
5426,Arjun Patel,arjun.patel2@gmail.com,Canada,2020-01-19,Premium,1058.49
5427,Mark Robinson,mark.robinson@yahoo.com,France,2022-05-15,Basic,165.69
5428,Linda Anderson,linda.anderson@mail.io,United Kingdom,2021-09-13,Standard,176.74
5429,Rebecca Patel,rebecca.patel1@icloud.com,Germany,2021-09-08,Standard,73.32
5430,David Lopez,david.lopez@yahoo.com,France,2021-11-21,Premium,1515.68
5431,Steven Harris,steven.harris@hotmail.com,United Kingdom,2024-07-26,Standard,581.91
5432,Lisa Nguyen,lisa.nguyen2@outlook.com,United States,2021-12-09,Basic,82.49
5433,Raj Clark,raj.clark1@gmail.com,United States,2020-03-12,Basic,178.36
5434,Raj Clark,raj.clark@company.com,United Kingdom,2024-11-28,Standard,484.93
5435,Nancy Mueller,nancy.mueller2@gmail.com,France,2021-09-18,Standard,297.02
5436,Christopher White,christopher.white@icloud.com,France,2024-07-05,Standard,269.40
5437,Ananya Gonzalez,ananya.gonzalez@mail.io,United Kingdom,2022-11-17,Standard,486.01
5438,Rebecca Sanchez,rebecca.sanchez@icloud.com,Germany,2025-05-21,Standard,743.65
5439,Anthony Williams,anthony.williams@outlook.com,Germany,2022-03-09,Standard,613.29
5440,Lisa Hernandez,lisa.hernandez@corp.net,United States,2020-05-28,Standard,239.18
5441,Rebecca Kumar,rebecca.kumar1@company.com,France,2021-03-27,Basic,20.30
5442,Priya Smith,priya.smith@mail.io,Germany,2020-07-30,Premium,3417.37
5443,Ananya Jones,ananya.jones1@gmail.com,United Kingdom,2021-04-10,Basic,46.86
5444,Elizabeth Ramirez,elizabeth.ramirez@gmail.com,France,2024-07-31,Standard,214.03
5445,Karen Miller,karen.miller1@gmail.com,United States,2024-04-12,Premium,1078.97
5446,Joseph Lopez,joseph.lopez@corp.net,United Kingdom,2023-08-25,Standard,264.65
5447,Susan Brown,susan.brown1@company.com,India,2020-06-12,Premium,4312.80
5448,Ananya Kim,ananya.kim@hotmail.com,United States,2022-02-20,Standard,198.36
5449,Mark White,mark.white1@company.com,United States,2022-01-06,Standard,560.52
5450,Jessica Thomas,jessica.thomas@icloud.com,United States,2023-09-15,Standard,247.41
5451,Andrew Ramirez,andrew.ramirez1@gmail.com,United States,2024-12-30,Standard,81.69
5452,Ananya Wang,ananya.wang@mail.io,Germany,2021-09-01,Basic,53.81
5453,Priya Garcia,priya.garcia@mail.io,United States,2022-08-17,Basic,92.18
5454,Richard Perez,richard.perez@gmail.com,Canada,2022-06-07,Basic,21.94
5455,Linda Lopez,linda.lopez@outlook.com,Germany,2023-03-13,Standard,180.96
5456,Daniel Williams,daniel.williams@mail.io,United States,2023-02-08,Basic,0.67
5457,Thomas Walker,thomas.walker@gmail.com,United States,2023-08-03,Basic,106.08
5458,Susan Moore,susan.moore1@hotmail.com,United States,2025-03-10,Standard,268.08
5459,Sarah Martinez,sarah.martinez@icloud.com,United States,2025-01-21,Basic,68.87
5460,Mary Taylor,mary.taylor@company.com,India,2021-03-25,Standard,369.64
5461,Joshua Chen,joshua.chen@mail.io,United States,2022-09-25,Standard,360.43
5462,Mia Smith,mia.smith@gmail.com,Germany,2025-01-12,Basic,134.82
5463,Rebecca Kim,rebecca.kim@company.com,Australia,2021-02-06,Standard,412.00
5464,Barbara Martin,barbara.martin1@mail.io,France,2022-10-07,Standard,200.19
5465,Susan Walker,susan.walker@gmail.com,United States,2025-03-08,Standard,768.07
5466,Donald Hernandez,donald.hernandez@company.com,United States,2020-07-19,Standard,586.60
5467,Mark White,mark.white2@company.com,United Kingdom,2020-07-07,Standard,381.62
5468,Stephanie Mueller,stephanie.mueller2@outlook.com,United States,2023-01-18,Premium,2362.87
5469,Anthony Smith,anthony.smith@outlook.com,Australia,2022-03-07,Basic,37.24
5470,Steven Johnson,steven.johnson1@mail.io,Germany,2020-08-29,Standard,175.64
5471,Richard Johnson,richard.johnson1@icloud.com,Germany,2022-12-16,Premium,872.19
5472,Matthew Wang,matthew.wang@yahoo.com,Germany,2023-07-22,Standard,183.60
5473,Linda Chen,linda.chen1@mail.io,France,2024-11-08,Basic,58.90
5474,John Perez,john.perez1@gmail.com,United States,2020-11-02,Basic,116.13
5475,Laura Thomas,laura.thomas@hotmail.com,United Kingdom,2020-07-23,Basic,157.30
5476,David Hernandez,david.hernandez1@gmail.com,France,2022-02-03,Basic,7.61
5477,Barbara Garcia,barbara.garcia@outlook.com,United Kingdom,2022-11-30,Standard,692.92
5478,Emily Rodriguez,emily.rodriguez@yahoo.com,France,2024-10-28,Basic,196.86
5479,Stephanie Sanchez,stephanie.sanchez1@gmail.com,Canada,2021-06-22,Basic,151.00
5480,Jessica Hernandez,jessica.hernandez@mail.io,United States,2022-10-10,Premium,2289.98
5481,Jessica Nguyen,jessica.nguyen@gmail.com,Australia,2022-10-05,Standard,85.28
5482,James Patel,james.patel@gmail.com,India,2022-08-26,Standard,418.54
5483,Mark Smith,mark.smith@company.com,United States,2020-09-26,Standard,106.38
5484,Jessica Anderson,jessica.anderson@icloud.com,United States,2024-07-14,Basic,147.25
5485,Elizabeth Martin,elizabeth.martin1@gmail.com,Germany,2021-06-10,Standard,155.34
5486,Sofia Lee,sofia.lee2@gmail.com,India,2023-03-04,Premium,3696.60
5487,Emily White,emily.white2@gmail.com,Germany,2022-02-01,Basic,172.20
5488,Christopher Williams,christopher.williams@company.com,India,2022-04-10,Standard,181.54
5489,Mary Sanchez,mary.sanchez1@hotmail.com,United States,2021-09-22,Standard,761.00
5490,Emma Johnson,emma.johnson@gmail.com,United States,2021-10-20,Premium,1725.63
5491,Ashley Perez,ashley.perez3@gmail.com,United Kingdom,2023-07-10,Basic,32.23
5492,Christopher Smith,christopher.smith@mail.io,Germany,2021-10-21,Standard,693.43
5493,Donald Miller,donald.miller1@hotmail.com,United States,2021-09-05,Basic,117.25
5494,Melissa Sanchez,melissa.sanchez@company.com,United States,2025-03-04,Basic,186.00
5495,John Jackson,john.jackson1@outlook.com,United States,2020-03-13,Standard,505.59
5496,Emma Gonzalez,emma.gonzalez@corp.net,United States,2021-11-17,Basic,137.86
5497,Mary Moore,mary.moore2@gmail.com,Australia,2024-05-02,Standard,379.55
5498,Linda Kumar,linda.kumar2@mail.io,United Kingdom,2020-08-25,Basic,112.65
5499,Susan Brown,susan.brown@outlook.com,United Kingdom,2020-01-22,Premium,3119.01
5500,Emma Miller,emma.miller@company.com,United States,2022-03-25,Standard,628.84
5501,Christopher Nguyen,christopher.nguyen@outlook.com,Canada,2020-05-28,Premium,4293.32
5502,Lucas Anderson,lucas.anderson@mail.io,Australia,2020-07-08,Basic,120.62
5503,Daniel Kim,daniel.kim@yahoo.com,United States,2020-03-08,Standard,66.97
5504,Susan Clark,susan.clark1@outlook.com,India,2024-09-13,Standard,165.66
5505,Richard Sanchez,richard.sanchez@company.com,United States,2024-01-19,Standard,672.60
5506,Michael Robinson,michael.robinson1@hotmail.com,Canada,2021-06-29,Standard,330.59
5507,Anthony Jackson,anthony.jackson@gmail.com,India,2022-06-02,Basic,56.39
5508,Noah Williams,noah.williams@mail.io,Germany,2024-09-30,Standard,135.25
5509,Raj Williams,raj.williams@company.com,France,2020-10-29,Standard,168.31
5510,Mia Jones,mia.jones@outlook.com,United States,2020-06-26,Standard,147.13
5511,Andrew Harris,andrew.harris2@gmail.com,Canada,2024-12-17,Standard,201.25
5512,Mark Lee,mark.lee@yahoo.com,France,2024-12-10,Basic,162.65
5513,Paul Lewis,paul.lewis@yahoo.com,United States,2022-09-15,Standard,596.79
5514,Lucas Anderson,lucas.anderson@gmail.com,United States,2022-03-05,Premium,4279.50
5515,Anthony Lewis,anthony.lewis@yahoo.com,India,2025-03-05,Basic,118.19
5516,Rebecca Ramirez,rebecca.ramirez@outlook.com,India,2022-02-10,Basic,8.89
5517,Donald Davis,donald.davis@yahoo.com,Germany,2021-03-11,Basic,123.74
5518,Stephanie Kumar,stephanie.kumar1@gmail.com,United States,2022-12-06,Premium,938.58
5519,Laura Lewis,laura.lewis@gmail.com,France,2023-01-08,Basic,114.60
5520,Joseph Kim,joseph.kim1@yahoo.com,Australia,2024-10-25,Basic,23.64
5521,James Martin,james.martin@corp.net,United States,2023-05-19,Standard,268.35
5522,Robert Sharma,robert.sharma1@gmail.com,India,2020-06-25,Premium,4352.64
5523,Sofia Kim,sofia.kim1@gmail.com,France,2020-11-17,Standard,656.84
5524,Patricia Rodriguez,patricia.rodriguez@mail.io,Australia,2024-06-30,Basic,87.38
5525,Steven Gonzalez,steven.gonzalez@outlook.com,United States,2023-09-13,Standard,603.12
5526,Robert Lopez,robert.lopez1@outlook.com,United States,2020-10-03,Standard,602.17
5527,Emma Hernandez,emma.hernandez@gmail.com,United States,2021-05-11,Standard,666.85
5528,Emily Jones,emily.jones1@company.com,Canada,2023-05-02,Standard,754.10
5529,Sarah Lewis,sarah.lewis@gmail.com,Germany,2022-12-18,Standard,398.22
5530,Lisa Nguyen,lisa.nguyen@gmail.com,India,2023-11-06,Premium,2926.64
5531,Raj Anderson,raj.anderson@mail.io,France,2024-11-22,Basic,172.14
5532,Oliver Mueller,oliver.mueller2@gmail.com,Australia,2020-12-16,Basic,38.23
5533,John Robinson,john.robinson1@gmail.com,United States,2021-04-06,Standard,215.96
5534,David Kim,david.kim1@company.com,United Kingdom,2023-05-12,Basic,145.23
5535,Joseph Wilson,joseph.wilson@hotmail.com,United States,2024-09-11,Standard,108.01
5536,Daniel Nguyen,daniel.nguyen1@icloud.com,Germany,2022-06-13,Basic,29.15
5537,Melissa Lewis,melissa.lewis@icloud.com,United States,2021-10-19,Standard,371.40
5538,Joseph Wilson,joseph.wilson1@gmail.com,United States,2024-03-22,Basic,171.59
5539,Kenneth Davis,kenneth.davis@gmail.com,Canada,2024-01-20,Basic,105.04
5540,Mia Smith,mia.smith1@gmail.com,Canada,2021-11-05,Standard,556.31
5541,Jessica Mueller,jessica.mueller1@mail.io,Germany,2023-07-22,Basic,9.10
5542,Priya Johnson,priya.johnson@gmail.com,Australia,2020-12-16,Standard,612.75
5543,Melissa Martinez,melissa.martinez@hotmail.com,United Kingdom,2024-02-18,Standard,415.10
5544,Kenneth Perez,kenneth.perez@yahoo.com,Australia,2024-02-14,Standard,673.08
5545,Robert Sanchez,robert.sanchez@gmail.com,United States,2020-03-12,Standard,472.56
5546,Linda Walker,linda.walker@outlook.com,Canada,2024-11-21,Standard,661.27
5547,Mia Wilson,mia.wilson@gmail.com,United States,2024-02-19,Standard,571.29
5548,Ashley Moore,ashley.moore2@gmail.com,United States,2020-11-21,Standard,76.69
5549,Linda Thompson,linda.thompson@mail.io,United States,2023-10-14,Standard,264.66
5550,Kenneth Wilson,kenneth.wilson1@gmail.com,Australia,2020-04-08,Standard,435.26
5551,Priya Williams,priya.williams@mail.io,United States,2023-09-27,Standard,91.34
5552,Raj Chen,raj.chen@mail.io,United States,2023-12-23,Standard,791.36
5553,Jessica Smith,jessica.smith@mail.io,Germany,2023-02-10,Premium,3919.52
5554,Noah Clark,noah.clark1@outlook.com,Australia,2021-02-08,Standard,271.41
5555,Sofia Thomas,sofia.thomas@company.com,Germany,2023-06-18,Standard,331.38
5556,Arjun Williams,arjun.williams@icloud.com,United States,2021-09-28,Basic,194.35
5557,James Jackson,james.jackson@mail.io,United Kingdom,2020-08-02,Basic,116.56
5558,Paul Walker,paul.walker@gmail.com,United States,2021-06-24,Basic,165.87
5559,Mark Garcia,mark.garcia1@icloud.com,United States,2024-03-07,Standard,490.41
5560,Ashley Martin,ashley.martin@yahoo.com,United States,2021-12-31,Basic,72.95
5561,Mia Jackson,mia.jackson@outlook.com,Australia,2023-01-13,Standard,252.85
5562,Emily Singh,emily.singh@hotmail.com,Canada,2023-09-15,Premium,2169.66
5563,Jessica Anderson,jessica.anderson@hotmail.com,United States,2021-08-11,Standard,518.20
5564,Jessica Singh,jessica.singh1@yahoo.com,United States,2023-06-30,Standard,297.15
5565,Amanda Davis,amanda.davis@mail.io,United States,2024-06-11,Basic,166.18
5566,Sharon Hernandez,sharon.hernandez@company.com,United Kingdom,2022-08-20,Standard,740.18
5567,Sharon Nguyen,sharon.nguyen3@gmail.com,United Kingdom,2021-05-26,Standard,54.66
5568,Michael Gonzalez,michael.gonzalez@company.com,Germany,2023-06-08,Standard,179.26
5569,Emily Lewis,emily.lewis@icloud.com,Australia,2021-05-03,Standard,393.59
5570,Melissa Singh,melissa.singh@gmail.com,India,2025-01-29,Basic,161.12
5571,Robert Lee,robert.lee2@gmail.com,Germany,2022-06-04,Standard,779.71
5572,Noah Jackson,noah.jackson1@gmail.com,United States,2023-01-06,Premium,828.33
5573,Donald Thomas,donald.thomas@yahoo.com,India,2022-06-04,Standard,685.92
5574,Kenneth Gonzalez,kenneth.gonzalez@icloud.com,Australia,2023-12-23,Standard,299.19
5575,Oliver Kim,oliver.kim1@gmail.com,France,2022-12-29,Standard,615.85
5576,Nancy Lee,nancy.lee@icloud.com,France,2020-10-09,Standard,718.00
5577,Karen Jackson,karen.jackson3@gmail.com,United States,2021-07-15,Standard,339.97
5578,Daniel Mueller,daniel.mueller@gmail.com,United States,2020-08-24,Standard,466.99
5579,Susan Sharma,susan.sharma1@gmail.com,Australia,2020-01-28,Standard,604.73
5580,Sharon Sanchez,sharon.sanchez@hotmail.com,United States,2022-11-12,Standard,442.28
5581,Oliver Robinson,oliver.robinson1@gmail.com,United States,2022-12-03,Standard,168.52
5582,Joshua Mueller,joshua.mueller1@mail.io,United States,2025-03-10,Basic,9.57
5583,Jennifer Gonzalez,jennifer.gonzalez1@company.com,United States,2024-12-07,Premium,4375.92
5584,Joshua Davis,joshua.davis@company.com,United States,2022-07-20,Standard,660.33
5585,Jennifer Johnson,jennifer.johnson@corp.net,United Kingdom,2021-12-30,Standard,560.77
5586,Susan Moore,susan.moore@yahoo.com,United States,2020-02-23,Standard,671.02
5587,Robert Sanchez,robert.sanchez@corp.net,United States,2021-01-10,Basic,44.69
5588,Ananya Thompson,ananya.thompson1@gmail.com,United States,2021-05-20,Standard,652.40
5589,Priya Wang,priya.wang@gmail.com,Germany,2021-01-20,Basic,40.94
5590,Mark Ramirez,mark.ramirez@mail.io,United States,2024-06-11,Basic,100.23
5591,Susan Garcia,susan.garcia@gmail.com,United States,2025-04-15,Basic,154.00
5592,Joshua Anderson,joshua.anderson1@yahoo.com,India,2021-08-23,Standard,329.83
5593,Daniel Mueller,daniel.mueller@corp.net,United States,2024-04-19,Standard,677.35
5594,Robert Lee,robert.lee3@gmail.com,United States,2020-11-15,Standard,787.33
5595,Melissa Gonzalez,melissa.gonzalez@mail.io,United States,2024-01-07,Standard,757.83
5596,Laura Kim,laura.kim@mail.io,United States,2020-11-08,Standard,605.49
5597,Rebecca Wilson,rebecca.wilson@company.com,Australia,2024-04-29,Basic,169.07
5598,Mary Anderson,mary.anderson1@outlook.com,United States,2023-03-30,Standard,439.48
5599,Joseph Nguyen,joseph.nguyen@yahoo.com,Germany,2021-10-05,Standard,130.40
5600,Jessica Anderson,jessica.anderson@company.com,France,2024-05-15,Standard,415.91
5601,Jessica Kim,jessica.kim2@gmail.com,Canada,2021-05-17,Basic,71.19
5602,John Smith,john.smith@outlook.com,United States,2024-12-28,Basic,52.32
5603,Thomas White,thomas.white@icloud.com,France,2022-01-31,Premium,2948.35
5604,Emma Martinez,emma.martinez@corp.net,United States,2021-04-02,Basic,105.99
5605,Elizabeth Johnson,elizabeth.johnson1@mail.io,India,2022-08-30,Basic,68.70
5606,Oliver Patel,oliver.patel@hotmail.com,France,2021-10-30,Standard,630.29
5607,Sofia Miller,sofia.miller1@gmail.com,United Kingdom,2024-09-28,Standard,728.51
5608,Susan Kumar,susan.kumar@hotmail.com,United States,2022-06-05,Standard,352.66
5609,Susan Gonzalez,susan.gonzalez2@gmail.com,United States,2025-05-04,Basic,122.56
5610,Karen Kim,karen.kim@company.com,India,2024-04-13,Standard,523.62
5611,Matthew Harris,,United Kingdom,2020-02-10,Basic,36.34
5612,Raj White,raj.white@gmail.com,Canada,2022-11-29,Standard,363.94
5613,Noah Moore,noah.moore@company.com,United Kingdom,2024-10-16,Standard,786.85
5614,Karen Thompson,karen.thompson@company.com,United States,2021-06-14,Basic,15.33
5615,Ananya Walker,ananya.walker@hotmail.com,United Kingdom,2023-02-08,Standard,405.24
5616,Karen Smith,karen.smith@gmail.com,United Kingdom,2024-10-14,Standard,184.97
5617,John Taylor,john.taylor2@gmail.com,United States,2023-10-27,Standard,442.28
5618,Matthew Moore,matthew.moore@icloud.com,United States,2021-05-03,Standard,512.96
5619,Amanda Patel,amanda.patel@gmail.com,Canada,2024-08-23,Premium,2478.15
5620,James Kumar,james.kumar@icloud.com,United Kingdom,2025-03-22,Standard,363.56
5621,Paul Miller,paul.miller@corp.net,France,2025-05-30,Premium,4248.59
5622,Anthony Sharma,anthony.sharma@mail.io,Canada,2024-01-15,Basic,104.25
5623,Susan Wilson,susan.wilson@gmail.com,United States,2024-08-04,Standard,284.53
5624,Emma Martinez,emma.martinez1@gmail.com,Canada,2022-08-09,Basic,60.47
5625,Jennifer Davis,jennifer.davis@icloud.com,France,2023-03-22,Basic,164.73
5626,Sharon Patel,sharon.patel1@icloud.com,United States,2023-08-05,Premium,4604.46
5627,James Thompson,james.thompson1@mail.io,Australia,2023-04-13,Basic,111.05
5628,Susan Wang,susan.wang@mail.io,United States,2022-05-24,Basic,25.03
5629,Arjun Taylor,arjun.taylor1@hotmail.com,United States,2022-08-17,Standard,319.75
5630,Mary Moore,mary.moore@hotmail.com,France,2023-06-05,Premium,4213.23
5631,John Nguyen,john.nguyen1@gmail.com,India,2022-01-26,Basic,81.55
5632,Christopher Rodriguez,christopher.rodriguez@mail.io,France,2022-02-28,Standard,627.28
5633,Donald Brown,donald.brown2@gmail.com,India,2020-05-25,Standard,469.92
5634,Sharon Clark,sharon.clark2@gmail.com,Australia,2023-09-18,Premium,882.52
5635,Sofia White,sofia.white@mail.io,France,2024-02-02,Basic,107.67
5636,Oliver Miller,oliver.miller@corp.net,United States,2024-11-28,Premium,2390.82
5637,Kenneth Wilson,kenneth.wilson2@gmail.com,Germany,2024-04-01,Standard,446.22
5638,Mark Jackson,mark.jackson@company.com,France,2022-01-14,Premium,3690.25
5639,Jessica Thomas,jessica.thomas@corp.net,Canada,2021-05-23,Basic,103.99
5640,William Taylor,william.taylor@hotmail.com,United States,2024-01-02,Premium,1944.00
5641,Andrew Singh,andrew.singh@gmail.com,United States,2024-08-01,Standard,376.19
5642,Lisa Brown,lisa.brown1@company.com,United States,2020-05-02,Basic,85.88
5643,Robert Martinez,,United States,2021-05-14,Standard,585.09
5644,Sarah Wang,sarah.wang1@gmail.com,United States,2024-04-05,Basic,116.52
5645,David Johnson,david.johnson@gmail.com,France,2020-09-02,Basic,137.76
5646,William Lee,william.lee@mail.io,United States,2021-02-28,Standard,300.23
5647,Paul Robinson,paul.robinson@icloud.com,United States,2024-03-30,Standard,309.06
5648,Lucas Jones,lucas.jones@icloud.com,United States,2025-03-29,Premium,1644.30
5649,Jessica Singh,jessica.singh1@mail.io,France,2023-07-07,Basic,193.70
5650,Patricia Sharma,patricia.sharma1@gmail.com,Canada,2023-05-03,Standard,97.67
5651,Stephanie Thompson,stephanie.thompson1@company.com,United Kingdom,2021-12-25,Basic,79.00
5652,William Harris,william.harris@company.com,United States,2020-08-01,Basic,91.49
5653,Sharon Johnson,sharon.johnson@mail.io,Canada,2024-05-25,Standard,519.67
5654,Oliver White,oliver.white1@gmail.com,United Kingdom,2024-04-07,Basic,175.43
5655,Melissa Chen,melissa.chen1@mail.io,United States,2024-03-31,Basic,159.05
5656,Patricia Thompson,patricia.thompson@company.com,United Kingdom,2020-11-27,Basic,109.48
5657,Amanda Moore,amanda.moore2@gmail.com,United States,2024-06-25,Standard,468.64
5658,Stephanie Taylor,stephanie.taylor@yahoo.com,Canada,2024-09-08,Basic,44.89
5659,Joseph Kumar,joseph.kumar1@hotmail.com,United States,2022-06-10,Standard,308.90
5660,Barbara Jackson,barbara.jackson@company.com,United States,2025-02-13,Basic,49.40
5661,Nancy Robinson,nancy.robinson1@company.com,France,2023-08-27,Standard,572.03
5662,Daniel Martinez,daniel.martinez@corp.net,France,2021-05-05,Standard,111.98
5663,Stephanie Johnson,stephanie.johnson@outlook.com,United Kingdom,2025-04-16,Standard,728.83
5664,Susan Ramirez,susan.ramirez1@gmail.com,Canada,2021-12-11,Standard,639.46
5665,Christopher Chen,christopher.chen1@outlook.com,Australia,2024-05-21,Basic,94.74
5666,Kenneth Johnson,kenneth.johnson@icloud.com,Canada,2024-12-05,Standard,541.51
5667,Raj Lee,raj.lee@gmail.com,United States,2023-10-23,Basic,186.87
5668,Sharon Sharma,sharon.sharma@outlook.com,Germany,2020-11-06,Standard,331.85
5669,Matthew Martinez,matthew.martinez@gmail.com,United States,2025-04-04,Standard,218.50
5670,Noah Rodriguez,noah.rodriguez@corp.net,United States,2020-05-09,Standard,511.58
5671,Sofia Lewis,sofia.lewis@gmail.com,United States,2024-05-11,Premium,4324.56
5672,Robert Wilson,robert.wilson@yahoo.com,United States,2024-11-04,Basic,127.98
5673,Christopher Davis,christopher.davis@yahoo.com,India,2021-10-02,Standard,276.64
5674,Joseph Thompson,joseph.thompson2@gmail.com,France,2023-08-05,Standard,517.79
5675,Donald Jackson,donald.jackson@yahoo.com,Canada,2024-07-12,Basic,77.10
5676,Emily Smith,emily.smith@hotmail.com,United States,2022-07-29,Basic,175.26
5677,Emma Wilson,emma.wilson@company.com,France,2022-10-22,Premium,4634.65
5678,Mia Jones,mia.jones1@gmail.com,United States,2020-05-04,Standard,539.15
5679,Stephanie Kim,stephanie.kim@company.com,United States,2024-04-28,Basic,122.00
5680,Lucas Lewis,lucas.lewis@yahoo.com,India,2021-10-21,Standard,505.29
5681,Andrew Mueller,andrew.mueller@mail.io,United States,2020-03-05,Standard,270.15
5682,Oliver Thompson,oliver.thompson@gmail.com,United States,2024-03-03,Standard,485.52
5683,Patricia Robinson,patricia.robinson1@company.com,India,2024-06-06,Basic,11.45
5684,Karen Ramirez,karen.ramirez@yahoo.com,Australia,2022-11-14,Basic,166.66
5685,John Brown,john.brown@mail.io,United States,2025-04-25,Premium,2504.17
5686,James Martin,james.martin@yahoo.com,United States,2023-09-21,Basic,167.24
5687,Kenneth Smith,kenneth.smith1@outlook.com,United States,2024-03-08,Basic,197.28
5688,Mia Taylor,mia.taylor@gmail.com,United States,2021-01-27,Standard,780.71
5689,Anthony Taylor,anthony.taylor1@outlook.com,France,2022-09-11,Basic,156.18
5690,Sofia Lewis,sofia.lewis@outlook.com,India,2025-05-20,Basic,81.61
5691,Raj Lewis,raj.lewis3@gmail.com,Australia,2021-08-05,Standard,756.58
5692,Richard Sharma,richard.sharma1@outlook.com,United States,2021-07-16,Basic,39.52
5693,Jennifer Harris,jennifer.harris@gmail.com,United States,2021-06-10,Premium,3424.70
5694,Noah Chen,noah.chen@hotmail.com,United States,2021-08-29,Premium,1017.31
5695,Sofia Wang,sofia.wang@hotmail.com,United States,2020-09-04,Basic,105.50
5696,Elizabeth Davis,elizabeth.davis@yahoo.com,United States,2022-05-03,Standard,69.32
5697,Robert Harris,robert.harris@outlook.com,Canada,2022-09-11,Standard,449.36
5698,Lisa Wang,lisa.wang@gmail.com,United States,2020-07-13,Basic,31.59
5699,Kenneth Wilson,kenneth.wilson3@gmail.com,United Kingdom,2021-02-28,Standard,442.38
5700,James Smith,james.smith@mail.io,Australia,2021-12-09,Premium,609.68
5701,Robert Martin,robert.martin@gmail.com,United States,2023-11-10,Standard,524.08
5702,Richard Nguyen,richard.nguyen@gmail.com,United States,2021-09-21,Standard,176.22
5703,Michael Taylor,michael.taylor1@gmail.com,United States,2020-05-26,Basic,169.03
5704,Linda Lopez,linda.lopez1@gmail.com,Australia,2023-08-16,Standard,697.38
5705,Paul Chen,paul.chen1@company.com,France,2021-10-14,Basic,165.19
5706,Arjun Martin,arjun.martin@mail.io,United States,2023-11-01,Standard,330.73
5707,Elizabeth Martinez,elizabeth.martinez@outlook.com,United States,2024-06-14,Basic,111.17
5708,William Mueller,william.mueller1@gmail.com,United States,2020-08-18,Standard,684.77
5709,Lisa Williams,lisa.williams@mail.io,United Kingdom,2023-04-28,Basic,112.46
5710,Oliver Robinson,oliver.robinson@yahoo.com,Canada,2021-01-13,Standard,468.10
5711,Melissa Thompson,melissa.thompson@corp.net,France,2024-06-05,Standard,334.78
5712,Michael Williams,michael.williams2@gmail.com,United States,2022-02-25,Standard,296.71
5713,David Davis,david.davis@mail.io,United Kingdom,2024-01-03,Standard,282.00
5714,Stephanie Sanchez,stephanie.sanchez1@mail.io,Germany,2021-01-19,Basic,119.14
5715,Oliver Garcia,oliver.garcia1@mail.io,Germany,2021-09-03,Standard,588.99
5716,Andrew Lopez,andrew.lopez@gmail.com,United Kingdom,2020-02-14,Standard,221.09
5717,Rebecca Perez,rebecca.perez@icloud.com,Canada,2025-03-11,Premium,2283.61
5718,Emma Rodriguez,emma.rodriguez@icloud.com,Australia,2021-10-29,Standard,152.84
5719,Jessica Hernandez,jessica.hernandez@icloud.com,Germany,2020-06-20,Basic,89.77
5720,Daniel Jones,daniel.jones1@gmail.com,Canada,2022-03-29,Standard,721.06
5721,Oliver Sharma,oliver.sharma@outlook.com,United States,2020-07-23,Premium,3333.83
5722,Mia Ramirez,mia.ramirez@yahoo.com,France,2023-09-21,Premium,1044.52
5723,Priya Sanchez,priya.sanchez@mail.io,United States,2024-03-06,Standard,338.29
5724,Thomas Hernandez,thomas.hernandez2@gmail.com,United States,2024-09-01,Basic,34.51
5725,Ashley Mueller,ashley.mueller@icloud.com,United States,2024-04-12,Basic,43.97
5726,Joshua Mueller,joshua.mueller@yahoo.com,United States,2022-05-06,Basic,31.33
5727,Arjun White,arjun.white@corp.net,India,2020-02-14,Standard,341.37
5728,Rebecca Gonzalez,rebecca.gonzalez@gmail.com,United Kingdom,2021-01-29,Premium,2558.71
5729,John Singh,john.singh@yahoo.com,Canada,2020-01-26,Standard,434.23
5730,Joshua Johnson,joshua.johnson1@hotmail.com,United Kingdom,2024-03-05,Basic,23.45
5731,Jennifer Patel,jennifer.patel@corp.net,United Kingdom,2022-08-18,Basic,181.20
5732,Paul White,paul.white1@gmail.com,Germany,2020-12-09,Basic,180.13
5733,Elizabeth Sharma,elizabeth.sharma@icloud.com,United Kingdom,2021-07-27,Basic,79.54
5734,Anthony Brown,anthony.brown@corp.net,Australia,2022-05-12,Standard,618.90
5735,Ananya Wilson,ananya.wilson@icloud.com,United Kingdom,2020-09-17,Premium,3739.08
5736,Ashley Miller,ashley.miller@gmail.com,Germany,2022-04-21,Standard,110.64
5737,Arjun Sanchez,arjun.sanchez4@gmail.com,United States,2024-02-04,Premium,3146.60
5738,Linda Wang,linda.wang@mail.io,United States,2023-05-03,Basic,46.77
5739,Robert Anderson,robert.anderson@outlook.com,United States,2021-05-23,Basic,53.95
5740,Ashley Taylor,ashley.taylor1@corp.net,Germany,2023-04-08,Basic,133.70
5741,Richard Mueller,richard.mueller@mail.io,United States,2021-10-08,Premium,2969.27
5742,Rebecca Jackson,rebecca.jackson@company.com,United Kingdom,2020-04-05,Basic,172.20
5743,Sharon White,sharon.white2@gmail.com,Germany,2023-09-28,Basic,72.52
5744,Emma Harris,emma.harris@company.com,United Kingdom,2025-04-25,Standard,685.55
5745,Thomas Singh,thomas.singh@outlook.com,United Kingdom,2024-05-04,Basic,46.16
5746,Mia Brown,mia.brown@company.com,United Kingdom,2024-05-25,Basic,198.09
5747,Sharon Martinez,sharon.martinez@corp.net,United States,2023-04-07,Premium,4019.08
5748,Amanda Jackson,amanda.jackson@gmail.com,United Kingdom,2024-01-08,Premium,4478.00
5749,Christopher Lopez,christopher.lopez@company.com,Australia,2023-07-26,Basic,124.81
5750,Stephanie Perez,stephanie.perez@outlook.com,United States,2023-01-11,Premium,3212.72
5751,Stephanie Lee,stephanie.lee2@mail.io,Australia,2025-04-30,Standard,472.44
5752,Linda Smith,linda.smith1@outlook.com,United States,2020-01-19,Standard,599.23
5753,Lisa Johnson,lisa.johnson@yahoo.com,Germany,2022-08-14,Standard,621.18
5754,Sarah Thompson,sarah.thompson@gmail.com,United Kingdom,2021-09-15,Standard,240.20
5755,Andrew Lopez,andrew.lopez@yahoo.com,United States,2023-02-04,Basic,38.16
5756,Linda Johnson,linda.johnson2@company.com,Australia,2024-05-07,Premium,4478.69
5757,Lisa Lee,lisa.lee@yahoo.com,United States,2024-12-11,Premium,2991.14
5758,David White,david.white@gmail.com,United States,2020-06-03,Standard,779.33
5759,Michael Williams,michael.williams@corp.net,Germany,2024-01-02,Basic,104.89
5760,Karen Miller,karen.miller@icloud.com,United States,2023-08-05,Basic,37.06
5761,Robert Garcia,robert.garcia1@gmail.com,United States,2023-12-16,Premium,3305.07
5762,Michael Kumar,michael.kumar@outlook.com,United States,2021-01-24,Basic,57.01
5763,Susan Rodriguez,susan.rodriguez1@gmail.com,Canada,2021-01-03,Basic,21.20
5764,Lucas Brown,lucas.brown@company.com,United Kingdom,2024-10-03,Standard,442.48
5765,Oliver Smith,oliver.smith@hotmail.com,United States,2023-01-10,Standard,214.96
5766,Lucas Garcia,lucas.garcia2@gmail.com,United States,2020-05-11,Standard,360.04
5767,Sarah Anderson,sarah.anderson1@company.com,India,2022-11-19,Basic,69.14
5768,Karen Singh,karen.singh@hotmail.com,United States,2024-09-07,Standard,92.63
5769,Sharon Martinez,sharon.martinez@yahoo.com,United States,2022-11-11,Basic,192.37
5770,Kenneth Kumar,kenneth.kumar@corp.net,United Kingdom,2025-01-19,Standard,755.49
5771,Robert Walker,robert.walker@gmail.com,United States,2021-12-01,Premium,3768.60
5772,Nancy Chen,nancy.chen2@gmail.com,United Kingdom,2022-01-12,Premium,4634.07
5773,Christopher Perez,christopher.perez1@gmail.com,United States,2020-02-24,Premium,4854.82
5774,James Chen,james.chen@company.com,Canada,2021-08-29,Basic,17.04
5775,Oliver Patel,oliver.patel@mail.io,Australia,2020-11-19,Standard,628.49
5776,Emma Singh,emma.singh@outlook.com,United States,2020-07-17,Standard,633.78
5777,Linda Chen,linda.chen@icloud.com,France,2021-03-30,Basic,17.33
5778,Steven Jones,steven.jones@hotmail.com,United States,2023-04-25,Standard,198.90
5779,David Hernandez,david.hernandez2@gmail.com,Canada,2024-03-22,Basic,63.54
5780,Steven Singh,steven.singh2@gmail.com,Germany,2021-11-14,Basic,92.95
5781,Patricia Martin,patricia.martin2@gmail.com,United States,2025-04-16,Standard,449.02
5782,Lisa Lopez,lisa.lopez@hotmail.com,Canada,2021-01-22,Basic,137.72
5783,Christopher Lee,christopher.lee@outlook.com,United States,2021-03-28,Basic,144.01
5784,John Miller,john.miller@outlook.com,Germany,2021-10-16,Basic,157.67
5785,Karen Lewis,karen.lewis1@gmail.com,Australia,2020-10-25,Standard,456.69
5786,Rebecca Walker,rebecca.walker@yahoo.com,United Kingdom,2022-03-15,Standard,694.07
5787,Arjun Lee,arjun.lee@outlook.com,United Kingdom,2024-02-12,Standard,742.84
5788,John Brown,john.brown@outlook.com,United States,2022-10-13,Standard,775.85
5789,Lucas Davis,lucas.davis@gmail.com,United States,2024-03-19,Standard,224.54
5790,Jennifer Thompson,jennifer.thompson@hotmail.com,Germany,2024-12-14,Standard,231.09
5791,Rebecca Gonzalez,rebecca.gonzalez1@gmail.com,United States,2023-06-06,Standard,485.15
5792,Ananya Clark,ananya.clark1@gmail.com,United Kingdom,2023-09-07,Basic,81.06
5793,Amanda Davis,amanda.davis@company.com,United States,2022-05-30,Basic,9.79
5794,Elizabeth Thomas,elizabeth.thomas@yahoo.com,United Kingdom,2021-12-01,Standard,255.41
5795,Emma Davis,emma.davis1@gmail.com,United States,2021-01-05,Premium,1003.21
5796,Mary Robinson,mary.robinson2@outlook.com,Germany,2025-05-19,Standard,498.17
5797,James Smith,james.smith2@gmail.com,United States,2024-01-14,Premium,789.21
5798,Michael Jones,michael.jones@company.com,France,2021-12-12,Basic,172.41
5799,Arjun Nguyen,arjun.nguyen@company.com,Germany,2022-07-24,Basic,124.99
5800,David Gonzalez,david.gonzalez@mail.io,India,2021-09-05,Standard,791.12
5801,Kenneth Perez,kenneth.perez1@gmail.com,United Kingdom,2020-09-15,Basic,83.70
5802,Sofia Sharma,sofia.sharma1@company.com,United States,2022-11-17,Basic,172.28
5803,Emma Taylor,emma.taylor@outlook.com,India,2020-11-28,Basic,177.18
5804,Kenneth White,kenneth.white@gmail.com,United States,2020-07-22,Standard,599.73
5805,Daniel Johnson,daniel.johnson1@gmail.com,United States,2023-01-25,Premium,3745.32
5806,Daniel Lewis,daniel.lewis@company.com,Germany,2022-04-01,Standard,438.54
5807,William Taylor,william.taylor3@gmail.com,Germany,2020-05-15,Basic,25.03
5808,John Lewis,john.lewis1@company.com,United States,2021-11-19,Standard,152.95
5809,Robert Chen,robert.chen1@gmail.com,United States,2021-02-19,Basic,0.55
5810,Nancy Wilson,nancy.wilson@mail.io,France,2023-02-14,Standard,690.92
5811,Jennifer Brown,jennifer.brown3@gmail.com,United Kingdom,2022-11-28,Basic,6.52
5812,Matthew Chen,matthew.chen@outlook.com,United States,2021-08-29,Standard,357.08
5813,Melissa Ramirez,melissa.ramirez@icloud.com,Canada,2020-05-23,Standard,560.61
5814,Sofia Davis,sofia.davis1@icloud.com,United States,2020-11-11,Basic,172.78
5815,Emma Jackson,emma.jackson@mail.io,United Kingdom,2023-07-22,Standard,355.94
5816,Linda Lopez,linda.lopez1@outlook.com,United States,2023-11-26,Standard,589.22
5817,Jennifer Thomas,jennifer.thomas1@yahoo.com,Germany,2021-07-01,Basic,167.63
5818,Emma Lewis,emma.lewis@corp.net,Germany,2020-05-26,Standard,638.35
5819,Laura Robinson,laura.robinson@yahoo.com,France,2021-02-05,Standard,674.98
5820,Laura Lee,laura.lee@corp.net,Canada,2024-12-05,Standard,256.33
5821,Karen Harris,karen.harris@hotmail.com,United States,2021-02-06,Basic,23.55
5822,Michael Wang,michael.wang@outlook.com,Canada,2022-06-18,Basic,55.42
5823,John Jackson,john.jackson2@outlook.com,United Kingdom,2024-10-13,Standard,685.78
5824,Paul Anderson,paul.anderson@mail.io,Germany,2024-01-02,Standard,787.63
5825,Matthew Kim,matthew.kim1@gmail.com,France,2024-12-12,Basic,91.25
5826,Elizabeth Nguyen,elizabeth.nguyen@gmail.com,United States,2021-06-12,Standard,683.03
5827,Paul Lopez,paul.lopez@icloud.com,United States,2020-09-23,Standard,289.17
5828,John Sharma,john.sharma@hotmail.com,Canada,2021-03-18,Basic,160.78
5829,Sharon Moore,sharon.moore@company.com,United States,2023-09-06,Standard,279.52
5830,Ashley Harris,ashley.harris@gmail.com,United States,2021-05-19,Basic,12.10
5831,Emily Lopez,emily.lopez@icloud.com,Canada,2024-11-11,Basic,196.56
5832,Emma Jones,emma.jones@icloud.com,United States,2023-05-26,Standard,248.47
5833,Andrew Lewis,andrew.lewis@gmail.com,Australia,2024-06-03,Standard,110.74
5834,Daniel Perez,daniel.perez@yahoo.com,Germany,2023-05-12,Premium,619.03
5835,Mary Miller,mary.miller@corp.net,France,2024-08-09,Standard,209.45
5836,Nancy Wang,nancy.wang2@gmail.com,United States,2021-04-27,Standard,592.22
5837,Raj Nguyen,raj.nguyen1@outlook.com,Germany,2024-06-22,Standard,390.86
5838,Jennifer Thomas,jennifer.thomas1@gmail.com,India,2022-09-01,Standard,69.28
5839,Donald Johnson,donald.johnson1@hotmail.com,France,2023-10-13,Standard,778.81
5840,Linda Harris,linda.harris1@company.com,France,2021-10-28,Standard,248.75
5841,David Lewis,david.lewis1@gmail.com,Australia,2021-02-06,Standard,604.59
5842,William Clark,william.clark@icloud.com,United Kingdom,2023-07-25,Basic,60.47
5843,Arjun Patel,arjun.patel3@gmail.com,Australia,2021-08-04,Standard,468.57
5844,Ananya Johnson,ananya.johnson1@gmail.com,India,2023-02-15,Standard,316.96
5845,Arjun Garcia,arjun.garcia@corp.net,India,2022-10-10,Premium,4029.45
5846,Matthew Williams,matthew.williams1@gmail.com,Germany,2021-08-09,Standard,405.34
5847,Anthony Kim,anthony.kim@yahoo.com,Australia,2022-12-19,Basic,21.39
5848,Michael Johnson,michael.johnson@company.com,Canada,2024-12-04,Basic,7.55
5849,Michael Wilson,michael.wilson@icloud.com,United Kingdom,2020-07-02,Standard,263.60
5850,Susan Taylor,susan.taylor@mail.io,United States,2023-05-22,Basic,19.67
5851,Mary Brown,mary.brown@yahoo.com,United States,2024-03-11,Standard,545.02
5852,Matthew Anderson,matthew.anderson@company.com,United States,2021-11-13,Basic,39.46
5853,Mia Thompson,mia.thompson1@gmail.com,Canada,2022-08-22,Standard,509.50
5854,Anthony Martin,anthony.martin@outlook.com,United States,2020-02-24,Standard,496.25
5855,Oliver Mueller,oliver.mueller3@gmail.com,Germany,2024-03-22,Basic,198.62
5856,Daniel Lopez,daniel.lopez1@gmail.com,Australia,2021-05-29,Standard,741.03
5857,Lucas Jackson,lucas.jackson1@gmail.com,France,2022-10-27,Basic,59.96
5858,John Gonzalez,john.gonzalez2@gmail.com,United Kingdom,2025-01-26,Standard,371.24
5859,Richard Chen,richard.chen1@mail.io,United States,2024-05-22,Premium,4419.79
5860,Donald Smith,donald.smith@company.com,India,2021-05-30,Standard,167.88
5861,Emma White,emma.white1@hotmail.com,United Kingdom,2021-11-22,Standard,712.67
5862,Patricia Patel,patricia.patel@icloud.com,France,2020-08-20,Basic,186.89
5863,Noah Moore,noah.moore3@gmail.com,United States,2021-05-22,Basic,158.48
5864,Lisa Clark,lisa.clark@icloud.com,United States,2021-12-16,Premium,2235.25
5865,Nancy Wilson,nancy.wilson@gmail.com,India,2023-01-05,Basic,62.24
5866,Amanda Davis,amanda.davis1@gmail.com,United States,2022-04-06,Standard,735.99
5867,Lisa Wilson,lisa.wilson@mail.io,United States,2025-05-20,Standard,511.42
5868,Raj Wilson,raj.wilson@yahoo.com,Germany,2020-12-09,Premium,2996.68
5869,Lisa Jones,lisa.jones@icloud.com,France,2021-01-01,Premium,4374.82
5870,Rebecca Singh,rebecca.singh@yahoo.com,United States,2022-11-11,Basic,27.98
5871,Sofia Mueller,sofia.mueller@mail.io,Australia,2020-11-16,Standard,622.65
5872,Raj Kim,raj.kim1@mail.io,United States,2023-04-03,Basic,9.10
5873,Michael Lewis,michael.lewis1@mail.io,United Kingdom,2022-01-29,Premium,3835.71
5874,Linda Garcia,linda.garcia@outlook.com,France,2024-03-01,Premium,3689.39
5875,Donald Smith,donald.smith@outlook.com,Australia,2024-07-29,Premium,747.00
5876,Sarah Smith,sarah.smith@gmail.com,United States,2024-09-04,Basic,174.64
5877,Daniel Martinez,daniel.martinez1@gmail.com,Germany,2020-05-12,Standard,115.06
5878,Ananya Miller,ananya.miller@mail.io,France,2022-10-10,Standard,641.45
5879,Oliver Lewis,oliver.lewis1@gmail.com,Canada,2021-11-22,Basic,71.91
5880,William Nguyen,william.nguyen@icloud.com,United States,2022-09-05,Standard,427.97
5881,Steven Smith,steven.smith@gmail.com,Canada,2025-05-09,Basic,66.49
5882,Mark Clark,mark.clark@outlook.com,France,2021-02-18,Standard,394.32
5883,Kenneth Sharma,kenneth.sharma@gmail.com,United States,2023-04-27,Premium,1547.39
5884,Donald Sharma,donald.sharma@corp.net,United States,2023-11-12,Standard,789.46
5885,Susan Sanchez,susan.sanchez1@icloud.com,India,2020-02-24,Standard,547.93
5886,Mark Lee,mark.lee@gmail.com,United States,2021-04-06,Standard,236.45
5887,Raj Ramirez,raj.ramirez@gmail.com,United Kingdom,2024-07-24,Standard,256.38
5888,Richard Hernandez,richard.hernandez@icloud.com,United States,2020-05-21,Standard,445.94
5889,Raj Jones,raj.jones1@outlook.com,Germany,2020-10-18,Standard,114.15
5890,James Davis,james.davis1@company.com,Australia,2025-03-26,Standard,727.01
5891,Jennifer Rodriguez,jennifer.rodriguez1@yahoo.com,India,2021-08-23,Basic,60.50
5892,Paul Rodriguez,paul.rodriguez2@gmail.com,Germany,2023-09-30,Standard,293.98
5893,Emma Robinson,emma.robinson@gmail.com,United States,2023-03-08,Standard,587.55
5894,Nancy Miller,nancy.miller@mail.io,United Kingdom,2021-05-06,Standard,736.11
5895,Amanda Hernandez,amanda.hernandez3@gmail.com,France,2021-01-29,Basic,174.16
5896,Mia White,mia.white1@gmail.com,Australia,2021-12-04,Standard,795.24
5897,Joshua Rodriguez,joshua.rodriguez1@outlook.com,United Kingdom,2023-05-17,Basic,105.20
5898,Joshua Singh,joshua.singh@gmail.com,France,2022-08-22,Standard,699.91
5899,Mary Davis,mary.davis@outlook.com,United States,2024-04-07,Premium,4277.30
5900,Rebecca Ramirez,rebecca.ramirez@icloud.com,France,2024-03-03,Standard,797.59
5901,James Harris,james.harris2@gmail.com,Germany,2021-01-08,Standard,682.14
5902,Karen Wang,karen.wang@gmail.com,France,2023-12-23,Standard,431.59
5903,Priya Gonzalez,priya.gonzalez2@mail.io,Australia,2021-08-20,Standard,631.84
5904,Oliver Kim,oliver.kim1@mail.io,United States,2024-04-03,Standard,573.60
5905,Robert Thompson,robert.thompson1@outlook.com,United States,2020-01-21,Premium,4999.86
5906,Joshua Wilson,joshua.wilson2@gmail.com,United States,2024-07-28,Standard,607.22
5907,Raj Lewis,raj.lewis@mail.io,Germany,2024-11-03,Premium,4649.43
5908,Donald Lee,donald.lee@corp.net,France,2020-10-05,Basic,71.49
5909,David Walker,david.walker@yahoo.com,India,2021-07-17,Premium,1098.39
5910,Sharon Jackson,sharon.jackson@hotmail.com,United States,2020-07-31,Standard,358.84
5911,Jessica Wilson,jessica.wilson1@mail.io,Germany,2023-10-02,Standard,261.98
5912,Joshua Garcia,joshua.garcia1@gmail.com,France,2023-08-09,Standard,259.50
5913,Paul Nguyen,paul.nguyen@gmail.com,Germany,2020-05-04,Standard,652.86
5914,Paul Sharma,paul.sharma1@gmail.com,United States,2020-05-23,Standard,84.74
5915,Kenneth Martin,kenneth.martin1@yahoo.com,United States,2020-03-14,Premium,4212.89
5916,Lucas Wilson,lucas.wilson@yahoo.com,Australia,2021-11-25,Basic,192.96
5917,Matthew Moore,matthew.moore1@icloud.com,Australia,2020-04-26,Basic,31.56
5918,Emma Taylor,emma.taylor@icloud.com,United States,2023-08-04,Premium,3990.93
5919,Robert Sanchez,robert.sanchez1@gmail.com,United States,2022-08-12,Standard,687.65
5920,Joshua Singh,joshua.singh2@corp.net,France,2024-10-19,Standard,92.24
5921,David Wilson,david.wilson@icloud.com,France,2022-11-23,Standard,158.09
5922,Steven Harris,steven.harris@mail.io,Canada,2025-05-02,Standard,337.74
5923,Thomas Brown,,France,2023-03-23,Standard,95.16
5924,Mary Nguyen,mary.nguyen2@gmail.com,United Kingdom,2022-02-19,Premium,1085.43
5925,Kenneth Chen,kenneth.chen@company.com,United States,2020-10-02,Standard,384.87
5926,Laura Wang,laura.wang@company.com,France,2020-09-09,Standard,772.60
5927,Matthew Miller,matthew.miller1@gmail.com,United States,2022-12-26,Standard,404.55
5928,Mark Taylor,mark.taylor@company.com,Canada,2021-12-20,Premium,3900.03
5929,John Gonzalez,john.gonzalez@outlook.com,Germany,2023-07-21,Basic,195.64
5930,Oliver Singh,oliver.singh1@outlook.com,Germany,2024-07-28,Basic,30.89
5931,Karen Thomas,karen.thomas1@gmail.com,United Kingdom,2024-12-06,Basic,3.47
5932,William Wilson,william.wilson@company.com,United States,2023-03-03,Standard,672.33
5933,Sofia Lee,sofia.lee@mail.io,United States,2023-11-16,Basic,11.35
5934,Andrew Jones,andrew.jones@outlook.com,United States,2021-06-20,Standard,395.82
5935,Stephanie White,stephanie.white1@gmail.com,United Kingdom,2023-10-16,Standard,584.27
5936,Susan Sanchez,susan.sanchez@corp.net,Germany,2020-06-21,Basic,81.40
5937,Joseph Gonzalez,joseph.gonzalez1@yahoo.com,Australia,2023-06-02,Standard,474.86
5938,David Sharma,david.sharma@hotmail.com,United Kingdom,2021-11-18,Basic,178.96
5939,Stephanie Thomas,stephanie.thomas@mail.io,United States,2023-09-12,Standard,322.55
5940,Donald Williams,donald.williams@outlook.com,United States,2025-05-04,Basic,153.25
5941,Emma White,emma.white2@hotmail.com,United States,2023-09-01,Basic,75.11
5942,Laura Smith,laura.smith1@outlook.com,Canada,2024-04-26,Premium,885.13
5943,Richard Williams,richard.williams@yahoo.com,United Kingdom,2024-10-09,Standard,780.70
5944,Mary Garcia,mary.garcia2@gmail.com,United States,2022-11-08,Premium,944.48
5945,Lucas Lewis,lucas.lewis@icloud.com,United States,2021-08-25,Standard,222.92
5946,Steven Garcia,steven.garcia@mail.io,France,2020-06-22,Basic,116.14
5947,Nancy Mueller,nancy.mueller1@yahoo.com,France,2023-06-02,Standard,268.08
5948,Emma Rodriguez,emma.rodriguez2@gmail.com,France,2024-05-07,Standard,493.34
5949,Paul Wilson,paul.wilson@hotmail.com,Germany,2022-11-12,Basic,42.90
5950,Raj Wilson,raj.wilson@hotmail.com,India,2022-05-14,Basic,167.17
5951,Nancy Mueller,nancy.mueller@mail.io,United States,2022-10-23,Standard,495.19
5952,Christopher Jackson,christopher.jackson@corp.net,France,2023-10-11,Basic,172.36
5953,Sofia Walker,sofia.walker@yahoo.com,United States,2021-01-18,Standard,576.79
5954,Matthew Harris,matthew.harris2@gmail.com,United States,2021-07-05,Premium,1147.92
5955,Anthony Gonzalez,anthony.gonzalez1@mail.io,United States,2020-12-03,Basic,113.61
5956,Kenneth Walker,kenneth.walker1@gmail.com,India,2021-07-11,Basic,189.78
5957,Rebecca Thomas,rebecca.thomas@icloud.com,United States,2020-08-14,Standard,284.59
5958,Linda Wilson,linda.wilson1@yahoo.com,Germany,2020-12-16,Premium,4790.62
5959,Nancy Lopez,nancy.lopez1@company.com,United Kingdom,2021-11-07,Basic,69.71
5960,Paul Hernandez,paul.hernandez1@gmail.com,United States,2021-05-23,Standard,89.56
5961,Joshua Anderson,joshua.anderson@gmail.com,United Kingdom,2023-07-12,Basic,157.20
5962,Barbara Kim,barbara.kim@gmail.com,France,2024-01-03,Standard,428.18
5963,Stephanie Anderson,stephanie.anderson@mail.io,United States,2022-08-27,Premium,4797.54
5964,Mary Taylor,mary.taylor1@company.com,United States,2025-01-23,Premium,1645.28
5965,Mary Harris,mary.harris@mail.io,Canada,2020-04-06,Basic,190.19
5966,Daniel Wang,daniel.wang@hotmail.com,United Kingdom,2020-02-03,Basic,128.60
5967,David Miller,david.miller@gmail.com,India,2023-08-29,Basic,68.67
5968,Lisa Kim,lisa.kim@gmail.com,France,2021-05-29,Premium,1634.21
5969,Mary Wang,mary.wang@hotmail.com,Australia,2023-05-23,Premium,3368.75
5970,Barbara Taylor,barbara.taylor@icloud.com,United States,2023-05-21,Basic,47.24
5971,Jennifer Wang,jennifer.wang@gmail.com,Australia,2023-06-01,Basic,147.94
5972,Anthony Lopez,anthony.lopez1@yahoo.com,Germany,2022-01-23,Standard,285.54
5973,Amanda Mueller,amanda.mueller@gmail.com,Canada,2024-12-14,Premium,4220.66
5974,Patricia Taylor,patricia.taylor@gmail.com,United States,2021-01-04,Standard,179.24
5975,Daniel Garcia,daniel.garcia@icloud.com,Germany,2020-09-16,Standard,592.59
5976,Joshua Smith,joshua.smith@company.com,United States,2023-09-12,Standard,110.10
5977,Sofia Gonzalez,sofia.gonzalez@outlook.com,United States,2025-03-07,Standard,163.47
5978,Paul Kim,paul.kim2@gmail.com,United States,2023-04-23,Premium,4990.35
5979,Thomas Jackson,thomas.jackson1@gmail.com,Germany,2020-11-14,Standard,335.93
5980,Barbara Gonzalez,barbara.gonzalez@outlook.com,India,2025-04-01,Premium,2519.92
5981,Lisa Wilson,lisa.wilson@yahoo.com,United Kingdom,2023-12-17,Basic,66.15
5982,Ananya Miller,ananya.miller@gmail.com,United States,2023-12-23,Standard,178.15
5983,Lucas Jones,lucas.jones@mail.io,United Kingdom,2023-01-14,Basic,104.64
5984,Noah Thomas,noah.thomas@company.com,United States,2020-08-31,Standard,96.79
5985,Andrew Nguyen,andrew.nguyen1@gmail.com,Canada,2022-12-25,Basic,166.29
5986,Mia Mueller,mia.mueller1@yahoo.com,Germany,2023-05-02,Basic,13.49
5987,Rebecca Kumar,rebecca.kumar2@company.com,Canada,2020-04-29,Standard,366.96
5988,Donald Patel,donald.patel@yahoo.com,United States,2023-07-22,Basic,194.37
5989,Ashley Lee,ashley.lee@company.com,United States,2021-09-12,Basic,81.59
5990,Sofia Thomas,sofia.thomas@mail.io,Canada,2022-10-06,Basic,34.06
5991,Lucas Hernandez,lucas.hernandez@gmail.com,United States,2024-08-19,Basic,155.63
5992,Steven Chen,steven.chen@gmail.com,United States,2025-02-06,Standard,519.36
5993,Lisa Williams,lisa.williams@gmail.com,Canada,2020-06-08,Premium,1898.11
5994,Emily Lopez,emily.lopez1@gmail.com,United States,2024-10-24,Standard,522.58
5995,Matthew Sanchez,matthew.sanchez@hotmail.com,India,2024-08-09,Basic,5.72
5996,Noah Wilson,noah.wilson@yahoo.com,United States,2021-11-20,Standard,701.16
5997,Elizabeth Rodriguez,elizabeth.rodriguez@gmail.com,United States,2023-03-29,Standard,120.67
5998,Stephanie Patel,stephanie.patel@mail.io,Germany,2025-03-28,Standard,102.06
5999,Michael Ramirez,michael.ramirez@outlook.com,France,2021-05-20,Standard,607.77
6000,James Sanchez,james.sanchez1@outlook.com,United Kingdom,2021-01-06,Standard,327.85
6001,Emma Kumar,emma.kumar2@gmail.com,United States,2020-07-06,Standard,461.95
6002,Mark Harris,mark.harris1@outlook.com,India,2021-07-02,Standard,755.14
6003,Susan Robinson,susan.robinson1@mail.io,Australia,2025-04-09,Standard,415.25
6004,Arjun Wang,arjun.wang@yahoo.com,United Kingdom,2024-05-31,Standard,244.87
6005,Paul Kim,paul.kim1@outlook.com,United States,2022-05-08,Basic,155.49
6006,Sharon Jones,sharon.jones@icloud.com,France,2021-07-24,Standard,463.47
6007,Ananya Williams,ananya.williams@gmail.com,United States,2024-12-15,Standard,543.00
6008,Kenneth Wilson,kenneth.wilson4@gmail.com,United Kingdom,2022-12-17,Standard,94.45
6009,Richard Jackson,richard.jackson1@gmail.com,India,2023-09-11,Basic,190.42
6010,Sharon Kim,sharon.kim@yahoo.com,Germany,2021-01-25,Basic,88.91
6011,Michael Davis,michael.davis@outlook.com,United States,2025-01-20,Standard,403.36
6012,Melissa Johnson,melissa.johnson1@gmail.com,United States,2020-08-13,Standard,640.79
6013,Joseph Perez,joseph.perez@icloud.com,France,2023-08-11,Premium,4692.49
6014,Christopher White,christopher.white1@outlook.com,Canada,2025-04-11,Standard,798.68
6015,Raj Ramirez,raj.ramirez1@gmail.com,France,2024-03-03,Standard,83.14
6016,Joseph Davis,joseph.davis1@company.com,United Kingdom,2021-03-19,Standard,347.24
6017,Sofia Lee,sofia.lee1@mail.io,India,2023-02-11,Standard,764.36
6018,Elizabeth Lewis,elizabeth.lewis1@mail.io,United States,2022-08-07,Standard,739.21
6019,Mary Williams,mary.williams1@gmail.com,India,2021-11-26,Standard,74.22
6020,Sofia Kumar,sofia.kumar@company.com,United States,2023-02-19,Standard,582.13
6021,William Nguyen,william.nguyen@hotmail.com,United States,2021-10-22,Standard,498.23
6022,Stephanie Singh,stephanie.singh1@gmail.com,Canada,2020-03-29,Premium,685.26
6023,Lucas Wilson,lucas.wilson@outlook.com,United States,2023-10-02,Standard,495.19
6024,Sharon Wang,sharon.wang1@gmail.com,Germany,2023-07-18,Basic,190.34
6025,David Nguyen,david.nguyen@company.com,United States,2022-12-17,Standard,504.80
6026,Sarah Rodriguez,sarah.rodriguez2@outlook.com,United States,2024-03-04,Basic,6.17
6027,Richard Mueller,richard.mueller1@gmail.com,United Kingdom,2021-07-11,Standard,174.32
6028,Emily Johnson,emily.johnson@mail.io,United States,2022-06-21,Basic,66.17
6029,William Mueller,william.mueller1@yahoo.com,France,2023-12-07,Standard,95.90
6030,Amanda Kim,amanda.kim1@gmail.com,United States,2023-05-25,Standard,782.08
6031,Lisa Lewis,lisa.lewis@hotmail.com,United States,2021-11-10,Standard,480.87
6032,Stephanie Moore,stephanie.moore@icloud.com,United States,2020-11-27,Premium,3350.57
6033,Elizabeth Thomas,elizabeth.thomas1@gmail.com,United States,2021-09-15,Basic,104.64
6034,Ashley Miller,ashley.miller1@gmail.com,Germany,2020-11-25,Standard,431.53
6035,Elizabeth Garcia,elizabeth.garcia@gmail.com,United States,2021-10-08,Standard,320.71
6036,Barbara Nguyen,barbara.nguyen@hotmail.com,United States,2023-11-17,Standard,701.41
6037,Jessica Wang,jessica.wang@gmail.com,Canada,2021-04-20,Standard,364.27
6038,Stephanie Wilson,stephanie.wilson@outlook.com,United States,2025-01-18,Standard,757.71
6039,Mia Sharma,mia.sharma@corp.net,Germany,2024-02-25,Premium,1986.41
6040,Susan Brown,susan.brown1@gmail.com,India,2021-10-07,Standard,512.72
6041,Jennifer Miller,jennifer.miller1@company.com,United States,2024-10-14,Standard,192.37
6042,Patricia Martin,patricia.martin@yahoo.com,Germany,2021-10-09,Standard,745.57
6043,Priya Kumar,priya.kumar@mail.io,Germany,2020-09-28,Basic,22.96
6044,Christopher Ramirez,christopher.ramirez@corp.net,United States,2024-02-22,Basic,22.63
6045,Lucas Robinson,lucas.robinson@yahoo.com,United Kingdom,2025-01-08,Basic,101.66
6046,John Williams,john.williams@mail.io,United Kingdom,2024-04-22,Premium,4324.09
6047,Melissa Jackson,melissa.jackson@gmail.com,India,2024-12-20,Standard,71.45
6048,Joseph Sanchez,joseph.sanchez@gmail.com,United States,2024-11-25,Standard,429.42
6049,Noah Robinson,noah.robinson3@gmail.com,United States,2023-10-02,Standard,790.76
6050,Barbara Miller,barbara.miller@yahoo.com,India,2020-08-16,Basic,166.00
6051,Elizabeth Hernandez,elizabeth.hernandez1@yahoo.com,Australia,2023-04-21,Standard,762.76
6052,William Williams,william.williams1@outlook.com,India,2021-04-18,Basic,166.43
6053,Anthony Lewis,anthony.lewis1@gmail.com,United States,2021-02-12,Basic,106.04
6054,Sofia Davis,sofia.davis2@icloud.com,India,2025-05-04,Standard,670.43
6055,Noah Mueller,noah.mueller@gmail.com,United States,2022-11-08,Basic,125.89
6056,John Singh,john.singh4@gmail.com,United States,2022-11-08,Basic,37.24
6057,Sofia Singh,sofia.singh@mail.io,Australia,2024-05-05,Basic,147.47
6058,Raj Wilson,raj.wilson@gmail.com,United States,2024-09-30,Standard,189.62
6059,Richard Miller,richard.miller@gmail.com,Canada,2024-01-15,Standard,763.46
6060,Jessica Kumar,jessica.kumar@hotmail.com,United States,2024-01-10,Basic,142.56
6061,Susan Robinson,susan.robinson1@icloud.com,United Kingdom,2020-10-10,Standard,54.26
6062,Kenneth Mueller,kenneth.mueller@corp.net,United Kingdom,2023-01-29,Standard,222.64
6063,Robert Jones,robert.jones2@gmail.com,Germany,2020-02-17,Premium,1401.46
6064,Laura Moore,laura.moore@outlook.com,United States,2024-08-12,Standard,600.46
6065,Joshua Gonzalez,joshua.gonzalez@company.com,United States,2021-12-11,Basic,199.54
6066,Stephanie Johnson,stephanie.johnson1@corp.net,United States,2023-06-17,Basic,68.43
6067,Richard Chen,richard.chen@outlook.com,France,2021-09-18,Standard,429.17
6068,Noah Mueller,noah.mueller@corp.net,France,2023-12-21,Standard,585.46
6069,Priya Singh,priya.singh@hotmail.com,United States,2020-02-15,Standard,594.53
6070,John Davis,john.davis1@company.com,Germany,2025-04-08,Standard,222.31
6071,Emily Mueller,emily.mueller@yahoo.com,United States,2023-07-24,Basic,138.51
6072,Joshua Moore,joshua.moore@outlook.com,United Kingdom,2020-09-16,Basic,61.95
6073,Ananya White,ananya.white@corp.net,United States,2021-01-12,Standard,657.93
6074,Matthew Lee,matthew.lee@hotmail.com,United Kingdom,2021-01-31,Standard,230.33
6075,Sofia Davis,sofia.davis1@gmail.com,United States,2022-08-02,Standard,520.83
6076,Melissa Perez,melissa.perez@hotmail.com,United Kingdom,2024-11-18,Basic,29.09
6077,Rebecca Perez,rebecca.perez@gmail.com,United States,2023-03-08,Standard,415.28
6078,Daniel Mueller,daniel.mueller1@gmail.com,United Kingdom,2023-02-22,Standard,370.79
6079,Mark Davis,mark.davis@corp.net,Germany,2023-10-28,Standard,678.47
6080,Oliver Martinez,oliver.martinez@outlook.com,United States,2021-05-14,Standard,493.84
6081,Sarah Kumar,sarah.kumar@gmail.com,Australia,2021-06-11,Standard,273.75
6082,Linda Garcia,linda.garcia@icloud.com,United States,2022-03-18,Premium,4266.07
6083,Jennifer Chen,jennifer.chen1@yahoo.com,India,2022-02-08,Standard,92.53
6084,Lucas Lewis,lucas.lewis@gmail.com,United States,2020-01-31,Basic,8.82
6085,Mia Moore,mia.moore@outlook.com,France,2022-11-10,Basic,98.46
6086,Amanda Anderson,amanda.anderson2@gmail.com,United Kingdom,2023-06-25,Standard,63.72
6087,Lucas Thompson,lucas.thompson@gmail.com,United States,2022-11-13,Standard,186.63
6088,Melissa Thompson,melissa.thompson1@gmail.com,Canada,2024-10-26,Basic,178.60
6089,Stephanie Chen,stephanie.chen@mail.io,Canada,2023-07-11,Basic,20.27
6090,Daniel Smith,daniel.smith@outlook.com,United States,2020-03-11,Basic,184.81
6091,Amanda Perez,amanda.perez@icloud.com,India,2020-04-16,Premium,4953.27
6092,Rebecca Miller,rebecca.miller@gmail.com,France,2022-10-19,Standard,668.05
6093,Arjun Davis,arjun.davis@icloud.com,United States,2024-11-14,Standard,644.70
6094,Arjun Chen,arjun.chen@company.com,United States,2024-02-09,Standard,582.33
6095,Susan Harris,susan.harris@icloud.com,United Kingdom,2025-01-27,Standard,778.11
6096,Kenneth Harris,kenneth.harris1@gmail.com,India,2022-01-31,Standard,347.97
6097,Priya Patel,priya.patel@corp.net,United States,2024-08-19,Basic,165.45
6098,John Patel,john.patel@hotmail.com,United Kingdom,2022-03-25,Premium,4048.08
6099,Priya Thompson,priya.thompson2@icloud.com,Canada,2024-10-31,Standard,635.54
6100,Jennifer Patel,jennifer.patel@yahoo.com,Australia,2024-03-22,Standard,432.39
6101,Emily Harris,emily.harris@outlook.com,United States,2023-01-10,Premium,718.89
6102,Donald Sharma,donald.sharma@outlook.com,Canada,2021-05-08,Standard,184.58
6103,Kenneth Wilson,kenneth.wilson1@company.com,United States,2024-11-12,Basic,156.96
6104,Matthew Sanchez,matthew.sanchez@icloud.com,Canada,2020-04-29,Standard,574.32
6105,Barbara Nguyen,barbara.nguyen1@mail.io,United Kingdom,2021-04-14,Standard,300.41
6106,Emma Nguyen,emma.nguyen1@outlook.com,United States,2022-02-19,Basic,34.59
6107,Kenneth Kumar,kenneth.kumar@icloud.com,India,2022-05-07,Basic,18.53
6108,Richard Patel,richard.patel@gmail.com,Australia,2020-11-12,Standard,532.70
6109,Mia White,mia.white2@gmail.com,United States,2020-01-04,Basic,83.50
6110,Sarah Wang,sarah.wang@mail.io,Australia,2025-02-28,Standard,239.59
6111,Mia Sanchez,mia.sanchez1@gmail.com,India,2025-05-27,Standard,256.43
6112,Sarah Martinez,sarah.martinez@yahoo.com,India,2024-08-15,Premium,1835.78
6113,Daniel Martin,daniel.martin1@gmail.com,United States,2025-01-07,Standard,480.15
6114,Linda Patel,linda.patel1@yahoo.com,United States,2023-01-26,Premium,731.64
6115,Patricia Singh,patricia.singh1@yahoo.com,United Kingdom,2021-06-21,Basic,186.60
6116,Sofia Perez,sofia.perez@company.com,United States,2022-11-22,Basic,142.11
6117,Daniel Thompson,daniel.thompson1@outlook.com,United Kingdom,2022-04-20,Basic,49.00
6118,John White,john.white@gmail.com,United States,2022-04-12,Standard,501.32
6119,Donald Miller,donald.miller@corp.net,Germany,2020-02-17,Premium,4232.67
6120,Sharon Clark,sharon.clark@mail.io,Canada,2021-01-06,Basic,168.21
6121,Laura Nguyen,laura.nguyen1@outlook.com,Canada,2020-08-07,Standard,565.53
6122,Mary Jackson,mary.jackson@gmail.com,United States,2025-04-01,Standard,649.74
6123,Daniel Kim,daniel.kim@outlook.com,United States,2025-05-13,Basic,58.48
6124,Joseph Martin,joseph.martin2@gmail.com,Australia,2023-09-28,Standard,136.81
6125,Noah Singh,noah.singh1@gmail.com,United Kingdom,2023-05-20,Standard,736.39
6126,Michael Lopez,michael.lopez1@corp.net,United States,2024-12-16,Basic,68.25
6127,Jennifer Kim,jennifer.kim1@gmail.com,India,2023-09-02,Standard,677.62
6128,Steven Ramirez,steven.ramirez2@gmail.com,France,2024-05-02,Basic,111.13
6129,Barbara Kumar,barbara.kumar1@gmail.com,India,2020-04-19,Standard,142.48
6130,Jessica Lee,jessica.lee@company.com,United States,2020-12-08,Standard,556.45
6131,Lucas Nguyen,lucas.nguyen@company.com,Germany,2024-12-08,Standard,525.44
6132,Daniel Brown,daniel.brown@yahoo.com,India,2022-09-22,Basic,85.97
6133,David Davis,david.davis@gmail.com,United Kingdom,2020-12-22,Premium,1765.46
6134,Susan Brown,susan.brown2@gmail.com,Canada,2023-08-30,Basic,162.35
6135,Paul Sanchez,paul.sanchez1@gmail.com,United Kingdom,2025-03-20,Standard,89.10
6136,Emily Kim,emily.kim@company.com,Germany,2020-05-08,Basic,183.73
6137,Elizabeth Davis,elizabeth.davis@corp.net,United States,2021-07-23,Basic,193.43
6138,Jennifer Taylor,jennifer.taylor@mail.io,Germany,2021-07-11,Premium,3062.11
6139,Melissa Lee,melissa.lee@gmail.com,United Kingdom,2024-02-16,Standard,567.98
6140,Lisa Lopez,lisa.lopez1@gmail.com,France,2023-06-09,Standard,750.87
6141,Laura Perez,laura.perez@icloud.com,United Kingdom,2023-05-17,Standard,323.37
6142,Thomas Smith,thomas.smith@gmail.com,United States,2021-12-30,Standard,51.72
6143,Emma Mueller,emma.mueller@mail.io,Germany,2022-03-10,Standard,125.94
6144,James Anderson,james.anderson@gmail.com,United Kingdom,2025-03-30,Standard,636.21
6145,Thomas Harris,thomas.harris@gmail.com,United States,2021-05-12,Standard,186.28
6146,Thomas Perez,thomas.perez@company.com,United States,2021-12-11,Basic,188.58
6147,Donald White,donald.white@mail.io,United States,2024-11-14,Basic,45.01
6148,Mia Patel,mia.patel@gmail.com,United Kingdom,2020-06-16,Premium,3415.66
6149,John Moore,john.moore@yahoo.com,India,2024-09-27,Standard,306.45
6150,Elizabeth Wang,elizabeth.wang@icloud.com,Canada,2021-02-02,Basic,14.48
6151,Mary Nguyen,mary.nguyen3@gmail.com,Australia,2023-08-19,Premium,1046.80
6152,Daniel Thompson,daniel.thompson2@outlook.com,United States,2022-11-27,Standard,68.47
6153,Lisa Harris,lisa.harris@gmail.com,United States,2025-03-30,Standard,361.06
6154,Susan Johnson,susan.johnson@corp.net,United Kingdom,2020-04-29,Premium,1292.16
6155,Joshua Lewis,joshua.lewis@yahoo.com,United States,2022-01-14,Premium,2657.00
6156,Joshua Kumar,joshua.kumar@icloud.com,India,2023-10-01,Standard,491.15
6157,Rebecca Harris,rebecca.harris@mail.io,India,2021-05-19,Basic,166.05
6158,Michael Sharma,michael.sharma1@gmail.com,Germany,2021-12-19,Standard,375.67
6159,Lucas Robinson,lucas.robinson1@yahoo.com,United States,2024-08-27,Standard,299.97
6160,Christopher Lewis,christopher.lewis@corp.net,India,2020-05-23,Standard,378.77
6161,Jennifer Lewis,jennifer.lewis@gmail.com,Australia,2024-02-18,Basic,67.21
6162,Jessica Sanchez,jessica.sanchez@outlook.com,United States,2021-12-24,Standard,93.72
6163,Matthew Gonzalez,matthew.gonzalez@gmail.com,United States,2023-07-24,Standard,592.81
6164,Matthew Hernandez,matthew.hernandez@gmail.com,France,2022-03-15,Premium,3504.06
6165,Sofia Taylor,sofia.taylor1@company.com,Canada,2022-01-30,Basic,149.92
6166,Karen Mueller,karen.mueller@outlook.com,Australia,2023-04-07,Standard,705.50
6167,Joshua Patel,joshua.patel@mail.io,Canada,2020-06-17,Standard,579.55
6168,Raj Ramirez,raj.ramirez2@gmail.com,France,2024-06-14,Basic,16.03
6169,Jessica Perez,jessica.perez2@gmail.com,Australia,2020-11-08,Standard,721.64
6170,Thomas Wang,thomas.wang@outlook.com,United States,2020-08-07,Basic,198.23
6171,Nancy Walker,nancy.walker1@gmail.com,United States,2025-04-26,Premium,2269.44
6172,Jennifer Chen,jennifer.chen1@gmail.com,France,2023-12-17,Standard,85.81
6173,Anthony Hernandez,anthony.hernandez@outlook.com,France,2021-03-22,Standard,342.31
6174,James Walker,james.walker2@gmail.com,United States,2021-12-24,Basic,76.37
6175,Linda Garcia,linda.garcia1@icloud.com,Canada,2024-03-01,Standard,87.57
6176,Sofia Thompson,sofia.thompson@hotmail.com,France,2023-06-14,Standard,546.59
6177,Thomas Singh,thomas.singh1@gmail.com,Germany,2021-01-15,Basic,91.56
6178,Daniel Ramirez,daniel.ramirez2@mail.io,Canada,2021-11-30,Standard,163.75
6179,Mary Garcia,mary.garcia1@icloud.com,United Kingdom,2020-08-09,Basic,63.27
6180,Kenneth Ramirez,kenneth.ramirez@gmail.com,United States,2023-12-06,Standard,529.95
6181,Donald Robinson,donald.robinson1@gmail.com,United States,2022-05-30,Standard,297.93
6182,Elizabeth Johnson,elizabeth.johnson1@gmail.com,Canada,2024-11-08,Standard,676.19
6183,Robert Kumar,robert.kumar1@gmail.com,United States,2022-11-05,Standard,780.39
6184,Ashley Kim,ashley.kim@gmail.com,United States,2021-06-12,Basic,40.98
6185,Lisa Clark,lisa.clark1@mail.io,United States,2025-03-02,Basic,124.03
6186,Lucas Davis,lucas.davis@yahoo.com,United States,2020-01-09,Standard,764.61
6187,Stephanie Williams,stephanie.williams@icloud.com,Australia,2025-04-09,Standard,687.06
6188,Emma Robinson,emma.robinson@mail.io,Germany,2023-04-24,Basic,23.60
6189,Lisa White,lisa.white1@mail.io,India,2020-10-20,Standard,185.75
6190,Emma Jackson,emma.jackson1@gmail.com,India,2020-08-04,Premium,2980.71
6191,Anthony Chen,anthony.chen@hotmail.com,Germany,2021-12-09,Standard,609.48
6192,Steven Kumar,steven.kumar@yahoo.com,United States,2020-08-17,Basic,0.05
6193,Patricia Davis,patricia.davis1@mail.io,United States,2024-06-01,Standard,411.00
6194,Donald Hernandez,donald.hernandez@corp.net,United States,2024-04-28,Premium,3325.92
6195,William Williams,william.williams@corp.net,United Kingdom,2023-07-31,Standard,255.68
6196,Andrew Lopez,andrew.lopez1@gmail.com,Canada,2022-01-17,Premium,3884.32
6197,Paul Anderson,paul.anderson@outlook.com,Australia,2022-10-31,Standard,730.21
6198,Sofia Harris,sofia.harris1@company.com,India,2023-06-18,Premium,3400.22
6199,Elizabeth Thomas,elizabeth.thomas2@gmail.com,Germany,2025-02-07,Standard,760.88
6200,Jessica Singh,jessica.singh@outlook.com,France,2024-12-30,Basic,187.23
6201,Paul Kumar,paul.kumar1@hotmail.com,United States,2022-07-09,Basic,4.31
6202,Michael Williams,michael.williams3@gmail.com,Canada,2025-05-12,Standard,428.12
6203,Sofia Rodriguez,sofia.rodriguez@icloud.com,United States,2020-09-01,Premium,3509.91
6204,Anthony Sanchez,anthony.sanchez@outlook.com,United Kingdom,2021-10-30,Standard,657.48
6205,Karen Gonzalez,karen.gonzalez@outlook.com,Australia,2022-11-29,Standard,462.56
6206,Matthew Chen,matthew.chen@mail.io,Germany,2025-05-13,Basic,76.27
6207,Jessica Lopez,jessica.lopez1@icloud.com,United States,2022-10-24,Basic,64.64
6208,Lucas Wang,lucas.wang@gmail.com,United States,2024-10-16,Standard,402.94
6209,Jennifer Davis,jennifer.davis@hotmail.com,United States,2020-04-17,Basic,159.59
6210,Thomas Harris,thomas.harris1@outlook.com,Germany,2024-12-20,Standard,194.72
6211,Lisa Davis,lisa.davis2@gmail.com,Germany,2025-01-08,Standard,432.52
6212,Donald Williams,donald.williams2@gmail.com,United States,2023-10-02,Standard,791.52
6213,Priya Mueller,priya.mueller@outlook.com,United Kingdom,2022-02-13,Standard,600.09
6214,John Taylor,john.taylor@corp.net,United Kingdom,2022-06-26,Basic,147.87
6215,Sharon Taylor,sharon.taylor@gmail.com,United Kingdom,2024-12-31,Standard,768.75
6216,Jennifer Ramirez,jennifer.ramirez1@yahoo.com,United States,2023-05-07,Standard,174.12
6217,Raj Lee,raj.lee1@gmail.com,United Kingdom,2024-06-05,Standard,541.80
6218,Mia Chen,mia.chen@outlook.com,France,2023-11-02,Standard,334.79
6219,Michael Jackson,michael.jackson@yahoo.com,United States,2023-04-17,Basic,126.37
6220,Mark Jackson,mark.jackson@gmail.com,United States,2024-01-14,Premium,893.85
6221,Anthony Jones,anthony.jones3@company.com,United States,2024-09-04,Basic,15.25
6222,Richard Jones,richard.jones2@gmail.com,United States,2021-11-08,Standard,148.09
6223,Sarah Perez,sarah.perez@mail.io,United States,2024-10-25,Standard,186.27
6224,Karen Gonzalez,karen.gonzalez1@icloud.com,Germany,2024-04-15,Basic,142.19
6225,Elizabeth Gonzalez,elizabeth.gonzalez@outlook.com,United States,2022-02-06,Premium,1150.86
6226,Andrew Lopez,andrew.lopez@mail.io,United States,2020-11-10,Premium,3432.13
6227,Ashley Clark,ashley.clark@gmail.com,Germany,2022-03-31,Basic,154.02
6228,Noah Rodriguez,noah.rodriguez@gmail.com,United States,2024-12-12,Basic,159.07
6229,Robert Patel,robert.patel@yahoo.com,India,2021-05-28,Standard,499.90
6230,Ananya Harris,ananya.harris1@icloud.com,Germany,2020-07-21,Standard,790.68
6231,Emily Perez,emily.perez1@gmail.com,Germany,2020-09-04,Standard,520.41
6232,Sarah Kim,sarah.kim@gmail.com,France,2021-02-26,Standard,457.85
6233,Daniel Moore,daniel.moore1@company.com,United States,2023-08-30,Basic,133.01
6234,Ashley Taylor,ashley.taylor2@company.com,United States,2025-01-05,Standard,521.49
6235,Priya Kumar,priya.kumar1@icloud.com,Canada,2022-12-24,Standard,464.19
6236,Noah Lewis,noah.lewis@yahoo.com,United States,2024-10-16,Premium,1113.72
6237,Mary Thomas,mary.thomas2@gmail.com,United States,2023-12-10,Basic,82.44
6238,Noah Robinson,noah.robinson@hotmail.com,Germany,2022-08-23,Standard,615.51
6239,Laura Robinson,laura.robinson@hotmail.com,United States,2022-12-22,Standard,427.82
6240,Susan Kumar,susan.kumar3@gmail.com,United States,2021-12-20,Premium,4855.10
6241,Robert Gonzalez,robert.gonzalez@gmail.com,United Kingdom,2023-08-05,Standard,372.28
6242,Christopher Brown,christopher.brown@gmail.com,United Kingdom,2022-01-14,Premium,4996.31
6243,Joshua Thompson,joshua.thompson@hotmail.com,United Kingdom,2020-01-24,Premium,4466.82
6244,Barbara Mueller,barbara.mueller@gmail.com,Germany,2024-02-01,Standard,603.99
6245,Mary Hernandez,mary.hernandez1@outlook.com,Germany,2024-08-28,Premium,1087.84
6246,Emily Chen,emily.chen1@gmail.com,France,2023-09-12,Standard,526.56
6247,Kenneth Mueller,kenneth.mueller@outlook.com,United States,2020-07-04,Standard,397.34
6248,Amanda Moore,amanda.moore3@gmail.com,Germany,2020-10-30,Standard,662.37
6249,William Ramirez,william.ramirez1@icloud.com,United States,2021-01-10,Standard,744.98
6250,Matthew Rodriguez,matthew.rodriguez2@gmail.com,United States,2022-10-26,Standard,350.50
6251,Susan Clark,susan.clark@company.com,France,2021-01-18,Premium,738.33
6252,Patricia Perez,patricia.perez@icloud.com,France,2023-08-13,Standard,141.99
6253,Amanda Wilson,amanda.wilson1@gmail.com,Germany,2022-04-09,Standard,574.70
6254,Karen Lee,karen.lee@hotmail.com,United Kingdom,2021-07-18,Premium,537.33
6255,Emily Garcia,emily.garcia@hotmail.com,United States,2020-02-11,Standard,366.60
6256,Barbara Martinez,barbara.martinez2@gmail.com,United States,2025-05-03,Standard,86.17
6257,Mia Johnson,mia.johnson@gmail.com,France,2022-01-22,Standard,675.29
6258,Daniel Sanchez,daniel.sanchez1@gmail.com,United States,2020-03-24,Standard,796.56
6259,Emma Thompson,emma.thompson@gmail.com,Germany,2021-02-15,Standard,267.28
6260,Lisa Wilson,lisa.wilson2@gmail.com,Germany,2022-12-16,Basic,87.85
6261,John Walker,john.walker@company.com,United States,2022-08-20,Basic,179.48
6262,Anthony Johnson,anthony.johnson@outlook.com,United Kingdom,2024-06-18,Standard,210.93
6263,Sofia Harris,sofia.harris2@gmail.com,Germany,2023-12-13,Standard,654.51
6264,Paul Lewis,paul.lewis1@gmail.com,Germany,2022-06-08,Standard,224.58
6265,Lisa Perez,lisa.perez1@outlook.com,India,2023-10-08,Basic,122.49
6266,Raj Anderson,raj.anderson1@icloud.com,United States,2024-08-08,Basic,17.39
6267,Lucas Walker,lucas.walker2@gmail.com,United Kingdom,2021-05-10,Standard,666.08
6268,Arjun Gonzalez,arjun.gonzalez@company.com,United Kingdom,2024-09-16,Standard,152.00
6269,Andrew Anderson,andrew.anderson@yahoo.com,United States,2023-09-29,Standard,723.29
6270,Lisa Thomas,lisa.thomas@outlook.com,France,2023-12-28,Standard,280.72
6271,Ashley Miller,ashley.miller2@gmail.com,United States,2020-04-16,Standard,496.90
6272,William Taylor,william.taylor1@hotmail.com,United States,2020-02-06,Standard,374.50
6273,Richard Rodriguez,richard.rodriguez1@outlook.com,Australia,2024-12-19,Standard,633.14
6274,David Miller,david.miller1@hotmail.com,United States,2025-02-21,Basic,96.67
6275,Linda Smith,linda.smith@company.com,United Kingdom,2022-03-16,Basic,128.41
6276,Barbara Gonzalez,barbara.gonzalez1@outlook.com,United States,2022-03-28,Standard,760.56
6277,John Kumar,john.kumar@hotmail.com,United States,2021-10-11,Standard,446.49
6278,Mary Kim,mary.kim@outlook.com,United States,2021-01-30,Standard,241.48
6279,Joseph Smith,joseph.smith1@corp.net,Germany,2020-11-28,Standard,709.13
6280,Anthony Brown,anthony.brown1@corp.net,United Kingdom,2024-10-23,Standard,355.50
6281,Linda Brown,linda.brown@gmail.com,France,2022-11-13,Standard,464.88
6282,Robert Williams,robert.williams2@gmail.com,France,2021-07-12,Standard,372.86
6283,Susan Patel,susan.patel@outlook.com,United States,2025-02-19,Basic,160.44
6284,Sarah Sanchez,sarah.sanchez1@yahoo.com,United Kingdom,2023-11-07,Basic,64.02
6285,Elizabeth Harris,elizabeth.harris@gmail.com,United States,2022-06-09,Standard,287.50
6286,Mary Garcia,mary.garcia@yahoo.com,United Kingdom,2023-05-26,Standard,176.19
6287,Kenneth Robinson,kenneth.robinson@mail.io,United States,2021-09-13,Standard,564.56
6288,Ashley Garcia,ashley.garcia@hotmail.com,United States,2020-11-08,Premium,3487.62
6289,Donald Garcia,donald.garcia@outlook.com,United Kingdom,2020-07-02,Standard,215.50
6290,Lisa Wilson,lisa.wilson@outlook.com,Australia,2025-01-13,Standard,644.23
6291,Joshua Sharma,joshua.sharma1@mail.io,United States,2025-01-21,Standard,679.81
6292,Daniel Williams,daniel.williams@company.com,United States,2021-04-10,Standard,348.93
6293,Stephanie Brown,stephanie.brown@gmail.com,India,2024-03-06,Standard,605.91
6294,Thomas Hernandez,thomas.hernandez3@gmail.com,United Kingdom,2025-02-15,Standard,604.99
6295,Melissa Moore,melissa.moore1@gmail.com,United States,2021-12-10,Standard,97.04
6296,Daniel Perez,daniel.perez@icloud.com,United States,2024-03-17,Basic,136.68
6297,Andrew White,andrew.white3@gmail.com,United Kingdom,2023-06-24,Standard,342.50
6298,Oliver Johnson,oliver.johnson1@gmail.com,United States,2021-11-21,Standard,371.94
6299,Matthew Nguyen,matthew.nguyen@hotmail.com,India,2023-12-22,Basic,163.58
6300,Karen Martinez,karen.martinez@icloud.com,United States,2023-02-26,Standard,531.69
6301,William Wang,william.wang1@gmail.com,France,2021-02-27,Premium,1892.48
6302,Jessica Moore,jessica.moore@gmail.com,United States,2020-03-18,Basic,23.40
6303,Karen Smith,karen.smith@yahoo.com,United States,2021-08-31,Basic,119.98
6304,Joshua Anderson,joshua.anderson1@gmail.com,France,2021-12-03,Standard,219.12
6305,Arjun Lee,arjun.lee1@outlook.com,United States,2021-02-25,Standard,359.59
6306,Paul Thompson,paul.thompson@gmail.com,India,2025-05-26,Basic,14.24
6307,Raj Thompson,raj.thompson@mail.io,Australia,2023-11-30,Standard,652.58
6308,Amanda Kumar,amanda.kumar1@hotmail.com,United States,2022-07-01,Basic,67.74
6309,David Martin,david.martin@corp.net,United States,2021-07-27,Basic,122.40
6310,Emma Singh,,Canada,2021-04-22,Standard,740.58
6311,Sharon Perez,sharon.perez1@yahoo.com,India,2020-11-09,Premium,1552.80
6312,Steven Lewis,steven.lewis1@company.com,France,2020-12-30,Standard,358.35
6313,Laura Chen,laura.chen2@gmail.com,India,2021-06-30,Basic,87.20
6314,Daniel Davis,daniel.davis@gmail.com,United States,2022-04-10,Basic,127.47
6315,Laura Anderson,laura.anderson1@hotmail.com,United Kingdom,2020-10-12,Basic,102.00
6316,Arjun Lewis,arjun.lewis@gmail.com,Australia,2025-05-14,Basic,66.58
6317,Joseph Lopez,joseph.lopez1@gmail.com,India,2020-05-27,Standard,617.95
6318,Arjun Thompson,arjun.thompson1@outlook.com,France,2022-05-23,Standard,778.56
6319,Patricia Smith,patricia.smith1@gmail.com,United States,2020-08-03,Standard,692.32
6320,Jessica Lewis,jessica.lewis@hotmail.com,Australia,2023-06-14,Standard,512.77
6321,Thomas Ramirez,thomas.ramirez1@gmail.com,United States,2024-06-07,Basic,91.92
6322,Barbara Taylor,barbara.taylor@outlook.com,India,2022-11-11,Basic,195.22
6323,Karen Martinez,karen.martinez1@icloud.com,United States,2025-01-13,Basic,14.58
6324,Jessica Lewis,jessica.lewis@outlook.com,France,2024-07-15,Standard,656.41
6325,Emma Jones,emma.jones@corp.net,United States,2024-12-15,Standard,337.22
6326,Andrew Miller,andrew.miller@outlook.com,United States,2024-03-21,Standard,761.48
6327,Michael Miller,michael.miller1@gmail.com,France,2022-12-17,Premium,4734.19
6328,Joseph Ramirez,joseph.ramirez1@gmail.com,United States,2021-05-03,Standard,502.56
6329,Stephanie Brown,stephanie.brown1@gmail.com,United States,2025-05-09,Basic,179.18
6330,Rebecca Smith,rebecca.smith@gmail.com,United States,2020-05-29,Standard,281.23
6331,Noah Martinez,noah.martinez@outlook.com,United States,2022-10-26,Standard,83.89
6332,Raj Garcia,raj.garcia1@gmail.com,United Kingdom,2020-12-07,Premium,2134.20
6333,Christopher Anderson,christopher.anderson@yahoo.com,France,2021-03-06,Basic,16.12
6334,Sharon Smith,sharon.smith2@gmail.com,Australia,2025-01-09,Standard,445.19
6335,Mia Harris,mia.harris@yahoo.com,United States,2022-07-25,Standard,788.64
6336,Karen Mueller,karen.mueller1@gmail.com,United States,2023-06-12,Basic,61.95
6337,Joshua Anderson,joshua.anderson2@gmail.com,United Kingdom,2023-12-23,Basic,54.03
6338,Oliver Martin,oliver.martin2@gmail.com,India,2021-03-30,Premium,2571.58
6339,Robert Ramirez,robert.ramirez@hotmail.com,Australia,2021-05-24,Premium,3187.21
6340,Robert Thomas,robert.thomas1@company.com,France,2023-08-02,Basic,96.68
6341,Stephanie Sanchez,stephanie.sanchez2@gmail.com,United Kingdom,2022-05-10,Standard,387.59
6342,Paul Brown,paul.brown1@gmail.com,United States,2024-08-17,Basic,139.72
6343,Mia Davis,mia.davis@mail.io,Australia,2022-11-16,Standard,458.06
6344,Ananya Taylor,ananya.taylor@gmail.com,United States,2025-03-28,Standard,410.02
6345,James Smith,james.smith@icloud.com,United States,2022-08-19,Standard,428.61
6346,Ananya Robinson,ananya.robinson2@gmail.com,Germany,2020-08-16,Standard,649.65
6347,Lucas Singh,lucas.singh1@gmail.com,United States,2022-10-27,Premium,3417.09
6348,Rebecca Chen,rebecca.chen@gmail.com,United States,2021-03-31,Standard,542.92
6349,Mary Lewis,mary.lewis@icloud.com,Germany,2024-08-02,Basic,34.94
6350,Raj Chen,raj.chen1@mail.io,France,2021-08-24,Standard,230.65
6351,Mark Robinson,mark.robinson@company.com,India,2020-09-02,Basic,35.39
6352,Amanda Smith,amanda.smith@mail.io,United States,2020-12-09,Basic,189.22
6353,Ananya Kim,ananya.kim1@gmail.com,Australia,2024-10-05,Basic,87.87
6354,Ashley Brown,ashley.brown@outlook.com,United States,2024-02-20,Standard,123.34
6355,Michael Kim,michael.kim1@gmail.com,United Kingdom,2025-03-20,Standard,582.50
6356,Nancy Miller,nancy.miller1@mail.io,United States,2023-06-09,Standard,461.29
6357,Stephanie Mueller,stephanie.mueller@corp.net,France,2022-10-07,Basic,177.70
6358,Sharon Lopez,sharon.lopez@gmail.com,India,2024-10-07,Basic,50.82
6359,Steven Smith,steven.smith2@company.com,United States,2022-03-02,Basic,15.58
6360,Susan Patel,susan.patel1@yahoo.com,France,2022-10-27,Standard,222.50
6361,Patricia Kim,patricia.kim1@gmail.com,United States,2023-03-07,Standard,496.80
6362,Mia Robinson,mia.robinson@outlook.com,India,2021-02-22,Basic,2.04
6363,Donald Patel,donald.patel@icloud.com,United States,2023-08-09,Standard,248.33
6364,Noah Robinson,noah.robinson4@gmail.com,Germany,2022-07-27,Premium,1310.73
6365,Kenneth Kumar,kenneth.kumar1@company.com,United Kingdom,2024-06-06,Standard,307.47
6366,Anthony Walker,anthony.walker1@gmail.com,Canada,2022-02-23,Standard,116.94
6367,Mary Kim,mary.kim@gmail.com,United States,2020-07-27,Basic,174.17
6368,Stephanie Martinez,stephanie.martinez@company.com,Germany,2024-06-17,Basic,47.62
6369,Donald Jackson,donald.jackson@mail.io,United States,2024-12-26,Standard,468.70
6370,Nancy Brown,nancy.brown@yahoo.com,France,2021-03-22,Standard,637.87
6371,Donald Garcia,donald.garcia@gmail.com,Germany,2024-02-22,Basic,52.66
6372,Laura Walker,laura.walker@outlook.com,United States,2021-06-12,Standard,463.76
6373,John Perez,john.perez2@gmail.com,France,2020-01-09,Standard,379.61
6374,Susan Robinson,susan.robinson@hotmail.com,United States,2023-11-09,Basic,122.48
6375,John Singh,john.singh1@yahoo.com,Australia,2020-05-20,Standard,503.90
6376,Richard Williams,richard.williams@hotmail.com,United States,2021-04-21,Standard,681.68
6377,Sarah Chen,sarah.chen@gmail.com,France,2020-12-19,Basic,115.84
6378,Karen Jackson,karen.jackson@yahoo.com,India,2021-03-09,Standard,285.88
6379,Stephanie Chen,stephanie.chen@company.com,United States,2020-02-10,Standard,309.98
6380,Joshua Taylor,joshua.taylor@outlook.com,United States,2024-08-24,Standard,247.74
6381,Karen Rodriguez,karen.rodriguez@gmail.com,Germany,2022-11-19,Standard,796.55
6382,Oliver Thomas,oliver.thomas@outlook.com,Germany,2023-03-01,Basic,102.95
6383,Joseph Kumar,joseph.kumar1@gmail.com,United States,2022-08-15,Basic,70.72
6384,Daniel Nguyen,daniel.nguyen2@hotmail.com,Germany,2023-03-29,Basic,1.12
6385,Emma Hernandez,emma.hernandez@corp.net,United States,2023-10-31,Premium,2387.77
6386,Barbara White,barbara.white@company.com,United Kingdom,2022-04-18,Standard,407.90
6387,Karen Singh,karen.singh@icloud.com,Germany,2021-09-15,Standard,62.10
6388,Sarah Martinez,sarah.martinez@hotmail.com,United States,2022-07-31,Premium,2765.32
6389,Ashley Wilson,ashley.wilson@gmail.com,Germany,2024-03-01,Basic,50.53
6390,Jennifer Kumar,jennifer.kumar1@gmail.com,United States,2022-07-14,Basic,89.01
6391,Joshua Jackson,joshua.jackson1@gmail.com,Canada,2021-08-30,Standard,342.08
6392,Elizabeth Martin,elizabeth.martin@hotmail.com,Germany,2023-01-25,Standard,429.36
6393,Jennifer Anderson,jennifer.anderson1@yahoo.com,France,2020-10-26,Standard,599.76
6394,Michael Wang,michael.wang1@outlook.com,United States,2020-06-15,Standard,588.89
6395,Oliver Brown,oliver.brown@company.com,United Kingdom,2020-02-10,Standard,329.52
6396,Christopher Kim,christopher.kim1@yahoo.com,United States,2021-04-20,Standard,556.13
6397,Sarah Nguyen,sarah.nguyen@hotmail.com,Australia,2021-04-17,Basic,96.29
6398,William Anderson,william.anderson1@outlook.com,Germany,2021-05-01,Standard,737.69
6399,Nancy Ramirez,nancy.ramirez@mail.io,Canada,2021-09-20,Standard,284.38
6400,Sofia Hernandez,sofia.hernandez@hotmail.com,United States,2024-05-12,Basic,145.14
6401,Ananya Sharma,ananya.sharma@company.com,Canada,2024-08-05,Basic,74.87
6402,Melissa Lewis,melissa.lewis1@mail.io,United States,2020-03-10,Standard,67.37
6403,Joseph Sanchez,joseph.sanchez1@gmail.com,United States,2020-02-03,Standard,549.60
6404,Susan Hernandez,susan.hernandez1@company.com,United Kingdom,2020-07-01,Standard,83.31
6405,Anthony Lee,anthony.lee1@outlook.com,Australia,2023-05-31,Basic,121.68
6406,William Martinez,william.martinez1@hotmail.com,Germany,2021-06-08,Standard,387.41
6407,Oliver Thompson,oliver.thompson@company.com,United Kingdom,2023-12-02,Basic,30.86
6408,Michael Mueller,michael.mueller1@outlook.com,United States,2021-05-22,Standard,392.84
6409,Rebecca Martin,rebecca.martin1@yahoo.com,France,2021-12-26,Standard,503.92
6410,Richard Anderson,richard.anderson2@gmail.com,United States,2021-06-29,Basic,139.87
6411,Emma Jones,emma.jones@outlook.com,India,2022-11-02,Standard,687.41
6412,Stephanie Walker,stephanie.walker@yahoo.com,Canada,2021-06-23,Basic,150.40
6413,John Sharma,john.sharma1@hotmail.com,Canada,2023-05-02,Premium,2303.39
6414,Steven Williams,steven.williams@company.com,Germany,2022-03-06,Basic,128.54
6415,Daniel Johnson,daniel.johnson1@outlook.com,United States,2025-04-08,Standard,531.13
6416,James Hernandez,james.hernandez@gmail.com,Canada,2021-09-17,Basic,28.56
6417,Ananya Kim,ananya.kim2@gmail.com,United States,2022-11-19,Basic,169.50
6418,Jennifer Anderson,jennifer.anderson2@yahoo.com,United States,2022-02-05,Standard,313.98
6419,James Johnson,james.johnson@outlook.com,United States,2022-03-23,Standard,59.26
6420,Daniel Anderson,daniel.anderson1@gmail.com,United States,2025-05-07,Basic,20.30
6421,Lucas Smith,lucas.smith1@gmail.com,Canada,2021-05-28,Standard,273.25
6422,Andrew Wilson,andrew.wilson1@corp.net,United States,2022-05-05,Premium,839.48
6423,Barbara Wilson,barbara.wilson@gmail.com,Germany,2021-11-04,Basic,91.52
6424,Joshua Davis,joshua.davis@gmail.com,United States,2022-07-14,Standard,756.43
6425,Ashley Johnson,ashley.johnson@outlook.com,France,2023-04-25,Standard,436.74
6426,Jennifer Robinson,jennifer.robinson@icloud.com,Germany,2024-02-08,Basic,94.34
6427,Rebecca Nguyen,rebecca.nguyen@icloud.com,United States,2020-01-03,Standard,612.08
6428,Elizabeth Patel,elizabeth.patel@gmail.com,Canada,2022-03-17,Basic,128.03
6429,Jessica Johnson,jessica.johnson1@hotmail.com,United States,2024-12-30,Premium,1387.78
6430,Ashley Garcia,ashley.garcia@gmail.com,Germany,2021-04-16,Basic,35.12
6431,William Taylor,william.taylor@yahoo.com,Canada,2021-09-11,Standard,55.70
6432,Mia Jackson,mia.jackson@company.com,France,2021-01-11,Standard,281.23
6433,Christopher Wang,christopher.wang@mail.io,Canada,2022-10-22,Basic,184.49
6434,Lisa Wang,lisa.wang1@mail.io,United States,2022-12-20,Standard,91.86
6435,Linda Brown,linda.brown@outlook.com,France,2022-04-08,Standard,492.44
6436,Emma Perez,emma.perez@corp.net,United States,2025-04-14,Standard,571.63
6437,Jessica Garcia,jessica.garcia@hotmail.com,France,2021-02-05,Premium,2076.85
6438,Nancy Sanchez,nancy.sanchez@outlook.com,Canada,2024-06-09,Standard,398.34
6439,Lucas Lopez,lucas.lopez3@gmail.com,United Kingdom,2023-01-27,Standard,610.38
6440,Ananya Patel,ananya.patel1@company.com,United States,2022-12-14,Standard,299.44
6441,Mark Singh,mark.singh@outlook.com,India,2020-07-08,Standard,397.38
6442,Sarah Anderson,sarah.anderson1@outlook.com,United States,2024-03-25,Basic,46.43
6443,Mia Hernandez,mia.hernandez1@mail.io,United States,2020-07-13,Basic,167.71
6444,Patricia Walker,patricia.walker1@gmail.com,United States,2025-01-25,Basic,24.41
6445,Michael Ramirez,michael.ramirez1@gmail.com,Canada,2023-03-28,Standard,689.49
6446,Lucas Chen,lucas.chen2@gmail.com,United States,2024-09-12,Basic,184.05
6447,Andrew White,andrew.white@mail.io,United States,2022-07-12,Standard,58.34
6448,Melissa Anderson,melissa.anderson1@gmail.com,United Kingdom,2025-03-06,Standard,477.97
6449,Lucas Brown,lucas.brown@mail.io,United States,2021-06-06,Standard,479.74
6450,Mia Kim,mia.kim@yahoo.com,Germany,2020-05-29,Standard,54.66
6451,Noah Brown,noah.brown1@yahoo.com,United States,2024-04-08,Standard,538.33
6452,Joseph Mueller,joseph.mueller@hotmail.com,United States,2024-10-18,Standard,745.27
6453,Barbara Davis,barbara.davis@company.com,France,2024-05-01,Standard,777.58
6454,Arjun Thompson,arjun.thompson@corp.net,United States,2021-01-17,Standard,320.35
6455,Christopher Wilson,christopher.wilson@mail.io,United Kingdom,2021-04-01,Standard,528.47
6456,Rebecca Wang,rebecca.wang@yahoo.com,United States,2024-07-03,Standard,415.98
6457,Robert Walker,robert.walker@company.com,France,2022-12-20,Standard,374.77
6458,Emma Kim,emma.kim@icloud.com,United Kingdom,2021-12-01,Standard,300.25
6459,Stephanie Sanchez,stephanie.sanchez3@gmail.com,Canada,2020-01-24,Premium,1288.30
6460,Susan Harris,susan.harris1@outlook.com,France,2021-05-15,Standard,98.81
6461,John Hernandez,john.hernandez1@mail.io,France,2021-07-23,Standard,212.23
6462,Andrew Clark,andrew.clark@outlook.com,United Kingdom,2023-06-21,Standard,629.92
6463,Matthew Miller,matthew.miller1@mail.io,France,2023-05-10,Standard,657.47
6464,Patricia Kim,patricia.kim1@hotmail.com,United States,2023-11-21,Basic,135.28
6465,Robert Sharma,robert.sharma@yahoo.com,France,2020-01-14,Standard,634.47
6466,Barbara Walker,barbara.walker1@gmail.com,France,2024-04-04,Basic,133.31
6467,Laura Martin,laura.martin1@company.com,United States,2021-12-28,Standard,261.19
6468,Paul White,paul.white2@gmail.com,United States,2021-11-07,Premium,1908.16
6469,Paul Mueller,paul.mueller@corp.net,Canada,2020-07-22,Standard,457.78
6470,Christopher Johnson,christopher.johnson1@outlook.com,Germany,2024-10-16,Standard,328.92
6471,Daniel Smith,daniel.smith@hotmail.com,United States,2023-03-13,Standard,760.77
6472,John Jackson,john.jackson@hotmail.com,United States,2025-05-28,Standard,457.36
6473,Laura Lopez,laura.lopez1@outlook.com,India,2024-05-04,Standard,658.55
6474,Noah Perez,noah.perez1@outlook.com,United States,2020-07-03,Standard,681.12
6475,Sarah Sanchez,sarah.sanchez1@gmail.com,Canada,2022-08-05,Standard,781.50
6476,Noah Kumar,noah.kumar2@gmail.com,United Kingdom,2020-11-01,Standard,159.08
6477,Mia Brown,mia.brown2@gmail.com,United States,2025-03-07,Standard,251.64
6478,Sofia Taylor,sofia.taylor2@yahoo.com,Germany,2021-12-11,Premium,4695.87
6479,Kenneth Martin,kenneth.martin@gmail.com,Germany,2022-08-26,Basic,165.81
6480,Jennifer Robinson,jennifer.robinson@outlook.com,Canada,2022-03-05,Standard,203.12
6481,Robert Davis,robert.davis1@outlook.com,United States,2024-12-19,Standard,61.96
6482,Oliver Johnson,oliver.johnson2@gmail.com,United States,2021-04-06,Premium,4174.72
6483,Matthew Nguyen,matthew.nguyen@outlook.com,United States,2021-12-14,Standard,562.25
6484,Susan Clark,susan.clark2@outlook.com,Australia,2020-01-06,Basic,54.33
6485,Arjun Lewis,arjun.lewis1@company.com,Germany,2021-09-04,Basic,136.16
6486,Ananya Taylor,ananya.taylor@outlook.com,Germany,2024-08-08,Standard,682.09
6487,Andrew Smith,andrew.smith@mail.io,Germany,2021-09-23,Basic,116.33
6488,Raj Hernandez,raj.hernandez@mail.io,United Kingdom,2021-04-17,Standard,128.86
6489,Lisa Perez,lisa.perez1@gmail.com,India,2020-01-12,Premium,2941.14
6490,Mia Perez,mia.perez@hotmail.com,India,2020-10-19,Standard,481.60
6491,John Chen,john.chen@mail.io,Canada,2022-09-23,Basic,134.04
6492,Stephanie Wang,stephanie.wang@outlook.com,Canada,2025-02-26,Standard,697.62
6493,Lisa Gonzalez,lisa.gonzalez1@gmail.com,United States,2024-01-09,Premium,1901.65
6494,Mark Jones,mark.jones@hotmail.com,Canada,2024-01-17,Basic,92.06
6495,Sofia Johnson,sofia.johnson1@company.com,France,2024-06-16,Basic,108.71
6496,Steven Kumar,steven.kumar1@yahoo.com,United States,2021-07-21,Basic,5.71
6497,David Patel,david.patel2@gmail.com,United States,2021-04-06,Premium,2646.56
6498,Donald Taylor,donald.taylor3@gmail.com,Germany,2021-09-20,Standard,642.20
6499,Daniel Smith,daniel.smith@icloud.com,India,2024-09-20,Basic,85.55
6500,Barbara Jones,barbara.jones1@yahoo.com,United States,2021-10-04,Basic,47.93
6501,Joseph Rodriguez,joseph.rodriguez@company.com,United States,2023-11-30,Standard,322.50
6502,Mia Mueller,mia.mueller@company.com,Australia,2021-08-28,Premium,1683.54
6503,Joseph Martin,joseph.martin3@gmail.com,Germany,2025-01-17,Standard,57.95
6504,Oliver Davis,oliver.davis@gmail.com,United States,2022-07-17,Standard,164.21
6505,William Harris,william.harris@mail.io,France,2023-03-13,Basic,5.23
6506,Melissa Jones,melissa.jones@outlook.com,United Kingdom,2025-03-19,Premium,3485.82
6507,Emily Lee,emily.lee@icloud.com,United Kingdom,2022-08-02,Premium,1454.26
6508,Thomas Gonzalez,thomas.gonzalez@mail.io,France,2022-08-20,Basic,4.90
6509,Barbara Lewis,barbara.lewis@outlook.com,United Kingdom,2022-11-15,Basic,2.71
6510,Emily Moore,emily.moore1@hotmail.com,United States,2025-01-12,Basic,106.09
6511,Barbara Martin,barbara.martin@yahoo.com,United States,2022-01-23,Standard,196.33
6512,Anthony Kim,anthony.kim1@yahoo.com,France,2025-01-29,Standard,623.34
6513,James Garcia,james.garcia@mail.io,United States,2023-12-04,Standard,80.28
6514,Ashley Jackson,ashley.jackson@gmail.com,United Kingdom,2023-06-04,Premium,3368.21
6515,James Moore,james.moore1@icloud.com,France,2021-09-17,Standard,473.82
6516,Joseph Martinez,joseph.martinez@corp.net,United States,2020-11-05,Premium,2799.21
6517,John Gonzalez,john.gonzalez@icloud.com,France,2024-06-14,Basic,28.57
6518,Steven Robinson,steven.robinson@hotmail.com,United Kingdom,2024-11-20,Standard,425.49
6519,Michael Rodriguez,michael.rodriguez@company.com,Germany,2024-05-03,Basic,71.12
6520,Joseph Sharma,joseph.sharma2@gmail.com,United States,2023-08-09,Standard,433.69
6521,Donald Clark,donald.clark1@gmail.com,France,2021-02-16,Standard,797.52
6522,Kenneth Martinez,kenneth.martinez@hotmail.com,United States,2021-06-26,Standard,575.54
6523,Ananya Taylor,ananya.taylor1@outlook.com,Australia,2022-02-08,Standard,409.61
6524,Joshua Ramirez,joshua.ramirez@gmail.com,United States,2023-05-23,Premium,1370.49
6525,Joshua Thomas,joshua.thomas@company.com,Germany,2022-11-29,Basic,185.33
6526,John White,john.white@hotmail.com,United States,2024-03-19,Basic,125.87
6527,Melissa Thompson,melissa.thompson1@mail.io,Canada,2020-02-22,Standard,112.08
6528,Donald Perez,donald.perez@company.com,France,2022-10-06,Standard,279.84
6529,Amanda Chen,amanda.chen3@outlook.com,Australia,2021-09-09,Standard,576.72
6530,Amanda Mueller,amanda.mueller1@hotmail.com,Germany,2022-10-27,Premium,1104.42
6531,Paul Perez,paul.perez@outlook.com,India,2021-01-12,Standard,289.08
6532,Mary Perez,mary.perez@gmail.com,Canada,2020-12-10,Basic,88.44
6533,Donald Perez,donald.perez@gmail.com,France,2024-07-10,Basic,140.73
6534,Michael Hernandez,michael.hernandez@hotmail.com,United States,2021-05-30,Standard,389.52
6535,Donald Smith,donald.smith1@company.com,Australia,2024-12-01,Standard,189.40
6536,Stephanie Ramirez,stephanie.ramirez@mail.io,United States,2022-11-27,Basic,109.16
6537,Karen Ramirez,karen.ramirez@mail.io,United Kingdom,2024-03-08,Premium,1682.58
6538,Patricia White,patricia.white@company.com,United Kingdom,2023-02-21,Standard,111.85
6539,Joseph Mueller,joseph.mueller1@hotmail.com,United States,2020-09-06,Premium,3812.07
6540,Elizabeth Garcia,elizabeth.garcia@outlook.com,United States,2025-02-20,Basic,131.25
6541,Ananya Garcia,ananya.garcia@yahoo.com,United States,2024-09-16,Standard,280.86
6542,Patricia Taylor,patricia.taylor1@gmail.com,United Kingdom,2020-04-03,Basic,51.25
6543,Joseph Lewis,joseph.lewis@icloud.com,Germany,2021-09-08,Standard,535.55
6544,Michael Martin,michael.martin@gmail.com,United States,2022-06-04,Basic,90.87
6545,Melissa Thompson,melissa.thompson@outlook.com,United States,2024-11-04,Standard,752.32
6546,Emma Brown,emma.brown@hotmail.com,France,2024-04-29,Standard,467.77
6547,John Miller,john.miller@mail.io,India,2023-02-24,Basic,73.68
6548,Rebecca Hernandez,rebecca.hernandez@hotmail.com,United States,2021-11-01,Standard,429.07
6549,Elizabeth Perez,elizabeth.perez1@gmail.com,United States,2020-09-06,Standard,380.09
6550,Matthew Harris,matthew.harris2@mail.io,India,2023-05-19,Standard,291.23
6551,Robert Jackson,robert.jackson@mail.io,Germany,2020-11-28,Basic,30.52
6552,William Lee,william.lee@gmail.com,United Kingdom,2021-01-19,Standard,129.25
6553,Nancy Miller,nancy.miller@gmail.com,France,2022-04-21,Premium,3310.37
6554,Sarah Jones,sarah.jones@hotmail.com,Germany,2023-02-06,Standard,208.47
6555,Karen Jones,karen.jones2@gmail.com,United Kingdom,2022-08-31,Standard,443.57
6556,Matthew Johnson,matthew.johnson@gmail.com,France,2022-02-08,Premium,687.23
6557,Michael Thompson,michael.thompson1@yahoo.com,Germany,2024-06-24,Basic,62.61
6558,Melissa Gonzalez,melissa.gonzalez@hotmail.com,United States,2025-03-10,Standard,678.16
6559,Mary Singh,mary.singh1@gmail.com,Canada,2021-07-08,Standard,542.29
6560,Thomas Moore,thomas.moore@gmail.com,France,2022-02-09,Standard,221.76
6561,Raj Sharma,raj.sharma@corp.net,United States,2020-03-03,Standard,104.55
6562,Nancy Rodriguez,nancy.rodriguez1@gmail.com,United Kingdom,2023-12-07,Standard,312.07
6563,Arjun Thompson,arjun.thompson@gmail.com,United States,2022-12-21,Premium,2980.29
6564,Melissa Moore,melissa.moore@hotmail.com,Australia,2020-02-16,Standard,598.28
6565,Priya Sanchez,priya.sanchez2@gmail.com,United States,2023-05-21,Standard,297.26
6566,Ananya Nguyen,ananya.nguyen2@gmail.com,United States,2023-10-25,Basic,184.86
6567,Barbara White,barbara.white@mail.io,France,2021-02-17,Basic,45.88
6568,Andrew Jackson,andrew.jackson2@gmail.com,Australia,2021-02-21,Standard,303.64
6569,Joshua Thompson,joshua.thompson@company.com,Germany,2025-05-07,Premium,1072.81
6570,Elizabeth Garcia,elizabeth.garcia@icloud.com,United States,2025-01-31,Basic,61.35
6571,Melissa Wilson,melissa.wilson1@icloud.com,India,2025-04-13,Standard,352.92
6572,Ashley Taylor,ashley.taylor@icloud.com,United States,2024-06-04,Premium,4015.29
6573,Jessica Lewis,jessica.lewis1@hotmail.com,India,2025-02-26,Standard,396.34
6574,Stephanie Garcia,stephanie.garcia@company.com,Canada,2021-09-01,Standard,616.89
6575,Stephanie Wilson,stephanie.wilson1@outlook.com,United Kingdom,2020-06-18,Premium,2544.29
6576,Elizabeth Smith,elizabeth.smith1@outlook.com,Germany,2024-03-07,Standard,661.93
6577,Patricia Smith,patricia.smith2@gmail.com,Germany,2023-08-27,Standard,135.97
6578,Steven Sharma,steven.sharma1@icloud.com,France,2023-11-16,Standard,75.51
6579,Linda Brown,linda.brown1@gmail.com,United States,2024-10-20,Standard,346.75
6580,Laura Moore,laura.moore@hotmail.com,India,2020-09-30,Basic,14.11
6581,Donald Williams,donald.williams@icloud.com,Canada,2023-04-17,Basic,9.84
6582,Susan Harris,susan.harris@mail.io,United States,2024-07-04,Standard,549.46
6583,Paul Gonzalez,paul.gonzalez1@outlook.com,United States,2023-07-24,Standard,105.87
6584,Nancy White,nancy.white1@company.com,United States,2021-01-28,Standard,664.57
6585,Sarah Moore,sarah.moore2@corp.net,United States,2025-03-25,Basic,65.96
6586,Melissa Jones,melissa.jones1@outlook.com,India,2021-05-02,Standard,342.06
6587,Linda White,linda.white@outlook.com,United Kingdom,2021-11-12,Basic,25.08
6588,Donald Kim,donald.kim@yahoo.com,United States,2021-06-06,Standard,267.24
6589,Oliver Martinez,oliver.martinez2@gmail.com,United States,2024-01-16,Standard,647.71
6590,Mia Anderson,mia.anderson@mail.io,United States,2022-04-06,Premium,1287.69
6591,Jessica Kumar,jessica.kumar@yahoo.com,Germany,2020-01-01,Standard,381.18
6592,Stephanie Harris,stephanie.harris1@gmail.com,United States,2023-03-14,Standard,188.50
6593,Kenneth Mueller,kenneth.mueller2@gmail.com,United States,2021-01-28,Standard,315.75
6594,Sofia Wilson,sofia.wilson@mail.io,Australia,2022-10-28,Standard,55.39
6595,Mark Jones,mark.jones@company.com,Germany,2024-10-14,Standard,703.10
6596,Stephanie Thompson,stephanie.thompson@gmail.com,United States,2023-04-25,Standard,793.99
6597,Priya Chen,priya.chen1@yahoo.com,United States,2020-12-11,Premium,4913.12
6598,Anthony Thompson,anthony.thompson@yahoo.com,United States,2023-05-14,Standard,633.97
6599,David Lopez,david.lopez@corp.net,United Kingdom,2021-11-23,Standard,55.93
6600,Stephanie Lee,stephanie.lee@hotmail.com,Germany,2023-03-23,Standard,782.44
6601,Michael Moore,michael.moore@company.com,United Kingdom,2021-04-29,Standard,153.99
6602,Linda Patel,linda.patel@gmail.com,Australia,2023-06-15,Standard,677.78
6603,Amanda Garcia,amanda.garcia@company.com,Australia,2022-06-30,Standard,662.52
6604,Mark Kumar,mark.kumar@company.com,United Kingdom,2025-05-09,Standard,488.24
6605,Rebecca Robinson,rebecca.robinson@gmail.com,India,2020-11-15,Basic,5.65
6606,Richard Patel,richard.patel@corp.net,United States,2024-08-22,Premium,2390.29
6607,Daniel Taylor,daniel.taylor@icloud.com,United States,2021-10-27,Basic,160.13
6608,Sharon Patel,sharon.patel2@icloud.com,United States,2023-05-06,Premium,4846.83
6609,Christopher Wilson,christopher.wilson2@yahoo.com,Canada,2024-03-20,Basic,163.61
6610,James Moore,james.moore@mail.io,United States,2023-01-18,Standard,364.38
6611,Lisa Wang,lisa.wang1@outlook.com,United States,2021-08-17,Basic,160.38
6612,Emily Lewis,emily.lewis@company.com,Australia,2023-01-02,Standard,601.24
6613,Lisa Gonzalez,lisa.gonzalez@icloud.com,United States,2021-07-16,Basic,83.38
6614,Paul Lewis,paul.lewis2@gmail.com,United Kingdom,2023-12-25,Standard,75.81
6615,Lisa Thomas,lisa.thomas@mail.io,France,2024-01-25,Basic,161.11
6616,Sarah Lewis,sarah.lewis1@icloud.com,United States,2023-02-20,Standard,585.47
6617,Sharon Robinson,sharon.robinson@corp.net,United States,2021-07-09,Standard,619.41
6618,Patricia Rodriguez,patricia.rodriguez2@gmail.com,Germany,2021-03-01,Standard,507.89
6619,Mary Taylor,mary.taylor2@gmail.com,United States,2022-07-13,Basic,109.32
6620,Oliver Miller,oliver.miller@gmail.com,United States,2024-10-24,Standard,226.48
6621,Oliver Harris,oliver.harris@gmail.com,Germany,2023-05-13,Standard,215.94
6622,Andrew Sharma,andrew.sharma1@gmail.com,India,2023-07-28,Standard,459.67
6623,Kenneth Sharma,kenneth.sharma@mail.io,United States,2020-02-28,Basic,137.71
6624,Ashley Clark,ashley.clark2@hotmail.com,France,2024-02-04,Standard,766.73
6625,Thomas Hernandez,thomas.hernandez@mail.io,United Kingdom,2025-02-05,Standard,782.83
6626,Anthony Chen,anthony.chen@gmail.com,India,2023-11-30,Basic,26.73
6627,Thomas Harris,thomas.harris1@yahoo.com,United States,2021-04-02,Premium,3245.57
6628,Sofia Robinson,sofia.robinson@yahoo.com,United States,2022-05-27,Standard,580.28
6629,David Kim,david.kim@outlook.com,Canada,2024-02-27,Standard,535.56
6630,Elizabeth Smith,elizabeth.smith@icloud.com,India,2023-11-09,Standard,512.50
6631,Ashley Lopez,ashley.lopez2@gmail.com,United States,2023-06-26,Basic,96.61
6632,Joshua Kumar,joshua.kumar@outlook.com,United States,2024-02-27,Basic,89.31
6633,Jennifer Davis,jennifer.davis1@outlook.com,United States,2023-04-18,Standard,522.43
6634,Paul Robinson,paul.robinson2@gmail.com,United States,2021-05-01,Standard,141.51
6635,Christopher Patel,christopher.patel1@outlook.com,India,2021-03-01,Standard,315.21
6636,Thomas Davis,thomas.davis@gmail.com,United Kingdom,2020-05-22,Standard,737.79
6637,Sofia Kumar,sofia.kumar@gmail.com,United States,2024-12-08,Standard,506.52
6638,Nancy Hernandez,nancy.hernandez@company.com,Canada,2025-02-28,Standard,742.03
6639,Oliver Rodriguez,oliver.rodriguez@corp.net,United States,2023-07-16,Standard,503.77
6640,Steven Davis,steven.davis@gmail.com,United States,2020-10-01,Standard,81.67
6641,Stephanie Hernandez,stephanie.hernandez@outlook.com,United Kingdom,2023-02-11,Basic,190.15
6642,James Thompson,james.thompson2@mail.io,India,2024-07-10,Standard,495.34
6643,Stephanie Gonzalez,stephanie.gonzalez1@outlook.com,France,2021-06-15,Standard,493.09
6644,Sarah Taylor,sarah.taylor@yahoo.com,United Kingdom,2025-04-29,Basic,9.51
6645,Ananya Martinez,ananya.martinez1@outlook.com,India,2024-08-03,Standard,143.62
6646,Elizabeth Clark,elizabeth.clark@mail.io,United Kingdom,2023-04-28,Standard,130.75
6647,Arjun Mueller,arjun.mueller@outlook.com,Australia,2023-02-08,Standard,554.76
6648,Christopher Perez,christopher.perez@icloud.com,France,2022-09-29,Standard,508.78
6649,Jessica Hernandez,jessica.hernandez@yahoo.com,Germany,2021-03-07,Basic,55.05
6650,Amanda Gonzalez,amanda.gonzalez3@gmail.com,Germany,2024-03-07,Standard,218.55
6651,Nancy Thompson,nancy.thompson@outlook.com,India,2023-02-11,Standard,344.92
6652,Anthony Ramirez,anthony.ramirez@outlook.com,United States,2024-10-02,Basic,151.00
6653,Priya White,priya.white1@hotmail.com,United States,2023-09-17,Standard,629.12
6654,Steven Taylor,steven.taylor@icloud.com,United Kingdom,2023-04-22,Standard,375.93
6655,Matthew Wilson,matthew.wilson@outlook.com,United Kingdom,2025-02-08,Standard,343.73
6656,Joseph Robinson,joseph.robinson1@icloud.com,United Kingdom,2020-07-07,Basic,179.79
6657,Michael Martin,michael.martin1@gmail.com,United Kingdom,2021-05-30,Premium,1522.97
6658,Lucas Wang,lucas.wang@company.com,France,2024-04-12,Standard,121.58
6659,Richard Hernandez,richard.hernandez2@gmail.com,United States,2024-03-03,Premium,1220.72
6660,Kenneth Moore,kenneth.moore1@gmail.com,Germany,2022-03-03,Basic,75.81
6661,Joseph Lee,joseph.lee1@mail.io,United States,2022-03-21,Basic,77.94
6662,Priya Singh,priya.singh@company.com,Germany,2025-05-14,Basic,40.51
6663,Emma Wang,emma.wang2@mail.io,Australia,2024-12-27,Standard,172.48
6664,Mary Chen,mary.chen@company.com,France,2023-06-06,Basic,198.92
6665,Michael Kumar,michael.kumar@hotmail.com,France,2023-04-30,Standard,489.47
6666,Richard Brown,richard.brown@company.com,United States,2022-03-11,Premium,1417.79
6667,Andrew Singh,andrew.singh@outlook.com,Germany,2021-09-01,Standard,95.12
6668,Nancy Gonzalez,nancy.gonzalez1@hotmail.com,Germany,2020-12-18,Basic,15.06
6669,Barbara Gonzalez,barbara.gonzalez@gmail.com,United States,2022-05-31,Standard,258.73
6670,Matthew Gonzalez,matthew.gonzalez1@gmail.com,Germany,2022-06-20,Standard,140.41
6671,Donald Jackson,donald.jackson1@mail.io,United States,2023-11-02,Basic,35.31
6672,David Anderson,david.anderson@mail.io,Canada,2021-03-22,Basic,98.79
6673,Raj Williams,raj.williams1@gmail.com,United States,2020-01-13,Basic,196.63
6674,Barbara Singh,barbara.singh1@company.com,United States,2020-03-10,Standard,749.48
6675,John Davis,john.davis@icloud.com,France,2024-04-30,Basic,33.39
6676,Jessica Nguyen,jessica.nguyen1@gmail.com,France,2021-02-15,Standard,357.99
6677,Michael Martinez,michael.martinez@icloud.com,Canada,2024-10-11,Basic,58.94
6678,James Lee,james.lee@outlook.com,United States,2024-10-18,Standard,347.07
6679,Priya Jones,priya.jones@gmail.com,United States,2023-05-01,Standard,711.29
6680,Anthony Singh,anthony.singh@company.com,United Kingdom,2024-02-11,Basic,178.81
6681,Nancy Davis,nancy.davis1@gmail.com,India,2025-05-05,Standard,334.39
6682,Stephanie Chen,stephanie.chen@gmail.com,United States,2024-10-03,Basic,148.54
6683,Andrew Mueller,andrew.mueller@yahoo.com,Australia,2023-07-17,Standard,424.21
6684,Jessica Gonzalez,jessica.gonzalez@hotmail.com,United States,2025-01-05,Premium,2787.65
6685,Joshua Davis,joshua.davis1@gmail.com,India,2025-03-14,Standard,798.90
6686,Arjun Brown,arjun.brown@mail.io,United Kingdom,2023-06-16,Standard,778.16
6687,Emma Smith,emma.smith4@gmail.com,United Kingdom,2025-04-12,Basic,144.12
6688,Michael Clark,michael.clark@gmail.com,United Kingdom,2021-09-11,Standard,721.35
6689,Ashley Davis,ashley.davis1@gmail.com,Germany,2020-10-01,Premium,3212.55
6690,John Miller,john.miller1@mail.io,United Kingdom,2020-11-13,Standard,776.45
6691,Karen Rodriguez,karen.rodriguez@yahoo.com,United States,2021-10-29,Standard,394.27
6692,Richard Hernandez,richard.hernandez@outlook.com,Germany,2024-12-17,Premium,1178.52
6693,Richard Mueller,richard.mueller@yahoo.com,France,2022-04-02,Standard,557.33
6694,Sharon Wang,sharon.wang@yahoo.com,United States,2021-08-25,Premium,1123.77
6695,Sofia Lopez,sofia.lopez3@gmail.com,Germany,2023-06-29,Standard,523.11
6696,Emma Sanchez,emma.sanchez2@company.com,Canada,2022-10-06,Standard,461.54
6697,Robert Robinson,robert.robinson@corp.net,United States,2022-06-10,Premium,4145.71
6698,Daniel Kim,daniel.kim1@gmail.com,France,2021-09-14,Basic,176.24
6699,Ananya Mueller,ananya.mueller@gmail.com,United States,2020-10-04,Basic,143.73
6700,Susan Smith,susan.smith2@gmail.com,United States,2023-08-04,Standard,416.35
6701,William Nguyen,william.nguyen@gmail.com,United States,2020-01-03,Standard,727.44
6702,Noah Wilson,noah.wilson@icloud.com,United States,2022-06-14,Premium,1119.21
6703,Robert Clark,robert.clark@yahoo.com,India,2020-06-10,Standard,572.81
6704,Kenneth Gonzalez,kenneth.gonzalez@hotmail.com,United States,2021-06-03,Standard,593.12
6705,Andrew Thomas,andrew.thomas2@gmail.com,Australia,2025-04-01,Standard,652.16
6706,Mark Williams,mark.williams2@gmail.com,United States,2023-01-03,Basic,117.71
6707,Steven Nguyen,steven.nguyen2@icloud.com,United Kingdom,2021-04-30,Standard,510.91
6708,John White,john.white@yahoo.com,Canada,2020-12-16,Basic,49.75
6709,Mary Jones,mary.jones@company.com,Canada,2024-03-25,Standard,784.24
6710,Ananya Gonzalez,ananya.gonzalez1@mail.io,United Kingdom,2021-12-10,Premium,1116.12
6711,Joshua Gonzalez,joshua.gonzalez@gmail.com,France,2025-03-04,Standard,475.46
6712,Anthony Sanchez,anthony.sanchez1@outlook.com,France,2023-11-13,Premium,748.54
6713,Matthew Wilson,matthew.wilson@company.com,United States,2021-07-20,Premium,2096.32
6714,Emily Kumar,emily.kumar@corp.net,United States,2023-10-29,Standard,739.60
6715,Jessica Anderson,jessica.anderson1@hotmail.com,United States,2023-08-30,Standard,596.75
6716,Barbara Anderson,barbara.anderson@corp.net,United States,2020-06-07,Standard,491.02
6717,Steven Brown,steven.brown1@gmail.com,France,2021-05-18,Basic,25.60
6718,Mary Hernandez,mary.hernandez@mail.io,United States,2022-11-22,Standard,598.80
6719,Emily Martinez,emily.martinez@yahoo.com,France,2024-10-31,Basic,136.67
6720,Steven Perez,steven.perez@gmail.com,Canada,2022-11-11,Standard,447.94
6721,Matthew Nguyen,matthew.nguyen1@company.com,France,2022-08-23,Standard,287.88
6722,Paul Taylor,paul.taylor@corp.net,United States,2021-12-04,Premium,2901.38
6723,Matthew Perez,matthew.perez3@gmail.com,Australia,2023-08-19,Standard,762.52
6724,Susan Patel,susan.patel1@gmail.com,Australia,2020-02-09,Basic,102.60
6725,Daniel Ramirez,daniel.ramirez1@gmail.com,Germany,2021-03-25,Basic,1.90
6726,Raj Johnson,raj.johnson2@gmail.com,United Kingdom,2023-08-28,Basic,41.17
6727,Barbara Martin,barbara.martin2@company.com,United Kingdom,2020-03-27,Standard,775.65
6728,James Singh,james.singh1@gmail.com,India,2023-02-21,Standard,305.25
6729,Patricia Walker,patricia.walker@mail.io,India,2024-03-07,Standard,69.43
6730,Christopher Singh,christopher.singh@gmail.com,United States,2023-04-21,Standard,559.53
6731,Raj Perez,raj.perez@mail.io,United States,2023-06-13,Standard,136.63
6732,Joshua Ramirez,joshua.ramirez1@yahoo.com,United Kingdom,2025-03-03,Basic,92.69
6733,Steven Singh,steven.singh3@gmail.com,India,2020-12-06,Standard,725.77
6734,Raj Lee,raj.lee@hotmail.com,France,2025-02-19,Standard,149.92
6735,Kenneth Nguyen,kenneth.nguyen1@gmail.com,United States,2024-08-07,Standard,101.15
6736,Ananya Williams,ananya.williams1@gmail.com,India,2022-05-06,Basic,166.93
6737,Robert Miller,robert.miller@company.com,Canada,2021-10-10,Standard,121.44
6738,John Jackson,john.jackson@gmail.com,United States,2024-05-06,Premium,3880.72
6739,William Taylor,william.taylor@mail.io,United States,2020-03-24,Premium,651.61
6740,Donald Kumar,donald.kumar1@gmail.com,India,2023-03-30,Standard,243.32
6741,Noah Smith,noah.smith@gmail.com,United States,2020-04-02,Basic,37.50
6742,Emma Kim,emma.kim1@gmail.com,United States,2020-04-22,Standard,153.35
6743,Lisa Davis,lisa.davis@company.com,India,2020-11-02,Basic,126.01
6744,Rebecca Gonzalez,rebecca.gonzalez@company.com,United States,2024-11-13,Basic,161.70
6745,David Perez,david.perez@hotmail.com,United States,2021-05-23,Standard,458.06
6746,Andrew Martinez,andrew.martinez1@mail.io,Australia,2022-06-29,Premium,4550.76
6747,Christopher Ramirez,christopher.ramirez2@gmail.com,United States,2023-04-28,Premium,1265.27
6748,David Rodriguez,david.rodriguez@outlook.com,United Kingdom,2022-11-16,Premium,3130.19
6749,Joseph Chen,joseph.chen2@outlook.com,United States,2021-11-06,Standard,496.76
6750,Daniel White,daniel.white@outlook.com,United States,2024-09-24,Standard,398.90
6751,Noah Johnson,noah.johnson@hotmail.com,Germany,2021-03-07,Standard,447.62
6752,Rebecca Rodriguez,rebecca.rodriguez@hotmail.com,United Kingdom,2020-01-22,Standard,113.52
6753,Emily Mueller,emily.mueller@mail.io,United States,2021-11-13,Basic,194.87
6754,John Martinez,john.martinez@gmail.com,United States,2021-07-09,Standard,474.61
6755,Richard Perez,richard.perez1@outlook.com,Germany,2022-04-21,Basic,56.52
6756,Sarah Wilson,sarah.wilson1@mail.io,Australia,2021-07-22,Standard,281.15
6757,Robert Thompson,robert.thompson3@mail.io,France,2020-06-19,Standard,578.85
6758,Rebecca Martin,rebecca.martin@hotmail.com,India,2023-06-26,Standard,436.18
6759,Noah Kumar,noah.kumar@hotmail.com,United States,2025-05-28,Premium,3121.25
6760,David Thomas,david.thomas@gmail.com,Australia,2023-10-31,Standard,481.61
6761,Arjun Harris,arjun.harris2@gmail.com,India,2025-03-02,Premium,1264.41
6762,Sofia Davis,sofia.davis@corp.net,Germany,2021-07-05,Standard,590.91
6763,John Williams,john.williams1@mail.io,United States,2022-02-16,Standard,182.42
6764,Sarah Smith,sarah.smith1@gmail.com,Australia,2020-01-01,Basic,69.82
6765,Ananya Perez,ananya.perez@corp.net,United States,2024-07-20,Standard,681.82
6766,Emily Johnson,emily.johnson1@mail.io,United States,2024-10-22,Premium,4636.67
6767,Emma Ramirez,emma.ramirez@corp.net,India,2020-05-06,Standard,501.96
6768,Nancy Johnson,nancy.johnson@corp.net,Canada,2023-02-16,Standard,528.74
6769,David Lopez,david.lopez1@gmail.com,India,2023-02-16,Standard,600.84
6770,Sharon Wilson,sharon.wilson@hotmail.com,United States,2024-09-05,Basic,198.00
6771,Susan Brown,susan.brown3@gmail.com,United States,2020-10-17,Basic,166.47
6772,Rebecca Gonzalez,rebecca.gonzalez@icloud.com,United Kingdom,2020-04-29,Standard,645.76
6773,Lucas Jones,lucas.jones1@gmail.com,France,2022-07-24,Premium,2219.42
6774,John Singh,john.singh@outlook.com,United States,2021-01-02,Basic,17.25
6775,Ananya Wilson,ananya.wilson@hotmail.com,United Kingdom,2021-10-22,Basic,29.24
6776,Lucas Taylor,lucas.taylor@outlook.com,United Kingdom,2022-05-07,Basic,57.41
6777,Jennifer Anderson,jennifer.anderson2@gmail.com,Germany,2023-01-28,Standard,501.28
6778,Karen Kumar,karen.kumar@outlook.com,United States,2021-11-17,Standard,591.60
6779,Matthew Williams,matthew.williams2@gmail.com,United States,2022-02-24,Standard,145.01
6780,Amanda Moore,amanda.moore4@gmail.com,United Kingdom,2025-03-09,Standard,386.70
6781,Lucas Wilson,lucas.wilson1@gmail.com,United States,2020-09-04,Basic,7.29
6782,David Harris,david.harris@gmail.com,Germany,2020-05-08,Standard,781.20
6783,Mary Sanchez,mary.sanchez@icloud.com,United States,2022-03-15,Basic,8.43
6784,Joseph Ramirez,joseph.ramirez@outlook.com,United Kingdom,2023-12-03,Basic,107.72
6785,Thomas Martinez,thomas.martinez@mail.io,United States,2024-10-14,Standard,752.55
6786,Donald Wang,donald.wang2@gmail.com,Canada,2020-03-13,Basic,196.77
6787,Susan Johnson,susan.johnson1@outlook.com,United States,2022-11-19,Basic,105.61
6788,Mia Wang,mia.wang@gmail.com,United Kingdom,2021-11-01,Standard,401.52
6789,Stephanie Thomas,stephanie.thomas@outlook.com,Canada,2023-05-24,Standard,647.20
6790,Emma White,emma.white@corp.net,United States,2022-03-08,Standard,379.83
6791,Matthew Hernandez,matthew.hernandez1@gmail.com,United States,2021-02-22,Standard,597.95
6792,Ashley Taylor,ashley.taylor@hotmail.com,Australia,2020-11-06,Standard,576.13
6793,Ashley Davis,ashley.davis2@gmail.com,Germany,2022-03-10,Standard,790.17
6794,Jennifer Sharma,jennifer.sharma2@gmail.com,United States,2024-03-13,Standard,449.59
6795,Paul Jones,paul.jones1@outlook.com,France,2020-10-02,Premium,3156.26
6796,Jessica Martin,jessica.martin2@gmail.com,France,2024-05-19,Premium,1952.30
6797,James Thomas,james.thomas1@gmail.com,Australia,2024-06-01,Basic,70.61
6798,Lucas Wang,lucas.wang@hotmail.com,United States,2023-05-12,Standard,325.21
6799,Priya Lewis,priya.lewis@outlook.com,United States,2021-06-27,Standard,393.84
6800,Mia Lewis,mia.lewis1@outlook.com,India,2020-11-03,Basic,80.53
6801,John Thompson,john.thompson1@yahoo.com,India,2023-09-25,Standard,758.04
6802,Linda Wang,linda.wang@company.com,United States,2020-11-18,Standard,615.68
6803,Jessica Smith,jessica.smith@hotmail.com,United Kingdom,2021-01-01,Standard,423.84
6804,Mary Walker,mary.walker@yahoo.com,India,2024-12-02,Standard,640.66
6805,Stephanie Jones,stephanie.jones@company.com,Australia,2021-06-29,Standard,320.60
6806,Susan Rodriguez,susan.rodriguez@outlook.com,Germany,2021-11-24,Premium,3699.61
6807,Thomas Brown,thomas.brown2@mail.io,India,2022-02-10,Basic,40.66
6808,Christopher Sharma,christopher.sharma1@gmail.com,Germany,2022-11-30,Basic,68.81
6809,Donald Nguyen,donald.nguyen@corp.net,India,2021-12-23,Standard,337.72
6810,Laura Wilson,laura.wilson@corp.net,United States,2022-04-15,Basic,110.60
6811,Patricia Kim,patricia.kim2@hotmail.com,Canada,2022-03-15,Basic,27.90
6812,Sharon Hernandez,sharon.hernandez1@gmail.com,Canada,2023-08-02,Basic,13.04
6813,Sofia Clark,sofia.clark1@outlook.com,United States,2025-05-14,Standard,340.22
6814,Karen Wilson,karen.wilson@hotmail.com,United States,2023-05-01,Standard,212.25
6815,Robert Wang,robert.wang@gmail.com,Australia,2021-01-23,Standard,445.72
6816,Emily Taylor,emily.taylor1@mail.io,United States,2020-06-18,Basic,114.72
6817,Susan Wang,susan.wang1@yahoo.com,Germany,2025-01-21,Standard,470.72
6818,Karen Wilson,karen.wilson@outlook.com,Germany,2022-10-12,Standard,178.74
6819,Raj Wang,raj.wang1@gmail.com,United States,2024-11-25,Standard,242.92
6820,Raj Anderson,raj.anderson1@gmail.com,Germany,2023-05-01,Basic,152.69
6821,Michael Lee,michael.lee@gmail.com,United States,2021-08-16,Basic,165.85
6822,Lisa Robinson,lisa.robinson@gmail.com,United Kingdom,2022-04-02,Basic,18.62
6823,Laura White,laura.white1@icloud.com,Australia,2021-09-16,Standard,424.13
6824,Donald Garcia,donald.garcia@mail.io,United States,2024-07-02,Standard,676.74
6825,David Miller,david.miller1@gmail.com,United States,2023-03-18,Premium,2265.15
6826,Oliver Hernandez,oliver.hernandez@yahoo.com,United States,2024-09-13,Standard,86.44
6827,John Thompson,john.thompson@company.com,Germany,2022-09-08,Standard,569.05
6828,Kenneth Smith,kenneth.smith2@outlook.com,United States,2022-05-04,Premium,3421.14
6829,Stephanie Lee,stephanie.lee@company.com,United States,2023-12-21,Basic,96.32
6830,Mia Kumar,mia.kumar@yahoo.com,Australia,2024-11-15,Standard,710.80
6831,Emma Walker,emma.walker2@gmail.com,France,2022-05-18,Standard,392.33
6832,Priya Moore,priya.moore@gmail.com,France,2022-12-21,Standard,404.18
6833,Susan Mueller,susan.mueller1@gmail.com,Germany,2020-05-27,Standard,622.11
6834,Mark Patel,mark.patel@yahoo.com,France,2024-01-08,Premium,641.23
6835,Noah Walker,noah.walker@hotmail.com,Germany,2025-05-04,Standard,213.83
6836,David Rodriguez,david.rodriguez@corp.net,United States,2024-03-10,Basic,164.88
6837,Stephanie Harris,stephanie.harris1@icloud.com,United States,2021-02-10,Premium,4279.78
6838,Rebecca Garcia,rebecca.garcia1@gmail.com,United Kingdom,2025-05-09,Basic,136.04
6839,Anthony Miller,anthony.miller@corp.net,Germany,2021-05-25,Basic,106.80
6840,Joseph Patel,joseph.patel@gmail.com,United States,2021-03-29,Basic,144.90
6841,Paul Nguyen,paul.nguyen1@gmail.com,United States,2020-10-03,Basic,65.01
6842,Rebecca Wang,rebecca.wang1@gmail.com,Australia,2020-06-06,Standard,154.04
6843,Raj Wilson,raj.wilson1@hotmail.com,France,2024-12-09,Standard,161.09
6844,Ananya Lopez,ananya.lopez1@mail.io,United States,2024-11-14,Basic,121.23
6845,Christopher Mueller,christopher.mueller1@company.com,United States,2021-04-05,Standard,502.62
6846,Joseph Harris,joseph.harris@corp.net,India,2025-02-18,Standard,74.24
6847,John Miller,john.miller1@gmail.com,United States,2021-02-01,Basic,64.22
6848,Robert Chen,robert.chen@hotmail.com,Germany,2025-02-26,Standard,157.59
6849,Mary Patel,mary.patel@corp.net,Australia,2025-03-13,Standard,669.98
6850,Joseph Jones,joseph.jones1@outlook.com,United States,2020-04-01,Premium,633.38
6851,David Patel,david.patel@icloud.com,United States,2024-03-25,Standard,631.25
6852,Matthew Patel,matthew.patel1@gmail.com,United Kingdom,2024-04-16,Standard,367.22
6853,Donald Garcia,donald.garcia1@gmail.com,India,2024-08-06,Standard,438.49
6854,Richard White,richard.white@corp.net,Germany,2021-11-12,Standard,436.14
6855,Christopher Miller,christopher.miller1@yahoo.com,United Kingdom,2024-06-11,Premium,2055.84
6856,James Wilson,james.wilson@outlook.com,Canada,2024-07-19,Basic,137.58
6857,Ashley Kumar,ashley.kumar2@gmail.com,United States,2022-06-09,Standard,748.30
6858,David Brown,david.brown@icloud.com,Germany,2023-08-05,Premium,4316.41
6859,Melissa Chen,melissa.chen2@mail.io,United States,2020-03-26,Basic,111.52
6860,Rebecca Robinson,rebecca.robinson@mail.io,France,2024-02-12,Standard,747.84
6861,Paul Davis,paul.davis1@mail.io,Canada,2020-08-27,Basic,133.35
6862,Joseph Moore,joseph.moore@company.com,Canada,2023-04-01,Standard,232.71
6863,Lucas Harris,lucas.harris2@gmail.com,Germany,2020-07-22,Standard,681.49
6864,Elizabeth Sanchez,elizabeth.sanchez1@mail.io,India,2022-01-19,Premium,1616.66
6865,Ashley Moore,ashley.moore@company.com,United States,2025-04-03,Standard,549.79
6866,Jennifer Sanchez,jennifer.sanchez@gmail.com,United States,2023-09-26,Standard,545.20
6867,Mia White,mia.white@corp.net,Germany,2024-10-06,Basic,31.08
6868,Kenneth Clark,kenneth.clark@gmail.com,Australia,2023-04-25,Standard,664.31
6869,Oliver Walker,oliver.walker@mail.io,United Kingdom,2021-02-19,Basic,17.48
6870,Patricia Lee,patricia.lee@mail.io,Australia,2023-12-07,Premium,3946.77
6871,William Sanchez,william.sanchez1@outlook.com,India,2024-10-07,Premium,1107.83
6872,Arjun Anderson,arjun.anderson@company.com,France,2021-11-13,Basic,137.95
6873,Barbara Lewis,barbara.lewis2@gmail.com,France,2021-10-23,Standard,648.33
6874,Thomas Garcia,thomas.garcia@company.com,India,2020-02-02,Premium,1864.65
6875,Sofia Mueller,sofia.mueller1@company.com,United Kingdom,2025-05-03,Premium,4596.00
6876,Patricia Jackson,patricia.jackson1@mail.io,United States,2020-08-11,Standard,756.14
6877,Mark Garcia,mark.garcia@company.com,Australia,2021-11-04,Standard,371.16
6878,Ashley Gonzalez,ashley.gonzalez@mail.io,United States,2022-06-28,Basic,46.11
6879,Susan Brown,susan.brown4@gmail.com,France,2020-06-20,Standard,772.70
6880,Lisa Ramirez,lisa.ramirez1@hotmail.com,India,2024-01-08,Standard,410.95
6881,Ananya Jackson,ananya.jackson@gmail.com,France,2021-05-22,Standard,523.71
6882,Donald Martin,donald.martin1@gmail.com,United States,2024-12-27,Premium,1199.83
6883,Sofia Wilson,sofia.wilson@icloud.com,United States,2020-02-01,Standard,488.83
6884,Oliver Jones,oliver.jones@outlook.com,France,2024-02-25,Standard,470.00
6885,Amanda Williams,amanda.williams@hotmail.com,United Kingdom,2021-11-16,Standard,289.42
6886,Noah Williams,noah.williams1@outlook.com,United States,2021-08-16,Basic,152.69
6887,Noah Lopez,noah.lopez2@gmail.com,Australia,2024-12-06,Basic,153.97
6888,Robert Singh,robert.singh@gmail.com,Germany,2023-12-17,Standard,431.23
6889,Lucas Jackson,lucas.jackson@mail.io,Australia,2021-04-06,Premium,1458.43
6890,Emily Hernandez,emily.hernandez@gmail.com,United States,2025-05-07,Basic,17.88
6891,Thomas Lee,thomas.lee@company.com,United States,2020-07-22,Basic,162.70
6892,Elizabeth Brown,elizabeth.brown1@gmail.com,United Kingdom,2025-01-09,Standard,702.41
6893,Joseph Harris,joseph.harris1@gmail.com,United States,2024-06-18,Basic,99.92
6894,Melissa Clark,melissa.clark@outlook.com,Germany,2021-04-01,Standard,174.86
6895,Rebecca Sanchez,rebecca.sanchez@corp.net,United Kingdom,2022-10-30,Basic,120.47
6896,Oliver Anderson,oliver.anderson@company.com,India,2024-10-06,Standard,102.47
6897,Emma Perez,emma.perez@icloud.com,Canada,2022-08-04,Basic,160.23
6898,Barbara Martin,barbara.martin@hotmail.com,United States,2020-06-22,Standard,230.95
6899,Donald Thomas,,United Kingdom,2020-01-21,Standard,267.79
6900,Donald Williams,donald.williams3@gmail.com,United States,2023-07-02,Premium,4771.12
6901,Patricia Ramirez,patricia.ramirez1@gmail.com,United States,2024-06-17,Basic,76.34
6902,Emma Brown,emma.brown@outlook.com,Germany,2023-02-19,Standard,622.77
6903,Anthony Johnson,anthony.johnson2@gmail.com,Canada,2022-04-10,Premium,4025.79
6904,Lisa Wang,lisa.wang@icloud.com,United States,2024-09-12,Standard,86.54
6905,Emma Nguyen,emma.nguyen1@icloud.com,United States,2024-08-21,Standard,283.02
6906,John Perez,john.perez@outlook.com,United States,2024-11-28,Basic,159.33
6907,Daniel Davis,daniel.davis1@mail.io,United Kingdom,2021-08-30,Standard,73.63
6908,Linda Johnson,linda.johnson2@gmail.com,United States,2022-12-30,Standard,323.82
6909,Michael Brown,michael.brown@gmail.com,United States,2020-04-24,Standard,500.28
6910,Mia Anderson,mia.anderson@gmail.com,Australia,2021-01-15,Standard,771.40
6911,Mark Patel,mark.patel1@gmail.com,Germany,2023-07-18,Premium,3997.22
6912,Sharon Jackson,sharon.jackson@company.com,United Kingdom,2023-02-06,Basic,118.71
6913,Ananya Sanchez,ananya.sanchez@gmail.com,United States,2020-05-23,Standard,140.23
6914,Barbara Garcia,barbara.garcia@hotmail.com,India,2024-06-29,Standard,562.63
6915,Richard Gonzalez,richard.gonzalez@mail.io,United States,2021-04-27,Standard,704.24
6916,Linda Miller,linda.miller@gmail.com,United States,2023-06-02,Basic,198.75
6917,Richard Rodriguez,richard.rodriguez@corp.net,India,2021-05-31,Standard,304.49
6918,Sharon Lee,sharon.lee@outlook.com,United Kingdom,2021-10-17,Basic,182.97
6919,Susan Jones,susan.jones@outlook.com,Canada,2021-06-17,Standard,723.32
6920,Robert Kumar,robert.kumar@outlook.com,Australia,2020-01-09,Basic,12.88
6921,Daniel Patel,daniel.patel@gmail.com,United States,2023-04-01,Standard,447.54
6922,Mark Chen,mark.chen@outlook.com,United States,2024-02-12,Premium,2108.61
6923,William Kumar,william.kumar1@mail.io,United States,2020-10-08,Standard,492.99
6924,Daniel Mueller,daniel.mueller2@gmail.com,United States,2022-10-31,Standard,705.63
6925,Sofia Hernandez,sofia.hernandez@yahoo.com,United States,2024-05-25,Standard,724.31
6926,Elizabeth Chen,elizabeth.chen@hotmail.com,Germany,2025-04-18,Standard,754.04
6927,Mark Nguyen,mark.nguyen3@gmail.com,United Kingdom,2025-05-04,Standard,313.26
6928,Patricia Johnson,patricia.johnson@corp.net,France,2020-07-23,Standard,452.95
6929,Joseph Lopez,joseph.lopez1@hotmail.com,United States,2024-10-29,Standard,122.59
6930,Mary Smith,mary.smith1@outlook.com,India,2023-07-09,Standard,56.72
6931,William White,william.white@outlook.com,United States,2024-08-12,Standard,186.87
6932,Matthew Harris,matthew.harris1@icloud.com,Germany,2023-08-21,Standard,227.36
6933,Donald Perez,donald.perez1@gmail.com,United Kingdom,2022-05-30,Premium,554.01
6934,Noah Singh,noah.singh@icloud.com,India,2022-11-05,Basic,44.73
6935,Mia White,mia.white3@gmail.com,India,2020-09-03,Premium,4056.60
6936,Elizabeth Nguyen,elizabeth.nguyen1@gmail.com,Australia,2020-12-23,Basic,47.98
6937,Matthew Rodriguez,matthew.rodriguez@company.com,United Kingdom,2022-08-25,Standard,675.90
6938,Mark Sharma,mark.sharma1@mail.io,United Kingdom,2023-11-13,Basic,159.85
6939,Lucas Jones,lucas.jones2@gmail.com,United Kingdom,2024-09-02,Standard,127.66
6940,Steven Perez,steven.perez@outlook.com,United States,2022-05-24,Basic,99.20
6941,Raj Chen,raj.chen1@gmail.com,Germany,2022-11-10,Premium,539.64
6942,Daniel Brown,daniel.brown1@gmail.com,United States,2024-10-26,Basic,112.89
6943,John Harris,john.harris3@gmail.com,United States,2024-10-16,Standard,523.58
6944,Barbara Nguyen,barbara.nguyen1@yahoo.com,United Kingdom,2024-07-09,Basic,183.11
6945,Sofia Clark,sofia.clark2@gmail.com,United Kingdom,2020-12-10,Premium,2478.91
6946,Kenneth Wang,kenneth.wang@outlook.com,United States,2022-05-16,Standard,217.71
6947,William Kumar,william.kumar2@mail.io,United States,2022-07-20,Standard,571.85
6948,Rebecca Garcia,rebecca.garcia@company.com,United States,2022-05-02,Standard,454.27
6949,Jessica Jones,jessica.jones@icloud.com,United States,2020-11-06,Standard,387.47
6950,Ashley Hernandez,ashley.hernandez1@mail.io,United States,2024-01-20,Standard,601.91
6951,Jessica Lee,jessica.lee2@yahoo.com,Australia,2021-01-05,Premium,2448.31
6952,Joshua Smith,joshua.smith1@corp.net,United States,2023-10-09,Basic,92.78
6953,Karen Mueller,karen.mueller2@gmail.com,United States,2024-03-23,Standard,799.00
6954,Karen Kim,karen.kim@yahoo.com,United States,2024-08-28,Standard,514.38
6955,Elizabeth Kumar,elizabeth.kumar1@company.com,United Kingdom,2020-10-13,Basic,10.18
6956,Anthony Gonzalez,anthony.gonzalez@yahoo.com,Australia,2020-09-03,Standard,558.44
6957,Andrew Miller,andrew.miller@gmail.com,United States,2025-01-14,Standard,224.14
6958,James Singh,james.singh@yahoo.com,Canada,2020-05-23,Standard,562.73
6959,Donald Taylor,donald.taylor@mail.io,United States,2024-07-26,Standard,213.30
6960,Noah Mueller,noah.mueller1@gmail.com,United States,2022-01-12,Standard,312.73
6961,Nancy Patel,nancy.patel2@company.com,France,2022-02-18,Basic,188.51
6962,Mia Miller,mia.miller@outlook.com,United States,2025-01-20,Standard,154.26
6963,Sofia Singh,sofia.singh1@gmail.com,United Kingdom,2022-05-17,Standard,693.72
6964,Arjun Mueller,arjun.mueller@icloud.com,United States,2022-07-30,Basic,103.90
6965,Emily Kim,emily.kim@outlook.com,United Kingdom,2025-05-27,Standard,326.44
6966,Emily Thomas,emily.thomas1@mail.io,United States,2024-05-27,Basic,131.15
6967,Matthew Walker,matthew.walker1@company.com,United States,2021-10-25,Basic,143.10
6968,Kenneth Sanchez,kenneth.sanchez@gmail.com,United States,2022-06-21,Standard,405.35
6969,Andrew Jones,andrew.jones@yahoo.com,United Kingdom,2021-11-27,Basic,120.49
6970,Karen Clark,karen.clark@mail.io,United Kingdom,2022-07-29,Standard,134.28
6971,Paul Lee,paul.lee@outlook.com,United States,2025-01-23,Basic,198.98
6972,Emma Johnson,emma.johnson1@gmail.com,Germany,2025-05-08,Basic,137.98
6973,Lisa Garcia,lisa.garcia@icloud.com,United Kingdom,2021-01-30,Standard,732.73
6974,Noah Williams,noah.williams@yahoo.com,Germany,2022-04-08,Basic,8.76
6975,Steven Martinez,steven.martinez@icloud.com,United Kingdom,2024-11-17,Basic,87.62
6976,Mary Moore,mary.moore@company.com,United Kingdom,2022-11-11,Standard,659.95
6977,Lucas Clark,lucas.clark@corp.net,United States,2021-04-11,Premium,1295.53
6978,Barbara Harris,barbara.harris@yahoo.com,Germany,2021-02-07,Standard,584.11
6979,Jessica Patel,jessica.patel@mail.io,Canada,2024-10-19,Basic,74.47
6980,Oliver Martinez,oliver.martinez3@gmail.com,United States,2022-08-19,Basic,191.83
6981,Melissa Miller,melissa.miller1@gmail.com,India,2022-10-26,Standard,439.73
6982,John Patel,john.patel@gmail.com,Australia,2021-06-30,Basic,155.98
6983,Arjun Anderson,arjun.anderson@corp.net,Australia,2020-02-24,Standard,324.96
6984,Oliver Taylor,oliver.taylor1@yahoo.com,Germany,2021-01-05,Standard,508.15
6985,Ashley Miller,ashley.miller@hotmail.com,United Kingdom,2022-03-20,Premium,2942.42
6986,Kenneth Anderson,kenneth.anderson@yahoo.com,United States,2025-03-08,Standard,529.44
6987,Mary Johnson,mary.johnson@gmail.com,France,2025-02-06,Standard,789.95
6988,Donald Johnson,donald.johnson@gmail.com,United States,2024-05-17,Premium,4825.75
6989,Ananya Rodriguez,ananya.rodriguez@corp.net,United States,2021-11-22,Premium,1454.81
6990,Oliver Patel,oliver.patel2@gmail.com,Australia,2020-01-12,Basic,112.52
6991,James Wang,james.wang1@gmail.com,Germany,2021-03-02,Standard,201.52
6992,Richard Martin,richard.martin@hotmail.com,Germany,2024-11-13,Standard,344.43
6993,Elizabeth Robinson,elizabeth.robinson@yahoo.com,United States,2020-05-14,Premium,4976.27
6994,Kenneth Moore,kenneth.moore@yahoo.com,United Kingdom,2021-08-01,Basic,21.56
6995,Jessica Perez,jessica.perez3@gmail.com,Canada,2024-07-11,Basic,44.54
6996,Amanda Kim,amanda.kim@icloud.com,United States,2020-09-30,Standard,328.98
6997,Sofia Singh,sofia.singh2@gmail.com,France,2020-11-14,Premium,1307.36
6998,Mia Williams,mia.williams@outlook.com,United Kingdom,2020-11-14,Standard,616.17
6999,Robert Kumar,robert.kumar@corp.net,Australia,2023-07-23,Standard,741.53
7000,Matthew Perez,matthew.perez@icloud.com,Germany,2023-04-30,Standard,345.62
7001,Sharon Patel,sharon.patel@yahoo.com,France,2022-04-12,Premium,2549.05
7002,Arjun Hernandez,arjun.hernandez@icloud.com,United Kingdom,2021-10-08,Basic,4.85
7003,Sarah Martinez,sarah.martinez1@yahoo.com,France,2022-02-28,Standard,434.76
7004,Donald Jackson,donald.jackson1@gmail.com,United Kingdom,2021-04-15,Basic,8.03
7005,Ananya Lee,ananya.lee@gmail.com,Germany,2025-05-15,Standard,396.67
7006,Ashley Taylor,ashley.taylor@mail.io,Germany,2024-01-02,Standard,326.11
7007,Melissa Martin,melissa.martin1@gmail.com,United States,2021-01-12,Premium,821.36
7008,Robert White,robert.white@gmail.com,Australia,2024-09-19,Standard,68.91
7009,Matthew White,matthew.white@yahoo.com,United States,2022-07-19,Standard,698.59
7010,Amanda Smith,amanda.smith@yahoo.com,United States,2021-08-13,Premium,883.66
7011,Jennifer Gonzalez,jennifer.gonzalez@yahoo.com,France,2022-12-27,Basic,87.90
7012,Mia Brown,mia.brown@mail.io,Australia,2023-11-28,Standard,775.09
7013,Ashley Lopez,ashley.lopez1@mail.io,Australia,2022-11-20,Premium,4085.58
7014,Lisa Lopez,lisa.lopez1@company.com,United Kingdom,2023-03-29,Standard,436.47
7015,Noah Patel,noah.patel@corp.net,United Kingdom,2025-05-04,Standard,269.17
7016,Emily Chen,emily.chen2@gmail.com,United Kingdom,2022-11-19,Standard,726.24
7017,Sarah Sharma,sarah.sharma@company.com,United Kingdom,2022-08-13,Basic,184.00
7018,Raj Davis,raj.davis@gmail.com,United States,2021-05-01,Basic,80.41
7019,Rebecca Clark,rebecca.clark@hotmail.com,United Kingdom,2024-12-01,Standard,435.25
7020,Mary Martin,mary.martin@gmail.com,Canada,2020-06-22,Standard,766.18
7021,Oliver Thomas,oliver.thomas@mail.io,United States,2024-07-25,Basic,182.19
7022,Priya Williams,priya.williams2@company.com,United States,2023-02-03,Basic,143.51
7023,Kenneth Gonzalez,kenneth.gonzalez1@gmail.com,United States,2023-08-06,Standard,556.78
7024,Amanda Kumar,amanda.kumar@outlook.com,France,2020-03-31,Basic,186.17
7025,Steven Patel,steven.patel@outlook.com,United States,2020-06-12,Basic,28.47
7026,Emily Chen,emily.chen@hotmail.com,United Kingdom,2021-06-01,Standard,335.13
7027,Kenneth Lopez,kenneth.lopez@mail.io,France,2025-02-03,Basic,101.95
7028,Joshua Harris,joshua.harris2@gmail.com,India,2020-02-17,Standard,144.83
7029,Karen Harris,karen.harris@company.com,France,2023-01-02,Standard,216.91
7030,Susan Lewis,susan.lewis3@gmail.com,United States,2024-05-26,Standard,296.20
7031,Joseph Singh,joseph.singh@yahoo.com,United Kingdom,2021-12-12,Standard,112.55
7032,Emma Wang,emma.wang1@gmail.com,Canada,2020-06-06,Basic,71.63
7033,Melissa Mueller,melissa.mueller1@gmail.com,United Kingdom,2020-03-08,Basic,73.82
7034,Steven White,steven.white@hotmail.com,United States,2020-07-15,Standard,242.46
7035,Emma Lopez,emma.lopez@corp.net,United States,2021-05-29,Basic,76.76
7036,Sharon Kim,sharon.kim2@gmail.com,United States,2024-09-06,Premium,3760.31
7037,Mia White,mia.white@company.com,United States,2021-10-29,Basic,128.22
7038,Nancy Wilson,nancy.wilson@outlook.com,India,2022-06-21,Basic,30.84
7039,Jessica Wilson,jessica.wilson@company.com,Canada,2023-02-02,Basic,67.94
7040,Sarah Miller,sarah.miller1@gmail.com,Germany,2023-12-22,Basic,90.09
7041,Oliver Taylor,oliver.taylor1@company.com,Canada,2020-04-16,Basic,122.53
7042,Steven Gonzalez,steven.gonzalez2@gmail.com,United States,2022-03-09,Basic,113.89
7043,Andrew Davis,andrew.davis@hotmail.com,Germany,2021-03-16,Standard,147.10
7044,Christopher Lopez,christopher.lopez1@hotmail.com,United States,2023-11-29,Basic,192.82
7045,Melissa Moore,melissa.moore2@gmail.com,United States,2023-09-20,Standard,375.44
7046,Joshua Nguyen,joshua.nguyen1@gmail.com,France,2021-02-09,Standard,115.46
7047,Arjun Sharma,arjun.sharma1@outlook.com,Germany,2023-12-12,Standard,362.39
7048,Joseph Harris,joseph.harris@yahoo.com,Germany,2021-07-08,Premium,684.98
7049,Joseph Jackson,joseph.jackson1@outlook.com,United Kingdom,2022-06-08,Standard,92.05
7050,Joshua Wilson,joshua.wilson3@gmail.com,United States,2022-08-03,Standard,575.94
7051,William Mueller,william.mueller2@yahoo.com,United Kingdom,2021-01-25,Basic,141.24
7052,Linda Clark,linda.clark@company.com,Germany,2022-03-28,Basic,138.07
7053,Robert Miller,robert.miller1@company.com,United States,2023-09-25,Standard,536.35
7054,Anthony Kim,anthony.kim@gmail.com,United Kingdom,2020-12-21,Basic,133.98
7055,Lucas Patel,lucas.patel@icloud.com,Germany,2023-01-31,Standard,578.31
7056,David Rodriguez,david.rodriguez@company.com,Australia,2021-02-03,Standard,595.80
7057,Raj Smith,raj.smith1@yahoo.com,India,2022-02-06,Standard,380.33
7058,Laura Clark,laura.clark2@gmail.com,France,2023-07-07,Premium,4052.40
7059,David Walker,david.walker1@gmail.com,United States,2020-09-20,Standard,410.58
7060,Daniel Wang,daniel.wang@company.com,Germany,2023-06-19,Standard,452.86
7061,Mia Moore,mia.moore@hotmail.com,France,2021-10-06,Basic,94.86
7062,Noah Harris,noah.harris1@gmail.com,United States,2022-05-07,Standard,202.49
7063,David Jones,david.jones@gmail.com,India,2024-04-23,Standard,432.73
7064,Mary Taylor,mary.taylor3@gmail.com,United States,2024-11-07,Premium,1166.03
7065,Raj Kumar,raj.kumar@hotmail.com,United States,2023-05-20,Basic,150.59
7066,Jessica Harris,jessica.harris@mail.io,France,2024-01-29,Basic,139.80
7067,David Wang,david.wang2@gmail.com,France,2022-06-08,Premium,1481.62
7068,Matthew Gonzalez,matthew.gonzalez@company.com,United Kingdom,2022-10-02,Standard,457.98
7069,Michael Jackson,michael.jackson2@gmail.com,United States,2021-12-28,Basic,26.15
7070,Steven Chen,steven.chen1@outlook.com,India,2022-09-04,Basic,71.72
7071,James Thomas,james.thomas2@gmail.com,United States,2023-09-29,Standard,715.44
7072,Donald Sharma,donald.sharma1@yahoo.com,United Kingdom,2022-04-05,Basic,38.13
7073,Oliver Lee,oliver.lee@hotmail.com,United Kingdom,2024-11-08,Standard,599.92
7074,Noah Anderson,noah.anderson1@outlook.com,France,2024-03-20,Standard,94.66
7075,Matthew Nguyen,matthew.nguyen1@gmail.com,United States,2020-12-03,Basic,187.95
7076,Joseph Clark,joseph.clark@corp.net,Australia,2025-04-13,Standard,622.64
7077,Richard Lopez,richard.lopez@outlook.com,France,2021-08-06,Basic,12.17
7078,Ashley Walker,ashley.walker@company.com,United States,2025-02-05,Basic,149.28
7079,Donald Mueller,donald.mueller@hotmail.com,Canada,2022-09-03,Basic,54.03
7080,Richard White,richard.white1@icloud.com,India,2022-05-16,Standard,54.78
7081,Laura Singh,laura.singh@hotmail.com,United States,2020-05-11,Basic,180.39
7082,Noah Brown,noah.brown1@outlook.com,United Kingdom,2024-04-05,Basic,132.63
7083,Paul Williams,paul.williams2@gmail.com,United States,2020-10-28,Standard,211.22
7084,Oliver Garcia,oliver.garcia3@gmail.com,United States,2023-11-12,Basic,117.57
7085,John Robinson,john.robinson@hotmail.com,Australia,2023-11-15,Premium,1727.54
7086,Arjun Perez,arjun.perez2@gmail.com,Germany,2024-03-09,Basic,161.87
7087,Matthew Garcia,matthew.garcia@outlook.com,Germany,2024-09-23,Basic,196.48
7088,Laura Brown,laura.brown1@gmail.com,Canada,2022-04-07,Standard,356.53
7089,Matthew Robinson,matthew.robinson@company.com,United States,2025-05-31,Standard,390.93
7090,Joseph Lewis,joseph.lewis@gmail.com,France,2021-01-08,Standard,114.91
7091,Sofia Sharma,sofia.sharma1@outlook.com,Canada,2024-04-14,Basic,178.17
7092,Raj Thompson,raj.thompson1@mail.io,United States,2020-02-03,Standard,96.31
7093,Rebecca Miller,rebecca.miller1@gmail.com,India,2023-03-23,Standard,158.42
7094,Sharon Harris,sharon.harris2@gmail.com,Germany,2021-01-31,Standard,394.96
7095,Stephanie Ramirez,stephanie.ramirez@gmail.com,India,2024-12-28,Basic,117.09
7096,James Singh,james.singh1@company.com,India,2020-02-17,Standard,530.52
7097,David Lopez,david.lopez@mail.io,United States,2022-09-26,Basic,21.31
7098,Christopher Thompson,christopher.thompson@mail.io,United Kingdom,2023-05-12,Standard,543.67
7099,Stephanie Williams,stephanie.williams@company.com,France,2022-12-03,Premium,1508.07
7100,Barbara Smith,barbara.smith@corp.net,France,2021-10-03,Basic,52.66
7101,Melissa Garcia,melissa.garcia1@outlook.com,France,2022-03-02,Standard,630.94
7102,Jessica Singh,jessica.singh@icloud.com,Germany,2024-06-29,Standard,402.42
7103,Anthony Patel,anthony.patel@outlook.com,Canada,2024-06-02,Standard,121.08
7104,Emma Miller,emma.miller2@gmail.com,France,2020-06-27,Basic,181.05
7105,Laura Robinson,laura.robinson1@gmail.com,Australia,2020-07-18,Premium,3749.87
7106,David Lee,david.lee2@yahoo.com,United Kingdom,2022-03-27,Standard,396.63
7107,Nancy Brown,nancy.brown@company.com,Canada,2021-01-28,Basic,24.02
7108,William Smith,william.smith@mail.io,United Kingdom,2020-11-26,Standard,536.88
7109,Christopher Jackson,christopher.jackson2@gmail.com,United States,2021-12-01,Basic,66.23
7110,Noah White,noah.white2@gmail.com,Canada,2024-02-21,Standard,644.66
7111,Arjun Taylor,arjun.taylor@mail.io,United Kingdom,2023-03-31,Basic,165.06
7112,Jessica Martinez,jessica.martinez1@gmail.com,Canada,2024-12-16,Basic,4.14
7113,Donald Lee,donald.lee1@mail.io,United States,2023-11-09,Standard,718.99
7114,Priya Wilson,priya.wilson@gmail.com,United States,2021-08-19,Standard,792.54
7115,Robert Anderson,robert.anderson@yahoo.com,France,2022-10-09,Premium,2138.14
7116,David Lewis,david.lewis2@gmail.com,France,2023-06-02,Basic,171.50
7117,Thomas Wang,thomas.wang@hotmail.com,United States,2024-04-01,Basic,122.57
7118,Anthony Rodriguez,anthony.rodriguez@gmail.com,United States,2020-04-19,Standard,244.64
7119,Stephanie Wang,stephanie.wang@gmail.com,United States,2025-01-20,Basic,103.92
7120,David Lewis,david.lewis@mail.io,United States,2022-11-29,Standard,93.20
7121,James Anderson,james.anderson1@gmail.com,India,2023-11-01,Basic,69.74
7122,Lucas White,lucas.white2@gmail.com,United Kingdom,2020-03-02,Standard,215.58
7123,Raj Smith,raj.smith@outlook.com,Canada,2023-04-02,Basic,92.76
7124,Laura Martinez,laura.martinez1@icloud.com,United States,2025-04-03,Basic,57.69
7125,Priya Jackson,priya.jackson@gmail.com,India,2024-06-28,Standard,578.76
7126,Rebecca Garcia,rebecca.garcia2@icloud.com,United States,2020-12-15,Standard,716.70
7127,Nancy Martin,nancy.martin1@outlook.com,Germany,2022-07-20,Standard,463.06
7128,Christopher Mueller,christopher.mueller@mail.io,Germany,2023-01-15,Standard,714.31
7129,Jessica Robinson,jessica.robinson@hotmail.com,United States,2024-11-04,Premium,3835.87
7130,Kenneth Harris,kenneth.harris@outlook.com,United States,2020-06-17,Basic,157.86
7131,James Johnson,james.johnson@company.com,India,2021-05-05,Premium,4044.28
7132,Lisa Sharma,lisa.sharma1@outlook.com,United States,2023-11-17,Premium,4301.79
7133,Ashley Davis,ashley.davis1@hotmail.com,France,2024-06-04,Standard,526.29
7134,Sarah Gonzalez,sarah.gonzalez2@gmail.com,United States,2021-09-26,Standard,51.15
7135,Lisa Hernandez,lisa.hernandez2@gmail.com,United States,2022-10-29,Basic,143.73
7136,Emily Brown,emily.brown@mail.io,United Kingdom,2023-04-28,Basic,164.51
7137,Stephanie Mueller,stephanie.mueller2@gmail.com,India,2024-09-06,Standard,545.89
7138,Andrew Thomas,andrew.thomas3@gmail.com,Canada,2023-08-29,Standard,667.42
7139,Noah Kim,noah.kim1@outlook.com,Germany,2023-06-26,Premium,4170.21
7140,Patricia Lee,patricia.lee@hotmail.com,United Kingdom,2023-09-28,Premium,558.30
7141,Christopher Lee,christopher.lee1@outlook.com,United States,2022-06-29,Standard,437.66
7142,Joseph Sharma,joseph.sharma3@gmail.com,India,2021-09-01,Standard,200.60
7143,Sharon Walker,sharon.walker@gmail.com,United Kingdom,2024-10-14,Premium,2759.47
7144,James Patel,james.patel@corp.net,India,2023-06-09,Standard,548.51
7145,Daniel White,daniel.white1@gmail.com,United Kingdom,2023-10-12,Premium,2451.99
7146,Jennifer Harris,jennifer.harris1@gmail.com,United States,2024-12-10,Standard,191.45
7147,Donald Walker,donald.walker@hotmail.com,United States,2021-10-27,Standard,290.73
7148,John Davis,john.davis@yahoo.com,France,2024-10-22,Basic,139.31
7149,Rebecca Williams,rebecca.williams@corp.net,Australia,2022-08-11,Basic,43.65
7150,Joseph Chen,joseph.chen1@gmail.com,United Kingdom,2023-04-01,Standard,451.68
7151,Arjun Rodriguez,arjun.rodriguez1@gmail.com,United States,2021-07-12,Basic,173.00
7152,Joseph Mueller,joseph.mueller@corp.net,India,2024-03-17,Standard,461.21
7153,Thomas Anderson,thomas.anderson@outlook.com,France,2024-03-20,Standard,642.54
7154,Melissa Wang,melissa.wang@outlook.com,Canada,2022-02-12,Basic,89.70
7155,Daniel Williams,daniel.williams@gmail.com,Germany,2021-06-29,Standard,211.53
7156,Robert Taylor,robert.taylor@icloud.com,United States,2022-05-02,Basic,121.96
7157,Barbara Chen,barbara.chen1@gmail.com,Germany,2020-07-31,Basic,52.70
7158,Patricia Ramirez,patricia.ramirez2@gmail.com,United States,2020-08-03,Basic,97.63
7159,Stephanie White,stephanie.white@yahoo.com,United Kingdom,2022-05-26,Standard,644.17
7160,Laura Lopez,laura.lopez2@gmail.com,United States,2024-01-19,Standard,129.45
7161,Ananya Singh,ananya.singh@gmail.com,Germany,2025-03-27,Standard,499.18
7162,Thomas Anderson,thomas.anderson@gmail.com,United States,2021-09-08,Basic,160.74
7163,Melissa Patel,melissa.patel@hotmail.com,Australia,2024-01-05,Standard,622.56
7164,Emma Chen,emma.chen@icloud.com,United States,2022-03-31,Basic,163.10
7165,William Smith,william.smith@hotmail.com,France,2022-12-17,Standard,694.41
7166,Rebecca Nguyen,rebecca.nguyen@outlook.com,United States,2020-05-05,Basic,89.47
7167,Patricia Robinson,patricia.robinson1@mail.io,Canada,2020-12-31,Standard,360.63
7168,James Gonzalez,james.gonzalez1@yahoo.com,United States,2020-09-13,Basic,28.38
7169,Rebecca Chen,rebecca.chen@mail.io,United Kingdom,2021-06-10,Standard,478.58
7170,Ashley Kumar,ashley.kumar3@gmail.com,India,2020-04-18,Standard,596.33
7171,Mary Williams,mary.williams2@gmail.com,United Kingdom,2023-07-29,Standard,362.30
7172,Steven Lee,steven.lee@outlook.com,France,2025-04-14,Premium,1273.50
7173,Jennifer Walker,jennifer.walker@hotmail.com,United Kingdom,2021-03-22,Standard,268.94
7174,Emma Perez,emma.perez1@icloud.com,United States,2022-01-28,Standard,463.14
7175,Elizabeth Hernandez,elizabeth.hernandez@outlook.com,Germany,2022-12-26,Standard,478.53
7176,Steven Lopez,steven.lopez@company.com,France,2024-09-12,Standard,681.00
7177,Emma Miller,emma.miller1@company.com,France,2022-06-29,Premium,2775.19
7178,Amanda Mueller,amanda.mueller2@hotmail.com,United States,2022-05-24,Basic,31.33
7179,Matthew Hernandez,matthew.hernandez@corp.net,United States,2020-07-13,Premium,3654.93
7180,Mark Martin,mark.martin1@yahoo.com,Canada,2020-12-11,Premium,3545.44
7181,Richard Moore,richard.moore2@gmail.com,United States,2021-06-18,Standard,598.20
7182,Melissa Anderson,melissa.anderson@yahoo.com,India,2020-07-12,Standard,485.31
7183,Susan Clark,susan.clark@icloud.com,United Kingdom,2025-04-24,Basic,177.46
7184,Donald Rodriguez,donald.rodriguez2@gmail.com,Canada,2023-07-19,Standard,470.54
7185,Melissa Williams,melissa.williams@outlook.com,United Kingdom,2021-09-14,Basic,67.66
7186,Nancy Kim,nancy.kim@corp.net,India,2022-01-28,Basic,111.68
7187,Jennifer Jones,jennifer.jones1@company.com,United States,2023-10-07,Standard,238.11
7188,James Walker,james.walker@hotmail.com,United Kingdom,2021-06-02,Standard,492.77
7189,James Brown,james.brown@outlook.com,Germany,2020-12-14,Basic,22.30
7190,Melissa Lewis,melissa.lewis@gmail.com,United States,2024-07-24,Standard,664.99
7191,Mia Walker,mia.walker@yahoo.com,United States,2023-08-12,Standard,93.12
7192,Oliver Kim,oliver.kim2@mail.io,India,2024-04-11,Standard,703.69
7193,Susan Anderson,susan.anderson@outlook.com,India,2024-09-05,Premium,4912.10
7194,Noah Robinson,noah.robinson@corp.net,United States,2020-03-22,Standard,198.42
7195,Noah Garcia,noah.garcia@gmail.com,Germany,2024-05-09,Basic,152.40
7196,David Gonzalez,david.gonzalez@corp.net,France,2020-09-27,Standard,116.15
7197,Daniel Patel,daniel.patel1@outlook.com,United States,2024-04-10,Standard,384.26
7198,Noah Smith,noah.smith1@outlook.com,United States,2023-10-12,Standard,491.82
7199,Barbara Martinez,barbara.martinez1@mail.io,India,2022-04-04,Basic,180.99
7200,Thomas Jones,thomas.jones1@corp.net,United States,2024-08-14,Basic,85.31
7201,Raj Sanchez,raj.sanchez@outlook.com,Germany,2025-01-13,Standard,179.24
7202,Patricia Jones,patricia.jones1@gmail.com,Germany,2021-08-19,Premium,4942.66
7203,Jessica Ramirez,jessica.ramirez@gmail.com,Australia,2020-05-20,Standard,345.08
7204,Richard Miller,richard.miller1@gmail.com,United States,2022-03-21,Standard,290.08
7205,Elizabeth Gonzalez,elizabeth.gonzalez@yahoo.com,United Kingdom,2022-09-01,Standard,270.15
7206,Oliver Mueller,oliver.mueller@icloud.com,United States,2024-11-26,Standard,703.17
7207,Barbara Clark,barbara.clark@gmail.com,Germany,2024-11-13,Standard,322.62
7208,Richard Hernandez,richard.hernandez1@yahoo.com,United States,2025-05-15,Basic,26.73
7209,David Garcia,david.garcia@gmail.com,United States,2022-12-20,Standard,229.01
7210,Sharon Ramirez,sharon.ramirez1@gmail.com,United States,2021-06-14,Premium,2876.53
7211,Daniel Lewis,daniel.lewis@gmail.com,United States,2025-03-11,Premium,3978.17
7212,Kenneth Thomas,kenneth.thomas@yahoo.com,Germany,2020-09-16,Basic,190.66
7213,Richard Anderson,richard.anderson@outlook.com,India,2023-02-19,Standard,75.75
7214,Mark Brown,mark.brown@mail.io,United Kingdom,2024-12-25,Basic,21.66
7215,Jennifer Rodriguez,jennifer.rodriguez@gmail.com,United States,2023-02-18,Basic,3.39
7216,Sarah Kumar,sarah.kumar@icloud.com,United Kingdom,2025-05-12,Standard,498.80
7217,Thomas Lee,thomas.lee1@gmail.com,Germany,2022-09-09,Standard,670.31
7218,Priya Chen,priya.chen@company.com,United Kingdom,2024-11-12,Standard,492.77
7219,Sarah Kim,sarah.kim@icloud.com,Germany,2024-11-01,Basic,57.64
7220,Robert Kumar,robert.kumar@company.com,United States,2020-09-06,Basic,114.14
7221,Linda Moore,linda.moore@company.com,United States,2024-04-15,Standard,645.80
7222,Linda Davis,linda.davis1@gmail.com,United Kingdom,2021-11-22,Standard,180.01
7223,Lisa Anderson,lisa.anderson@outlook.com,Canada,2020-08-11,Standard,224.12
7224,Ashley Harris,ashley.harris1@gmail.com,United Kingdom,2020-09-30,Standard,483.90
7225,John Johnson,john.johnson@yahoo.com,United States,2023-07-01,Standard,554.59
7226,Matthew Kumar,matthew.kumar@company.com,India,2022-11-06,Premium,1294.32
7227,Mark Jones,mark.jones1@company.com,Australia,2024-10-18,Standard,657.46
7228,Barbara Davis,barbara.davis1@company.com,France,2023-06-01,Standard,239.98
7229,Mary Anderson,mary.anderson@mail.io,United States,2022-04-07,Basic,57.95
7230,Mia Singh,mia.singh1@mail.io,France,2022-02-27,Basic,97.15
7231,Sharon Robinson,sharon.robinson1@corp.net,France,2024-04-01,Standard,413.04
7232,Paul Moore,paul.moore@company.com,Australia,2020-06-09,Basic,188.35
7233,Jennifer Jackson,jennifer.jackson@corp.net,India,2022-12-19,Basic,26.39
7234,Mia White,mia.white@mail.io,United States,2021-07-12,Premium,1027.96
7235,Sofia Walker,sofia.walker@corp.net,Canada,2024-02-23,Standard,341.38
7236,Michael Lewis,michael.lewis1@gmail.com,United States,2024-12-12,Premium,1343.51
7237,Patricia Lopez,patricia.lopez@hotmail.com,United Kingdom,2020-08-02,Basic,195.16
7238,Nancy Thompson,nancy.thompson@gmail.com,United States,2020-01-22,Premium,3180.66
7239,Susan Johnson,susan.johnson@gmail.com,United Kingdom,2020-05-19,Standard,212.97
7240,Donald Johnson,donald.johnson2@hotmail.com,United States,2024-04-19,Basic,176.23
7241,Matthew Lee,matthew.lee@icloud.com,Germany,2022-02-18,Standard,768.50
7242,Laura Martinez,laura.martinez1@gmail.com,India,2022-07-19,Standard,509.87
7243,Karen Lee,karen.lee@yahoo.com,United States,2024-10-24,Standard,454.65
7244,Michael Taylor,michael.taylor2@gmail.com,United States,2023-01-11,Standard,413.98
7245,Raj Kumar,raj.kumar1@mail.io,United States,2020-04-19,Standard,510.10
7246,Andrew White,andrew.white1@mail.io,Canada,2023-09-29,Standard,546.70
7247,Donald Williams,donald.williams4@gmail.com,United Kingdom,2022-11-20,Premium,4958.82
7248,Joseph Walker,joseph.walker1@gmail.com,Australia,2022-12-30,Standard,298.27
7249,Nancy Smith,nancy.smith1@gmail.com,United States,2024-08-19,Premium,3472.31
7250,Barbara Ramirez,barbara.ramirez@hotmail.com,Australia,2020-08-12,Basic,160.27
7251,John Wang,john.wang@yahoo.com,United States,2025-04-27,Basic,172.75
7252,John White,john.white1@gmail.com,United Kingdom,2022-05-26,Standard,353.60
7253,Anthony Davis,anthony.davis1@company.com,United States,2024-04-30,Standard,460.61
7254,Ananya Brown,ananya.brown@yahoo.com,United Kingdom,2021-03-25,Basic,106.87
7255,Linda Singh,linda.singh@mail.io,Canada,2022-12-24,Premium,4321.50
7256,Steven Wilson,steven.wilson@gmail.com,United States,2023-07-23,Basic,0.98
7257,Mary Brown,mary.brown@hotmail.com,Australia,2021-08-27,Basic,171.34
7258,Joseph Sanchez,joseph.sanchez1@outlook.com,United States,2024-06-04,Standard,111.70
7259,Laura Kim,laura.kim1@corp.net,Germany,2021-07-19,Standard,439.77
7260,Nancy Lopez,nancy.lopez@gmail.com,United States,2024-06-22,Basic,105.24
7261,Rebecca Jackson,rebecca.jackson1@yahoo.com,United States,2021-03-31,Standard,549.14
7262,Rebecca Kim,rebecca.kim@icloud.com,Germany,2020-07-17,Basic,137.19
7263,Sofia Kumar,sofia.kumar1@gmail.com,India,2021-01-21,Standard,702.73
7264,Sofia Lee,sofia.lee@company.com,Australia,2020-06-20,Basic,62.30
7265,Anthony Lopez,anthony.lopez@gmail.com,United States,2024-01-30,Basic,89.82
7266,Donald Johnson,donald.johnson@mail.io,United Kingdom,2023-03-18,Basic,151.78
7267,Raj Miller,raj.miller@gmail.com,India,2021-03-31,Basic,21.25
7268,Priya Martin,priya.martin@corp.net,Canada,2020-08-21,Standard,375.95
7269,Kenneth Brown,kenneth.brown@yahoo.com,United States,2024-04-08,Standard,61.08
7270,Linda Perez,linda.perez@mail.io,United States,2024-01-27,Standard,386.50
7271,Daniel Miller,daniel.miller@yahoo.com,United States,2025-03-29,Basic,36.28
7272,Mary Kumar,mary.kumar@gmail.com,United States,2024-05-07,Basic,112.49
7273,Laura Brown,laura.brown@outlook.com,France,2024-07-08,Basic,133.77
7274,Melissa Kumar,melissa.kumar@outlook.com,France,2023-07-13,Standard,474.01
7275,Stephanie Lopez,stephanie.lopez1@company.com,Germany,2020-06-26,Basic,34.42
7276,David Jackson,david.jackson3@gmail.com,United States,2020-12-27,Standard,615.92
7277,William Martinez,william.martinez@corp.net,Germany,2025-02-19,Standard,76.73
7278,Mia Davis,mia.davis2@gmail.com,United States,2023-03-13,Basic,91.19
7279,Sarah Patel,sarah.patel1@outlook.com,Australia,2020-11-26,Basic,57.14
7280,Kenneth Lee,kenneth.lee@company.com,United States,2022-08-29,Standard,727.33
7281,Karen Garcia,karen.garcia@yahoo.com,France,2022-08-01,Standard,356.29
7282,Laura Clark,laura.clark@icloud.com,United States,2022-07-30,Standard,73.58
7283,David Chen,david.chen@icloud.com,United Kingdom,2025-03-29,Standard,776.86
7284,Matthew Sharma,matthew.sharma@yahoo.com,Canada,2022-11-14,Standard,61.62
7285,Paul Lewis,paul.lewis3@gmail.com,United States,2023-01-07,Standard,121.17
7286,Christopher Perez,christopher.perez1@corp.net,India,2024-01-30,Standard,736.51
7287,Matthew Gonzalez,matthew.gonzalez1@outlook.com,Canada,2023-07-20,Basic,52.29
7288,Emma Lee,emma.lee@gmail.com,Germany,2020-05-13,Standard,766.11
7289,Rebecca Kumar,rebecca.kumar@mail.io,Germany,2024-04-01,Basic,78.70
7290,David Hernandez,david.hernandez3@gmail.com,Germany,2021-05-28,Standard,690.26
7291,Joseph Johnson,joseph.johnson2@gmail.com,Canada,2020-04-19,Standard,509.77
7292,Emma Chen,emma.chen2@gmail.com,France,2025-01-13,Standard,395.54
7293,Sofia Patel,sofia.patel@gmail.com,France,2020-03-05,Basic,104.04
7294,Joshua Thomas,joshua.thomas1@outlook.com,Germany,2022-07-23,Standard,135.88
7295,David Harris,david.harris@mail.io,United States,2021-01-01,Basic,41.54
7296,Barbara Perez,barbara.perez@corp.net,United States,2021-05-02,Premium,4984.61
7297,Joseph Sanchez,joseph.sanchez2@outlook.com,United Kingdom,2024-04-21,Premium,1714.52
7298,Robert Sharma,robert.sharma@mail.io,United Kingdom,2022-11-30,Premium,2326.56
7299,Joseph Singh,joseph.singh@hotmail.com,United States,2022-08-22,Basic,165.68
7300,Joseph Miller,joseph.miller@hotmail.com,United Kingdom,2024-12-08,Standard,311.51
7301,Donald Johnson,donald.johnson3@hotmail.com,India,2024-11-13,Premium,1523.89
7302,Laura Moore,laura.moore1@company.com,Canada,2023-07-18,Basic,8.81
7303,Mia Moore,mia.moore@icloud.com,United States,2022-10-14,Premium,3638.12
7304,Joseph Jackson,joseph.jackson@mail.io,United States,2020-08-11,Standard,249.00
7305,David Kumar,david.kumar@icloud.com,Canada,2021-02-05,Standard,528.02
7306,Amanda Harris,amanda.harris@company.com,United States,2020-08-05,Basic,22.96
7307,Oliver Nguyen,oliver.nguyen@yahoo.com,Canada,2025-04-07,Basic,99.52
7308,Lisa Rodriguez,lisa.rodriguez@company.com,United States,2020-05-20,Basic,119.59
7309,Paul Robinson,paul.robinson1@outlook.com,United States,2024-11-17,Standard,433.44
7310,Jennifer Clark,jennifer.clark@outlook.com,United Kingdom,2021-08-26,Basic,164.89
7311,Laura Wilson,laura.wilson1@mail.io,United States,2021-12-17,Basic,71.26
7312,John Williams,john.williams@gmail.com,France,2020-07-09,Standard,595.29
7313,Susan Brown,susan.brown@yahoo.com,United States,2021-10-14,Standard,449.45
7314,Nancy Patel,nancy.patel1@gmail.com,United States,2021-03-16,Standard,590.18
7315,Linda Sharma,linda.sharma1@gmail.com,United States,2024-04-06,Standard,558.65
7316,Linda Lopez,linda.lopez2@outlook.com,United States,2024-12-29,Standard,552.96
7317,Priya White,priya.white@yahoo.com,France,2020-07-14,Standard,611.15
7318,Arjun Rodriguez,arjun.rodriguez1@outlook.com,United States,2023-07-30,Premium,1945.43
7319,James Kumar,james.kumar1@gmail.com,United States,2024-02-14,Basic,161.38
7320,Robert Gonzalez,robert.gonzalez1@gmail.com,Australia,2022-02-04,Basic,76.52
7321,Linda Thomas,linda.thomas1@gmail.com,France,2020-08-19,Standard,648.72
7322,Barbara Moore,barbara.moore1@yahoo.com,India,2023-01-25,Basic,197.20
7323,Daniel Sharma,daniel.sharma1@gmail.com,Canada,2021-01-04,Standard,288.54
7324,Jessica Kim,jessica.kim1@yahoo.com,Germany,2022-11-12,Basic,110.03
7325,Barbara Martin,barbara.martin2@mail.io,Canada,2025-01-16,Standard,181.54
7326,Mary Moore,mary.moore1@hotmail.com,United States,2020-08-17,Standard,98.62
7327,Priya Sharma,priya.sharma1@hotmail.com,France,2020-05-24,Premium,4888.95
7328,Stephanie Ramirez,stephanie.ramirez1@gmail.com,India,2021-07-23,Standard,562.23
7329,Sarah Harris,sarah.harris@yahoo.com,India,2021-07-22,Standard,759.09
7330,Anthony Williams,anthony.williams@company.com,Germany,2024-06-25,Basic,132.43
7331,David Brown,david.brown@outlook.com,United Kingdom,2022-03-10,Standard,391.26
7332,Oliver Walker,oliver.walker@company.com,United Kingdom,2025-03-21,Standard,794.22
7333,Sarah Patel,sarah.patel3@gmail.com,India,2020-03-13,Standard,246.73
7334,Donald Wilson,donald.wilson@company.com,Australia,2022-03-12,Standard,265.80
7335,Anthony Davis,anthony.davis1@mail.io,Germany,2020-07-26,Basic,133.42
7336,Linda Mueller,linda.mueller@gmail.com,United Kingdom,2021-08-15,Standard,496.59
7337,Karen Hernandez,karen.hernandez@hotmail.com,France,2022-11-22,Standard,636.58
7338,Emma Anderson,emma.anderson@yahoo.com,United States,2024-11-27,Standard,726.07
7339,Lucas Walker,lucas.walker@outlook.com,France,2024-08-18,Basic,188.32
7340,John Lee,john.lee1@mail.io,United States,2024-01-15,Standard,615.20
7341,Richard Martinez,richard.martinez@gmail.com,United Kingdom,2023-01-24,Standard,569.23
7342,Michael Johnson,michael.johnson@outlook.com,United States,2020-10-15,Basic,7.07
7343,Susan Robinson,susan.robinson1@hotmail.com,United States,2023-09-07,Standard,291.83
7344,Jennifer Mueller,jennifer.mueller@hotmail.com,United States,2023-07-16,Basic,57.50
7345,Patricia Perez,patricia.perez@corp.net,United States,2022-11-25,Standard,396.43
7346,Melissa Walker,melissa.walker@hotmail.com,India,2020-08-02,Basic,152.46
7347,Joseph Singh,joseph.singh1@mail.io,United States,2023-12-04,Basic,122.98
7348,Oliver Miller,oliver.miller1@corp.net,United States,2025-02-06,Basic,173.98
7349,Michael Garcia,michael.garcia@gmail.com,United States,2024-02-27,Standard,444.82
7350,David Lee,david.lee1@outlook.com,Canada,2024-07-04,Standard,328.85
7351,Arjun Mueller,arjun.mueller@mail.io,Germany,2021-05-03,Basic,56.60
7352,Michael Davis,michael.davis@company.com,United States,2022-05-20,Standard,703.70
7353,Sarah Davis,sarah.davis1@yahoo.com,Australia,2022-04-23,Basic,157.36
7354,John Walker,john.walker@hotmail.com,Canada,2022-11-30,Premium,1217.24
7355,Mary Gonzalez,mary.gonzalez@hotmail.com,India,2020-08-14,Standard,317.88
7356,Ananya Thomas,ananya.thomas1@gmail.com,United States,2021-08-23,Basic,104.93
7357,Richard Gonzalez,richard.gonzalez@gmail.com,United Kingdom,2020-03-13,Standard,421.82
7358,Sharon Sanchez,sharon.sanchez@mail.io,Canada,2021-03-01,Basic,87.91
7359,Mary Singh,mary.singh@outlook.com,Germany,2025-03-19,Basic,180.21
7360,Noah Lewis,noah.lewis@hotmail.com,France,2024-02-22,Standard,601.39
7361,Amanda Anderson,amanda.anderson@mail.io,France,2022-02-01,Standard,434.22
7362,Anthony Perez,anthony.perez@corp.net,United States,2024-06-13,Standard,455.79
7363,Daniel Harris,daniel.harris@gmail.com,United States,2025-04-16,Premium,4319.48
7364,Patricia Wilson,patricia.wilson@corp.net,United States,2023-02-03,Premium,901.37
7365,Lucas Clark,lucas.clark@gmail.com,India,2021-11-16,Premium,2686.10
7366,William Johnson,william.johnson@mail.io,United States,2024-09-04,Standard,113.03
7367,Daniel Miller,daniel.miller@gmail.com,United States,2025-04-05,Basic,145.44
7368,Ananya Lewis,ananya.lewis@corp.net,Australia,2021-08-04,Standard,296.73
7369,Donald Rodriguez,donald.rodriguez@outlook.com,Germany,2020-07-11,Basic,198.72
7370,Thomas Brown,thomas.brown2@company.com,United States,2021-07-07,Standard,408.43
7371,Thomas Rodriguez,thomas.rodriguez@mail.io,United Kingdom,2025-01-17,Standard,439.98
7372,Sofia Garcia,sofia.garcia3@gmail.com,Germany,2024-05-21,Standard,545.48
7373,Donald Mueller,donald.mueller1@hotmail.com,Australia,2024-06-04,Standard,424.89
7374,Michael Smith,michael.smith@yahoo.com,Germany,2023-10-23,Basic,13.19
7375,Elizabeth Garcia,elizabeth.garcia1@outlook.com,India,2022-03-22,Standard,399.45
7376,Kenneth Johnson,kenneth.johnson1@outlook.com,India,2024-01-05,Premium,2339.15
7377,Mary Sanchez,mary.sanchez2@hotmail.com,United States,2020-09-22,Basic,160.27
7378,Laura Nguyen,laura.nguyen2@outlook.com,Australia,2024-07-25,Premium,2729.57
7379,Lucas Ramirez,lucas.ramirez@gmail.com,Germany,2020-07-13,Standard,633.95
7380,Joshua Walker,joshua.walker1@icloud.com,Canada,2022-12-01,Standard,296.87
7381,Paul White,paul.white3@gmail.com,Canada,2022-05-29,Basic,148.64
7382,Joshua Jones,joshua.jones@icloud.com,Canada,2021-07-04,Premium,654.46
7383,Steven Hernandez,steven.hernandez@corp.net,Australia,2021-09-19,Standard,538.29
7384,Laura Rodriguez,laura.rodriguez@mail.io,Australia,2021-01-27,Standard,376.11
7385,Joseph Robinson,joseph.robinson1@gmail.com,United Kingdom,2022-08-27,Standard,514.96
7386,Emily Sharma,emily.sharma@company.com,Germany,2024-10-18,Premium,572.90
7387,Amanda Lee,amanda.lee1@gmail.com,United States,2022-08-19,Standard,99.94
7388,Jessica Patel,jessica.patel1@gmail.com,United States,2022-11-27,Basic,67.30
7389,Stephanie Patel,stephanie.patel1@mail.io,United States,2021-04-09,Standard,92.69
7390,Donald Moore,donald.moore@icloud.com,United States,2022-11-01,Standard,606.66
7391,Patricia Walker,patricia.walker@outlook.com,United Kingdom,2022-12-09,Basic,93.08
7392,John Robinson,john.robinson2@gmail.com,Germany,2022-01-24,Premium,1864.46
7393,Mary Nguyen,mary.nguyen@corp.net,Australia,2020-08-31,Standard,236.60
7394,Michael Thomas,michael.thomas@yahoo.com,Germany,2021-12-04,Standard,391.41
7395,Jessica Martin,jessica.martin3@gmail.com,France,2025-04-20,Standard,626.17
7396,John Chen,john.chen@outlook.com,United States,2020-07-31,Standard,322.48
7397,Stephanie Mueller,stephanie.mueller@hotmail.com,France,2023-03-11,Basic,23.33
7398,Lucas Kumar,lucas.kumar2@gmail.com,Germany,2023-02-13,Basic,71.33
7399,John Miller,john.miller2@gmail.com,India,2021-02-23,Premium,1929.97
7400,Daniel Johnson,daniel.johnson@yahoo.com,France,2022-02-15,Standard,174.60
7401,Paul Gonzalez,paul.gonzalez2@gmail.com,United States,2022-12-04,Premium,4701.77
7402,Mark Taylor,mark.taylor1@company.com,United States,2020-12-17,Standard,747.98
7403,Michael Brown,michael.brown1@gmail.com,United States,2023-11-05,Standard,182.71
7404,Emma Lopez,emma.lopez1@gmail.com,United States,2021-09-27,Standard,323.08
7405,Mark Mueller,mark.mueller1@outlook.com,France,2025-03-27,Standard,132.43
7406,Lucas Martin,lucas.martin@gmail.com,United States,2022-05-05,Premium,3340.63
7407,Mary Miller,mary.miller@gmail.com,United States,2020-01-12,Standard,301.25
7408,Noah Jones,noah.jones5@gmail.com,United Kingdom,2020-02-12,Basic,94.82
7409,Sarah Wang,sarah.wang2@gmail.com,India,2023-12-31,Standard,356.69
7410,Karen Perez,karen.perez@hotmail.com,United Kingdom,2020-10-25,Standard,701.31
7411,Donald Moore,donald.moore1@yahoo.com,Australia,2021-11-02,Premium,4559.95
7412,James Taylor,james.taylor1@outlook.com,United States,2023-03-20,Basic,92.32
7413,Andrew Garcia,andrew.garcia@corp.net,Australia,2020-05-17,Standard,106.25
7414,Emma Brown,emma.brown1@gmail.com,United States,2025-01-04,Basic,85.26
7415,Laura Thomas,laura.thomas@yahoo.com,Germany,2023-12-05,Standard,693.83
7416,Jennifer Chen,jennifer.chen1@mail.io,Germany,2023-01-12,Standard,542.84
7417,Lucas Ramirez,lucas.ramirez1@icloud.com,Germany,2020-04-03,Basic,196.54
7418,Donald Miller,donald.miller1@gmail.com,United Kingdom,2021-02-22,Standard,589.22
7419,Noah Lee,noah.lee2@gmail.com,United States,2021-08-10,Standard,254.62
7420,Priya Taylor,priya.taylor1@gmail.com,Canada,2025-01-25,Standard,513.13
7421,Susan Davis,susan.davis@yahoo.com,France,2024-07-08,Standard,122.19
7422,Mia Hernandez,mia.hernandez@gmail.com,United States,2023-01-04,Premium,3712.58
7423,Nancy Walker,nancy.walker@hotmail.com,United States,2024-03-26,Standard,447.66
7424,Lisa Jackson,lisa.jackson1@company.com,Germany,2022-02-16,Standard,56.87
7425,Lucas Miller,lucas.miller@icloud.com,United States,2021-01-13,Standard,757.09
7426,Noah Martin,noah.martin@corp.net,Germany,2020-09-16,Basic,185.67
7427,Jessica Thompson,jessica.thompson@gmail.com,Canada,2021-01-20,Standard,626.34
7428,Amanda Martinez,amanda.martinez1@gmail.com,Australia,2025-04-18,Standard,100.65
7429,Daniel Garcia,daniel.garcia1@outlook.com,United States,2025-04-21,Standard,434.32
7430,Christopher Kumar,christopher.kumar1@outlook.com,France,2022-06-05,Standard,291.72
7431,Arjun Sharma,arjun.sharma@icloud.com,United States,2021-11-05,Basic,192.05
7432,Sarah Ramirez,sarah.ramirez1@gmail.com,France,2020-02-02,Standard,582.15
7433,Emma Perez,emma.perez1@yahoo.com,United Kingdom,2021-10-06,Premium,4265.17
7434,James Thomas,james.thomas@outlook.com,United States,2021-11-29,Basic,123.33
7435,David Walker,david.walker2@gmail.com,Australia,2025-03-04,Standard,605.17
7436,Stephanie Patel,stephanie.patel@outlook.com,France,2024-05-30,Standard,74.95
7437,Sofia Clark,sofia.clark3@gmail.com,Canada,2020-06-28,Premium,2110.87
7438,Priya Taylor,priya.taylor1@yahoo.com,France,2023-01-30,Standard,669.96
7439,William Anderson,william.anderson@gmail.com,United Kingdom,2024-02-04,Standard,506.34
7440,Laura Williams,laura.williams@corp.net,Canada,2025-04-18,Basic,25.61
7441,Karen Lewis,karen.lewis@outlook.com,United States,2021-10-16,Basic,104.96
7442,Ashley Wang,ashley.wang@yahoo.com,Germany,2024-12-14,Standard,257.16
7443,Jennifer Wang,jennifer.wang1@gmail.com,Germany,2021-08-19,Basic,138.97
7444,William Chen,william.chen1@gmail.com,France,2023-06-04,Basic,27.44
7445,Noah Anderson,noah.anderson@icloud.com,United Kingdom,2020-05-23,Standard,335.97
7446,Raj Lee,raj.lee@outlook.com,India,2020-01-03,Standard,364.14
7447,Richard Moore,richard.moore@hotmail.com,United States,2021-04-11,Premium,3188.21
7448,Oliver Chen,oliver.chen@mail.io,United States,2022-05-12,Basic,199.83
7449,Karen Brown,karen.brown@yahoo.com,Germany,2022-08-09,Basic,150.06
7450,Priya Chen,priya.chen1@company.com,United States,2021-04-21,Standard,313.95
7451,Donald Miller,donald.miller2@gmail.com,United States,2020-12-18,Premium,3369.42
7452,Jessica Miller,jessica.miller@gmail.com,United Kingdom,2024-12-17,Standard,626.95
7453,Anthony Williams,anthony.williams1@gmail.com,United Kingdom,2023-02-06,Standard,669.06
7454,Michael Taylor,michael.taylor3@gmail.com,United Kingdom,2022-07-13,Basic,56.91
7455,Mia Kumar,mia.kumar@hotmail.com,United States,2024-03-21,Standard,608.98
7456,Andrew Harris,andrew.harris@mail.io,India,2020-10-12,Premium,2078.75
7457,Emily Rodriguez,emily.rodriguez1@gmail.com,India,2025-05-08,Standard,416.23
7458,William Rodriguez,william.rodriguez@icloud.com,Germany,2022-10-29,Basic,183.49
7459,Elizabeth Smith,elizabeth.smith@gmail.com,United States,2025-04-28,Premium,2484.04
7460,Paul Robinson,paul.robinson@mail.io,United States,2024-07-10,Standard,492.79
7461,Donald Lopez,donald.lopez@gmail.com,United States,2022-02-09,Basic,10.91
7462,Robert Thompson,robert.thompson1@gmail.com,United States,2024-07-28,Premium,1492.37
7463,Christopher Anderson,christopher.anderson@outlook.com,France,2023-01-31,Standard,679.39
7464,Patricia Moore,patricia.moore@icloud.com,United States,2023-09-01,Standard,506.76
7465,Richard Wilson,richard.wilson@mail.io,Australia,2020-12-24,Standard,615.30
7466,John Wilson,john.wilson@gmail.com,Germany,2021-04-08,Basic,58.45
7467,Arjun Nguyen,arjun.nguyen1@gmail.com,United Kingdom,2024-01-08,Standard,373.93
7468,Jennifer Martinez,jennifer.martinez1@outlook.com,United States,2021-11-15,Standard,751.15
7469,Raj Davis,raj.davis1@gmail.com,Germany,2021-07-07,Standard,312.80
7470,Sarah Sharma,sarah.sharma1@hotmail.com,Canada,2024-06-26,Standard,473.39
7471,Priya Miller,priya.miller@yahoo.com,United States,2024-07-20,Standard,352.27
7472,Daniel Johnson,daniel.johnson@hotmail.com,United States,2022-03-01,Standard,764.67
7473,Oliver Brown,oliver.brown@outlook.com,United Kingdom,2023-02-11,Standard,668.00
7474,Sarah Rodriguez,sarah.rodriguez2@gmail.com,Canada,2022-08-05,Standard,448.86
7475,Matthew Clark,matthew.clark@icloud.com,United States,2023-04-01,Premium,2034.71
7476,Barbara Garcia,barbara.garcia1@company.com,United States,2020-09-26,Basic,151.57
7477,Susan Mueller,susan.mueller2@gmail.com,United Kingdom,2023-01-26,Standard,528.21
7478,Steven Jackson,steven.jackson@yahoo.com,France,2021-02-23,Standard,114.25
7479,Lisa Lopez,lisa.lopez2@gmail.com,Germany,2025-01-07,Basic,31.65
7480,Sharon White,sharon.white@hotmail.com,United States,2024-04-02,Basic,119.86
7481,Anthony Kumar,anthony.kumar2@company.com,United Kingdom,2021-10-28,Standard,367.95
7482,Lucas Ramirez,,Germany,2020-01-19,Standard,617.69
7483,Michael Gonzalez,michael.gonzalez@hotmail.com,United States,2020-08-26,Standard,754.51
7484,Emma Davis,emma.davis2@gmail.com,Germany,2023-08-31,Standard,418.04
7485,Priya Taylor,priya.taylor@icloud.com,United States,2020-02-23,Standard,758.96
7486,Paul Wilson,paul.wilson2@gmail.com,United Kingdom,2022-02-15,Standard,467.60
7487,Thomas Jones,thomas.jones1@mail.io,United States,2021-12-10,Standard,728.95
7488,Sharon Jones,sharon.jones3@gmail.com,Canada,2023-02-09,Standard,114.97
7489,Thomas Wang,thomas.wang@yahoo.com,Australia,2022-05-12,Basic,101.01
7490,James Robinson,james.robinson@icloud.com,France,2023-09-02,Premium,2205.21
7491,Linda Perez,linda.perez1@mail.io,United States,2020-12-06,Standard,789.72
7492,Susan Jones,susan.jones1@outlook.com,United States,2024-01-24,Standard,404.51
7493,Priya Lee,priya.lee@gmail.com,France,2021-10-05,Standard,234.31
7494,Sarah Hernandez,sarah.hernandez@hotmail.com,France,2024-12-14,Premium,3692.18
7495,Michael Martin,michael.martin@mail.io,United States,2022-05-20,Standard,78.65
7496,Melissa Thompson,melissa.thompson2@gmail.com,United States,2023-05-21,Standard,794.44
7497,Emily Martin,emily.martin@outlook.com,United States,2024-12-20,Standard,331.51
7498,Donald Moore,donald.moore2@gmail.com,Canada,2023-04-07,Standard,420.81
7499,Lisa Lopez,lisa.lopez3@gmail.com,United Kingdom,2022-09-01,Premium,4330.25
7500,Priya Patel,priya.patel@outlook.com,United States,2022-09-23,Standard,183.54
7501,James Brown,james.brown1@outlook.com,United States,2021-01-29,Standard,127.41
7502,Donald Wang,donald.wang3@gmail.com,Canada,2024-04-10,Standard,718.57
7503,Elizabeth Wilson,elizabeth.wilson@mail.io,India,2021-02-15,Standard,489.92
7504,Joshua Davis,joshua.davis1@outlook.com,United Kingdom,2025-05-05,Standard,53.38
7505,Priya Thomas,priya.thomas2@gmail.com,United Kingdom,2020-12-08,Premium,3973.80
7506,Mark Brown,mark.brown@gmail.com,United States,2022-02-19,Basic,170.61
7507,Patricia White,patricia.white2@mail.io,United States,2023-11-03,Premium,2494.37
7508,Thomas Davis,thomas.davis@hotmail.com,Australia,2023-01-17,Basic,127.85
7509,Sharon Smith,sharon.smith3@gmail.com,Canada,2021-09-16,Standard,224.62
7510,Kenneth Kumar,kenneth.kumar2@gmail.com,United States,2020-03-22,Standard,584.39
7511,Susan Singh,susan.singh@mail.io,United States,2023-07-20,Basic,49.33
7512,Richard Kim,richard.kim@company.com,United States,2022-10-02,Standard,57.16
7513,Matthew Lee,matthew.lee1@gmail.com,United States,2021-09-20,Premium,1898.20
7514,Michael Gonzalez,michael.gonzalez@gmail.com,Canada,2023-04-09,Standard,634.55
7515,David Wilson,david.wilson1@outlook.com,Germany,2022-02-22,Standard,715.34
7516,Elizabeth Sharma,elizabeth.sharma1@outlook.com,India,2025-05-01,Basic,42.98
7517,Mia Lopez,mia.lopez2@gmail.com,United Kingdom,2022-06-06,Basic,182.97
7518,Emma Walker,emma.walker@outlook.com,United Kingdom,2022-01-18,Standard,498.74
7519,Andrew Smith,andrew.smith@gmail.com,France,2021-02-26,Basic,60.08
7520,Emily Sharma,emily.sharma1@gmail.com,Australia,2024-03-03,Basic,30.27
7521,James Thomas,james.thomas@hotmail.com,United Kingdom,2022-02-05,Basic,130.46
7522,John Sharma,john.sharma4@gmail.com,United States,2025-01-21,Standard,698.80
7523,David Smith,david.smith1@company.com,United States,2022-07-03,Standard,390.56
7524,Mia Thompson,mia.thompson@hotmail.com,Canada,2021-05-04,Premium,4926.95
7525,Christopher Martin,christopher.martin@gmail.com,Australia,2020-01-27,Standard,189.64
7526,Michael Jones,michael.jones3@gmail.com,United States,2021-03-08,Standard,484.33
7527,Joseph Thomas,joseph.thomas@outlook.com,United States,2023-01-02,Standard,351.65
7528,Richard Sharma,richard.sharma@yahoo.com,Canada,2021-11-16,Basic,109.32
7529,Oliver Mueller,oliver.mueller4@gmail.com,Australia,2024-05-13,Standard,736.02
7530,Patricia Kumar,patricia.kumar2@gmail.com,United States,2023-03-13,Premium,2053.63
7531,Matthew Thompson,matthew.thompson1@gmail.com,United States,2023-04-05,Basic,126.06
7532,William Nguyen,william.nguyen1@gmail.com,United States,2022-10-14,Standard,564.29
7533,Ashley Chen,ashley.chen@company.com,United States,2020-08-18,Standard,618.70
7534,Paul Jackson,paul.jackson@company.com,Germany,2020-02-04,Basic,93.16
7535,Ananya Walker,ananya.walker@gmail.com,Germany,2021-06-25,Standard,207.12
7536,Steven Kim,steven.kim@icloud.com,France,2022-03-15,Standard,363.79
7537,Emma Patel,emma.patel@hotmail.com,United States,2020-06-02,Basic,67.92
7538,Mark Martinez,mark.martinez@company.com,France,2020-04-24,Basic,132.32
7539,Emma Robinson,emma.robinson@hotmail.com,United States,2020-12-09,Basic,41.39
7540,Anthony Harris,anthony.harris@mail.io,France,2020-12-24,Basic,3.73
7541,Joseph Garcia,joseph.garcia@hotmail.com,United States,2024-03-15,Standard,444.68
7542,Joseph Mueller,joseph.mueller@yahoo.com,United States,2020-11-08,Basic,87.93
7543,Patricia Jones,patricia.jones1@yahoo.com,France,2024-02-18,Basic,187.93
7544,Sharon Thomas,sharon.thomas@icloud.com,France,2025-02-24,Basic,176.43
7545,Melissa Martin,melissa.martin@hotmail.com,Australia,2025-04-30,Standard,443.33
7546,Rebecca Sharma,rebecca.sharma3@gmail.com,United Kingdom,2024-12-02,Basic,199.13
7547,Paul Brown,paul.brown1@yahoo.com,United Kingdom,2022-05-20,Basic,145.64
7548,Thomas Martin,thomas.martin2@gmail.com,United States,2022-01-14,Basic,186.56
7549,Laura Hernandez,laura.hernandez@hotmail.com,United States,2021-09-07,Standard,207.32
7550,Joseph Garcia,joseph.garcia2@gmail.com,Germany,2020-03-19,Basic,157.44
7551,David Nguyen,david.nguyen@icloud.com,United States,2024-12-10,Premium,2789.59
7552,Matthew Nguyen,matthew.nguyen1@outlook.com,Germany,2024-08-22,Premium,3660.64
7553,Donald Moore,donald.moore3@gmail.com,Australia,2025-05-01,Standard,767.50
7554,Ananya Lewis,ananya.lewis@icloud.com,United States,2022-08-12,Standard,708.45
7555,Emily Lee,emily.lee@outlook.com,United States,2024-06-10,Basic,182.54
7556,Jessica Smith,jessica.smith1@mail.io,France,2022-02-17,Basic,102.19
7557,Christopher Ramirez,christopher.ramirez3@gmail.com,United States,2021-04-15,Standard,473.01
7558,Sarah Jones,sarah.jones@yahoo.com,Germany,2021-10-08,Standard,708.41
7559,Sofia Jackson,sofia.jackson@mail.io,United States,2020-03-14,Standard,682.13
7560,Matthew Taylor,matthew.taylor@icloud.com,United States,2022-10-29,Basic,70.18
7561,Oliver Kim,oliver.kim@company.com,France,2024-06-21,Standard,536.45
7562,Barbara Perez,barbara.perez@icloud.com,United States,2022-02-16,Standard,579.75
7563,Emily Davis,emily.davis@yahoo.com,United States,2023-02-17,Standard,62.81
7564,Jennifer Patel,jennifer.patel@mail.io,India,2020-11-17,Basic,136.24
7565,Matthew Lee,matthew.lee1@hotmail.com,United States,2020-09-29,Standard,607.69
7566,Michael Johnson,michael.johnson@gmail.com,United States,2022-05-17,Standard,641.79
7567,Kenneth Anderson,kenneth.anderson@company.com,Australia,2024-06-25,Basic,179.14
7568,Laura Jackson,laura.jackson@mail.io,United Kingdom,2022-03-30,Standard,287.48
7569,Susan Johnson,susan.johnson1@gmail.com,United States,2024-08-24,Standard,507.72
7570,David Mueller,david.mueller1@mail.io,Germany,2023-06-22,Standard,54.41
7571,Lucas Sharma,lucas.sharma1@gmail.com,France,2020-04-13,Standard,791.87
7572,Lisa Harris,lisa.harris@icloud.com,United States,2021-10-01,Basic,50.08
7573,Andrew Davis,andrew.davis1@yahoo.com,United States,2024-01-24,Standard,595.97
7574,Joshua Gonzalez,joshua.gonzalez@outlook.com,India,2020-04-29,Standard,125.48
7575,Emma Ramirez,emma.ramirez@icloud.com,Germany,2022-05-28,Standard,564.27
7576,Daniel Sanchez,daniel.sanchez@icloud.com,United States,2023-07-30,Basic,135.67
7577,Anthony Wang,anthony.wang@gmail.com,France,2025-01-02,Basic,43.93
7578,Linda Chen,linda.chen1@gmail.com,France,2022-08-09,Basic,58.12
7579,Emma Williams,emma.williams1@gmail.com,Australia,2020-07-25,Standard,541.40
7580,Ashley Harris,ashley.harris1@icloud.com,France,2024-08-02,Basic,85.56
7581,Joshua Mueller,joshua.mueller@outlook.com,United States,2022-12-21,Standard,219.06
7582,Barbara Thompson,barbara.thompson@mail.io,United Kingdom,2020-02-28,Basic,154.96
7583,Sharon Kumar,sharon.kumar@icloud.com,France,2024-11-09,Basic,63.27
7584,Lucas Brown,lucas.brown1@mail.io,United States,2024-03-18,Basic,1.06
7585,Michael Anderson,michael.anderson@mail.io,France,2021-03-19,Premium,638.40
7586,Melissa Jackson,melissa.jackson1@gmail.com,United Kingdom,2024-05-03,Standard,595.78
7587,Jennifer Harris,jennifer.harris2@gmail.com,Australia,2020-08-21,Premium,924.28
7588,Noah Mueller,noah.mueller1@company.com,United States,2022-11-02,Standard,411.93
7589,Andrew Thompson,andrew.thompson1@gmail.com,Australia,2021-07-28,Standard,400.94
7590,Sarah Brown,sarah.brown@outlook.com,United Kingdom,2022-08-15,Basic,157.24
7591,Rebecca White,rebecca.white@gmail.com,United States,2020-09-19,Basic,139.14
7592,James Gonzalez,james.gonzalez@company.com,Australia,2020-11-26,Standard,401.03
7593,Joseph White,joseph.white@yahoo.com,United States,2023-10-31,Standard,518.68
7594,Joshua Lewis,joshua.lewis2@gmail.com,Canada,2020-02-23,Standard,304.78
7595,Ananya Kumar,ananya.kumar@yahoo.com,India,2020-02-14,Standard,317.63
7596,James Harris,james.harris1@yahoo.com,France,2020-11-25,Standard,153.52
7597,Elizabeth Miller,elizabeth.miller1@gmail.com,United States,2023-07-23,Basic,61.26
7598,Ananya Sanchez,ananya.sanchez1@gmail.com,United States,2021-10-27,Standard,77.42
7599,Anthony Anderson,anthony.anderson1@yahoo.com,Canada,2020-02-28,Basic,183.36
7600,Arjun Brown,arjun.brown1@outlook.com,United States,2020-11-23,Basic,179.75
7601,Jessica Wilson,jessica.wilson@outlook.com,United States,2022-07-07,Premium,4293.96
7602,John Chen,john.chen1@gmail.com,France,2023-05-27,Premium,1018.58
7603,Paul Jones,paul.jones2@outlook.com,United Kingdom,2023-12-07,Standard,775.35
7604,Barbara Davis,barbara.davis4@gmail.com,France,2021-08-18,Basic,37.95
7605,Paul Sanchez,paul.sanchez2@gmail.com,United States,2020-12-25,Standard,644.46
7606,Mia Davis,mia.davis@corp.net,United Kingdom,2022-02-17,Premium,3220.10
7607,Karen Sanchez,karen.sanchez1@gmail.com,France,2021-06-12,Standard,135.82
7608,Ananya Martinez,ananya.martinez@corp.net,Germany,2020-09-15,Standard,393.45
7609,John Harris,john.harris1@hotmail.com,France,2024-05-03,Standard,581.33
7610,Mia Rodriguez,mia.rodriguez@outlook.com,India,2021-01-09,Standard,703.90
7611,Kenneth Thompson,kenneth.thompson@hotmail.com,Germany,2025-02-05,Standard,103.39
7612,Kenneth Sharma,kenneth.sharma@icloud.com,India,2024-06-16,Standard,361.12
7613,Elizabeth Patel,elizabeth.patel1@mail.io,United States,2021-12-04,Basic,180.53
7614,William Thompson,william.thompson@gmail.com,France,2021-05-19,Standard,439.79
7615,John Thomas,john.thomas1@gmail.com,United Kingdom,2020-10-26,Standard,473.84
7616,Mia Sanchez,mia.sanchez2@gmail.com,France,2021-10-30,Standard,615.88
7617,Kenneth White,kenneth.white1@gmail.com,United States,2021-08-19,Premium,1804.35
7618,Jessica Wilson,jessica.wilson@gmail.com,United States,2020-11-14,Standard,194.34
7619,Elizabeth Jones,elizabeth.jones@yahoo.com,United States,2022-01-28,Standard,361.71
7620,Arjun Robinson,arjun.robinson@hotmail.com,Germany,2022-05-28,Basic,62.36
7621,Mark Rodriguez,mark.rodriguez@mail.io,Germany,2024-05-08,Basic,190.74
7622,Lucas Lee,lucas.lee@mail.io,United States,2023-11-02,Basic,167.29
7623,Rebecca Mueller,rebecca.mueller1@gmail.com,United States,2021-04-01,Standard,510.02
7624,Mia Gonzalez,mia.gonzalez2@icloud.com,United States,2020-07-13,Standard,72.00
7625,Christopher Kumar,christopher.kumar@mail.io,United States,2020-11-23,Standard,206.30
7626,Raj Wang,raj.wang2@gmail.com,India,2021-05-18,Premium,4807.10
7627,Lisa Patel,lisa.patel2@gmail.com,United Kingdom,2020-11-03,Basic,124.60
7628,Lisa Lee,lisa.lee1@gmail.com,United States,2024-10-02,Standard,236.70
7629,Thomas Lewis,thomas.lewis@gmail.com,France,2024-10-09,Standard,270.57
7630,Melissa Williams,melissa.williams1@gmail.com,United States,2021-07-17,Basic,92.77
7631,Karen Anderson,karen.anderson1@gmail.com,Germany,2022-10-28,Premium,4499.48
7632,Richard Martinez,richard.martinez@yahoo.com,Germany,2020-03-03,Standard,316.29
7633,Melissa Perez,melissa.perez2@gmail.com,United Kingdom,2024-04-09,Basic,76.17
7634,James Ramirez,james.ramirez@yahoo.com,United States,2023-09-13,Basic,65.76
7635,Susan Gonzalez,susan.gonzalez3@gmail.com,France,2021-03-04,Standard,189.09
7636,Thomas Kumar,thomas.kumar@gmail.com,United States,2022-07-29,Basic,105.12
7637,Joseph Thompson,joseph.thompson3@gmail.com,United States,2020-09-09,Standard,488.90
7638,James Jones,james.jones@yahoo.com,United States,2025-04-28,Premium,3962.34
7639,Daniel Clark,daniel.clark@outlook.com,United States,2021-07-13,Standard,103.01
7640,James Williams,james.williams@company.com,United States,2021-12-01,Standard,467.34
7641,James Robinson,james.robinson3@gmail.com,United States,2023-05-28,Premium,1299.93
7642,Daniel Chen,daniel.chen@gmail.com,France,2025-01-15,Premium,819.28
7643,Donald Hernandez,donald.hernandez1@gmail.com,Germany,2021-04-21,Standard,770.42
7644,Donald Martin,donald.martin@icloud.com,Australia,2024-11-01,Premium,3664.82
7645,Mia Chen,mia.chen1@gmail.com,Germany,2024-06-11,Basic,127.61
7646,Nancy Rodriguez,nancy.rodriguez@yahoo.com,United Kingdom,2025-02-18,Basic,8.29
7647,Ashley Lewis,ashley.lewis@outlook.com,Germany,2021-09-11,Standard,744.93
7648,Michael Martin,michael.martin2@gmail.com,United States,2020-06-01,Standard,474.38
7649,Ananya Sanchez,ananya.sanchez@yahoo.com,India,2024-03-25,Premium,2968.27
7650,Christopher Williams,christopher.williams@icloud.com,United Kingdom,2022-02-17,Standard,92.04
7651,Ashley Perez,ashley.perez4@gmail.com,United States,2024-06-15,Standard,613.78
7652,Steven Jones,steven.jones@mail.io,United States,2024-10-14,Basic,44.19
7653,David Ramirez,david.ramirez2@gmail.com,Germany,2021-09-25,Standard,75.65
7654,Kenneth Miller,kenneth.miller1@hotmail.com,United Kingdom,2020-11-09,Standard,672.87
7655,Sarah Garcia,sarah.garcia2@gmail.com,United States,2024-12-30,Standard,469.13
7656,Mark Smith,mark.smith1@gmail.com,United States,2022-06-19,Standard,760.75
7657,Arjun Jones,arjun.jones@gmail.com,United Kingdom,2020-05-18,Standard,720.36
7658,Melissa Brown,melissa.brown@gmail.com,India,2020-06-23,Standard,784.29
7659,James Jones,james.jones1@gmail.com,Australia,2020-01-09,Basic,11.77
7660,Jessica Jones,jessica.jones@gmail.com,France,2020-10-24,Standard,218.48
7661,Andrew Garcia,andrew.garcia@outlook.com,India,2023-11-30,Basic,65.08
7662,Christopher Clark,christopher.clark@mail.io,United Kingdom,2023-08-15,Basic,151.94
7663,Mary Moore,mary.moore1@company.com,Germany,2025-03-02,Basic,117.86
7664,James Jackson,james.jackson@yahoo.com,United States,2023-08-14,Premium,1494.76
7665,Joshua Jones,joshua.jones@gmail.com,United States,2024-09-12,Standard,96.17
7666,Arjun Martinez,arjun.martinez2@gmail.com,United States,2023-10-12,Standard,504.73
7667,Noah Thompson,noah.thompson@outlook.com,Australia,2023-08-01,Standard,709.75
7668,Jennifer Kumar,jennifer.kumar2@gmail.com,Germany,2024-05-10,Basic,180.14
7669,Emma Anderson,emma.anderson@gmail.com,Australia,2023-04-10,Basic,167.83
7670,Arjun Patel,arjun.patel4@gmail.com,India,2021-05-13,Standard,747.08
7671,Anthony Kumar,anthony.kumar@icloud.com,Australia,2020-09-26,Standard,670.67
7672,Rebecca Perez,rebecca.perez1@gmail.com,United States,2024-02-27,Standard,644.10
7673,David Davis,david.davis1@gmail.com,United States,2022-08-30,Basic,2.93
7674,Melissa Brown,melissa.brown1@mail.io,United States,2023-05-16,Basic,34.48
7675,Ananya Rodriguez,ananya.rodriguez1@hotmail.com,Germany,2021-04-13,Standard,585.85
7676,Emily Nguyen,emily.nguyen@gmail.com,Germany,2022-10-29,Premium,1727.73
7677,Sharon Sanchez,sharon.sanchez@gmail.com,India,2024-05-29,Standard,188.92
7678,Mark Lewis,mark.lewis1@gmail.com,Australia,2021-11-28,Basic,170.62
7679,Christopher Anderson,christopher.anderson1@hotmail.com,United States,2020-11-07,Standard,714.48
7680,Elizabeth Brown,elizabeth.brown@hotmail.com,United States,2025-01-07,Standard,740.75
7681,Matthew Miller,matthew.miller@hotmail.com,United States,2024-10-22,Standard,752.44
7682,Linda Sharma,linda.sharma@outlook.com,United States,2022-05-20,Standard,465.78
7683,Lisa Taylor,lisa.taylor@icloud.com,Australia,2024-11-21,Standard,680.36
7684,Sharon Hernandez,sharon.hernandez2@gmail.com,Canada,2023-05-10,Standard,155.73
7685,Robert Clark,robert.clark@hotmail.com,United States,2025-04-22,Premium,2943.42
7686,Raj Garcia,raj.garcia1@company.com,United States,2022-05-15,Standard,483.49
7687,Mia Brown,mia.brown@icloud.com,France,2020-06-28,Basic,121.73
7688,Sofia Johnson,sofia.johnson2@company.com,United States,2025-04-02,Basic,177.35
7689,Lucas Ramirez,lucas.ramirez@outlook.com,France,2022-11-04,Standard,317.16
7690,Steven Williams,steven.williams2@gmail.com,Germany,2021-02-24,Premium,2794.70
7691,Laura Jones,laura.jones@icloud.com,United States,2022-10-23,Standard,431.86
7692,Steven Moore,steven.moore1@company.com,France,2024-05-03,Standard,704.84
7693,Paul Brown,paul.brown1@corp.net,United States,2025-03-26,Standard,628.85
7694,Anthony White,anthony.white1@gmail.com,United States,2022-11-28,Standard,154.48
7695,Richard Thomas,richard.thomas1@gmail.com,France,2021-10-14,Premium,2223.77
7696,Joshua Lopez,joshua.lopez@gmail.com,United States,2022-02-18,Basic,78.44
7697,Elizabeth Garcia,elizabeth.garcia1@gmail.com,Australia,2020-10-24,Standard,412.55
7698,Emma Nguyen,emma.nguyen2@yahoo.com,France,2020-09-26,Basic,192.41
7699,Susan Walker,susan.walker@mail.io,France,2021-08-15,Basic,108.73
7700,Emma Hernandez,emma.hernandez1@mail.io,United States,2020-08-11,Standard,169.24
7701,Priya Anderson,priya.anderson@gmail.com,Germany,2021-01-13,Basic,146.87
7702,Sarah Walker,sarah.walker3@gmail.com,United Kingdom,2024-05-08,Basic,100.47
7703,Priya Jones,priya.jones1@gmail.com,United Kingdom,2023-01-26,Standard,742.97
7704,Emma Wilson,emma.wilson1@company.com,United Kingdom,2025-01-23,Basic,116.20
7705,Melissa Williams,melissa.williams@hotmail.com,Germany,2020-11-15,Standard,410.56
7706,Laura Kumar,laura.kumar1@gmail.com,India,2024-09-22,Standard,281.00
7707,John Miller,john.miller1@outlook.com,Canada,2022-07-31,Basic,139.28
7708,Raj Walker,raj.walker@gmail.com,Canada,2022-09-04,Premium,3251.37
7709,Priya Martinez,priya.martinez@outlook.com,Australia,2022-01-16,Standard,382.04
7710,Michael Lee,michael.lee@yahoo.com,United Kingdom,2022-08-17,Standard,264.58
7711,Elizabeth Mueller,elizabeth.mueller1@company.com,United States,2023-01-14,Basic,191.80
7712,Donald Gonzalez,,Germany,2021-12-23,Standard,482.47
7713,Joshua Hernandez,joshua.hernandez@corp.net,India,2023-08-20,Premium,982.90
7714,Mary Robinson,mary.robinson@company.com,United States,2021-01-28,Premium,991.58
7715,Sofia Mueller,sofia.mueller1@gmail.com,Canada,2023-06-28,Basic,144.13
7716,Jennifer White,jennifer.white@yahoo.com,United States,2022-05-05,Basic,65.48
7717,Stephanie Gonzalez,stephanie.gonzalez@gmail.com,United States,2020-03-01,Standard,777.79
7718,Barbara Wilson,barbara.wilson1@gmail.com,United States,2021-10-24,Basic,107.00
7719,Sofia White,sofia.white@yahoo.com,United States,2022-03-07,Basic,75.85
7720,Oliver White,oliver.white2@gmail.com,India,2022-09-06,Standard,263.96
7721,Patricia Wang,patricia.wang@yahoo.com,United States,2022-09-05,Standard,459.27
7722,Robert Patel,robert.patel@gmail.com,United Kingdom,2024-07-27,Standard,457.62
7723,Noah Davis,noah.davis@yahoo.com,Germany,2021-06-28,Basic,150.63
7724,Stephanie Sharma,stephanie.sharma2@gmail.com,India,2021-05-08,Basic,195.52
7725,Sharon Moore,sharon.moore@gmail.com,United States,2020-11-21,Premium,3187.57
7726,Paul Patel,paul.patel1@company.com,Australia,2021-01-05,Standard,275.86
7727,Emma Chen,emma.chen@hotmail.com,United States,2023-12-27,Standard,371.82
7728,Donald Jackson,donald.jackson1@yahoo.com,United States,2022-09-18,Standard,518.59
7729,Joshua Singh,joshua.singh1@outlook.com,United States,2020-10-07,Standard,450.26
7730,Sharon Mueller,sharon.mueller@mail.io,United States,2022-05-09,Standard,741.54
7731,Nancy Martin,nancy.martin2@gmail.com,Canada,2020-01-19,Premium,3855.29
7732,Patricia Martinez,patricia.martinez1@outlook.com,United States,2021-05-26,Standard,475.68
7733,Mark Walker,mark.walker1@gmail.com,Germany,2020-12-16,Standard,707.75
7734,Ananya Mueller,ananya.mueller2@company.com,Australia,2023-12-31,Premium,3040.27
7735,Joshua Perez,joshua.perez1@corp.net,United States,2024-11-18,Basic,122.18
7736,Elizabeth Lopez,elizabeth.lopez@yahoo.com,United States,2020-12-31,Standard,533.90
7737,Donald Nguyen,donald.nguyen@outlook.com,India,2022-12-27,Standard,392.83
7738,Emily Miller,emily.miller1@hotmail.com,United Kingdom,2024-02-07,Basic,129.54
7739,Susan Perez,susan.perez@mail.io,United Kingdom,2022-01-13,Basic,183.07
7740,Arjun Lee,arjun.lee@mail.io,United States,2022-01-06,Standard,181.97
7741,Oliver Martin,oliver.martin3@gmail.com,United States,2024-11-11,Premium,553.18
7742,Richard Brown,richard.brown1@company.com,Germany,2023-03-19,Basic,19.81
7743,Amanda Smith,amanda.smith@outlook.com,India,2024-08-30,Premium,3172.80
7744,Richard Sanchez,richard.sanchez1@gmail.com,United States,2024-11-23,Premium,1669.17
7745,Joshua Martin,joshua.martin@yahoo.com,United Kingdom,2022-09-25,Standard,179.38
7746,Stephanie Singh,stephanie.singh2@gmail.com,United States,2021-04-26,Basic,156.08
7747,Thomas Moore,thomas.moore1@gmail.com,India,2021-05-01,Basic,10.09
7748,Mia Walker,mia.walker1@gmail.com,United States,2022-06-11,Premium,2023.85
7749,James Ramirez,james.ramirez1@yahoo.com,United States,2020-07-23,Standard,131.40
7750,Sharon Johnson,sharon.johnson1@mail.io,United States,2022-11-04,Premium,2950.74
7751,Patricia Chen,patricia.chen@yahoo.com,United States,2020-07-30,Standard,439.66
7752,Steven Jones,steven.jones@outlook.com,United States,2020-03-26,Standard,211.26
7753,John Moore,john.moore1@gmail.com,United States,2021-07-21,Basic,157.31
7754,Laura Perez,laura.perez1@mail.io,United States,2023-02-03,Standard,670.33
7755,Jessica Martin,jessica.martin@mail.io,United States,2020-09-21,Standard,491.19
7756,Lisa Rodriguez,lisa.rodriguez1@outlook.com,Canada,2025-03-08,Basic,137.90
7757,Raj Miller,raj.miller@company.com,Germany,2023-11-15,Basic,35.92
7758,Andrew Wilson,andrew.wilson@yahoo.com,United States,2021-03-27,Basic,30.40
7759,Kenneth Lewis,kenneth.lewis1@hotmail.com,United States,2021-01-25,Basic,164.30
7760,Melissa Gonzalez,melissa.gonzalez@gmail.com,United States,2021-06-13,Standard,273.77
7761,Donald Johnson,donald.johnson1@outlook.com,United States,2022-10-16,Premium,3487.13
7762,Oliver Garcia,oliver.garcia4@gmail.com,United States,2023-02-22,Standard,209.19
7763,Laura Smith,laura.smith1@yahoo.com,India,2022-04-23,Standard,631.85
7764,Priya Johnson,priya.johnson@company.com,United States,2024-05-05,Standard,612.26
7765,David Robinson,david.robinson@gmail.com,France,2024-09-03,Standard,682.26
7766,Jennifer Patel,jennifer.patel@icloud.com,United States,2020-08-09,Standard,617.80
7767,Christopher Williams,christopher.williams4@outlook.com,Australia,2021-04-01,Premium,4475.73
7768,Emily Chen,emily.chen3@gmail.com,India,2022-10-20,Basic,91.73
7769,Thomas Lopez,thomas.lopez1@company.com,United Kingdom,2024-01-30,Standard,157.30
7770,Ananya Ramirez,ananya.ramirez@gmail.com,Australia,2022-01-28,Standard,452.68
7771,Emily Anderson,emily.anderson@mail.io,United Kingdom,2022-03-20,Basic,183.27
7772,Jennifer Walker,jennifer.walker2@gmail.com,France,2021-04-04,Premium,4835.01
7773,Mary Jones,mary.jones@gmail.com,Canada,2023-01-08,Premium,2439.68
7774,Melissa Anderson,melissa.anderson@corp.net,United States,2024-02-25,Standard,283.71
7775,Anthony Miller,anthony.miller@mail.io,United Kingdom,2024-01-16,Premium,2938.39
7776,Sharon Lee,sharon.lee1@outlook.com,United States,2021-08-07,Standard,717.77
7777,Christopher Ramirez,christopher.ramirez@yahoo.com,United Kingdom,2020-08-22,Basic,31.70
7778,Priya Brown,priya.brown1@gmail.com,United States,2023-03-04,Basic,62.71
7779,Patricia Thomas,patricia.thomas@hotmail.com,United States,2023-06-14,Premium,2355.80
7780,Donald Chen,donald.chen@gmail.com,India,2021-08-12,Standard,242.99
7781,Emma Gonzalez,emma.gonzalez@mail.io,Australia,2024-06-01,Standard,742.14
7782,Jessica Johnson,jessica.johnson1@outlook.com,Germany,2021-10-11,Standard,577.14
7783,Patricia Wilson,patricia.wilson1@outlook.com,United States,2020-08-03,Standard,639.65
7784,Sharon Thomas,sharon.thomas1@company.com,France,2023-01-26,Basic,190.17
7785,Lisa Lee,lisa.lee@outlook.com,United States,2022-02-06,Basic,175.52
7786,Mark Sharma,mark.sharma2@mail.io,United States,2022-04-09,Premium,1802.66
7787,Amanda Mueller,amanda.mueller1@gmail.com,United States,2020-08-25,Standard,298.11
7788,Thomas Anderson,thomas.anderson1@yahoo.com,United States,2021-04-08,Premium,3486.47
7789,Anthony Williams,anthony.williams2@gmail.com,United States,2024-02-03,Premium,2586.38
7790,Patricia Sharma,patricia.sharma2@gmail.com,United Kingdom,2020-03-14,Standard,496.15
7791,Anthony Martinez,anthony.martinez@icloud.com,Canada,2023-12-28,Standard,508.49
7792,Karen Clark,karen.clark@outlook.com,United States,2022-11-07,Premium,3517.48
7793,Emily White,emily.white1@outlook.com,United Kingdom,2021-12-07,Basic,189.13
7794,Jennifer Thomas,jennifer.thomas1@mail.io,Australia,2020-05-10,Standard,762.24
7795,Andrew Patel,andrew.patel@icloud.com,Canada,2022-03-06,Basic,167.79
7796,Sharon Thomas,sharon.thomas2@gmail.com,United Kingdom,2023-12-28,Premium,583.23
7797,Oliver Sanchez,oliver.sanchez4@gmail.com,Germany,2022-08-05,Standard,531.08
7798,Patricia Hernandez,patricia.hernandez@yahoo.com,Germany,2020-08-24,Basic,162.20
7799,Nancy Clark,nancy.clark1@gmail.com,India,2021-05-30,Standard,592.82
7800,Melissa Thompson,melissa.thompson3@gmail.com,United Kingdom,2024-09-22,Standard,52.50
7801,Steven Singh,steven.singh4@gmail.com,France,2021-09-23,Standard,743.34
7802,Sarah Nguyen,sarah.nguyen4@gmail.com,Germany,2022-09-20,Basic,26.68
7803,Oliver Chen,oliver.chen@gmail.com,United States,2024-03-03,Basic,78.59
7804,Andrew Harris,andrew.harris3@gmail.com,United Kingdom,2021-11-27,Basic,117.06
7805,Raj Sanchez,raj.sanchez1@gmail.com,United States,2022-01-29,Premium,1598.87
7806,Noah White,noah.white@icloud.com,United Kingdom,2020-03-19,Standard,756.80
7807,Lucas Martinez,lucas.martinez@yahoo.com,United States,2024-06-09,Premium,940.82
7808,Jennifer Patel,jennifer.patel@gmail.com,Germany,2024-04-22,Standard,265.96
7809,James Gonzalez,james.gonzalez@hotmail.com,United States,2021-06-20,Standard,324.59
7810,Priya Sharma,priya.sharma2@hotmail.com,United States,2021-06-14,Standard,620.77
7811,Stephanie Harris,stephanie.harris@mail.io,Germany,2021-07-07,Basic,133.40
7812,Joshua Brown,joshua.brown@hotmail.com,United States,2021-05-20,Basic,61.36
7813,Mia Martinez,mia.martinez1@company.com,United States,2024-12-02,Standard,327.14
7814,Patricia Nguyen,patricia.nguyen@hotmail.com,Germany,2020-12-24,Standard,350.59
7815,Barbara Chen,barbara.chen@icloud.com,United States,2020-09-01,Basic,113.57
7816,Oliver Perez,oliver.perez1@outlook.com,United Kingdom,2021-06-07,Premium,2564.64
7817,Susan Moore,susan.moore@gmail.com,Canada,2022-04-11,Standard,406.24
7818,Lisa Wang,lisa.wang@yahoo.com,Germany,2021-11-05,Basic,7.45
7819,Melissa Nguyen,melissa.nguyen@outlook.com,United States,2021-08-30,Basic,14.68
7820,Daniel Taylor,daniel.taylor@company.com,United Kingdom,2024-03-19,Standard,635.05
7821,Thomas Johnson,thomas.johnson@gmail.com,United Kingdom,2020-04-30,Premium,2857.26
7822,Sharon Davis,sharon.davis@gmail.com,United States,2025-03-30,Standard,591.67
7823,Oliver Miller,oliver.miller@mail.io,United States,2021-07-06,Basic,104.74
7824,John Wilson,john.wilson@mail.io,United Kingdom,2023-10-03,Standard,302.27
7825,William Miller,william.miller@outlook.com,United Kingdom,2020-12-20,Standard,565.19
7826,Barbara Johnson,barbara.johnson1@gmail.com,India,2021-01-30,Basic,179.74
7827,Stephanie Gonzalez,stephanie.gonzalez1@gmail.com,Germany,2022-03-30,Standard,333.48
7828,Priya Garcia,priya.garcia1@outlook.com,Canada,2020-09-29,Premium,1343.23
7829,Rebecca Walker,rebecca.walker1@gmail.com,United Kingdom,2021-08-16,Standard,194.48
7830,Elizabeth Kim,elizabeth.kim@yahoo.com,India,2025-03-21,Standard,756.20
7831,Thomas Anderson,thomas.anderson1@gmail.com,India,2021-06-10,Standard,708.36
7832,Anthony Patel,anthony.patel@gmail.com,United States,2021-09-21,Standard,475.21
7833,Emily Kim,emily.kim1@outlook.com,United States,2022-04-23,Premium,3856.39
7834,Mary Rodriguez,mary.rodriguez@company.com,India,2024-01-18,Standard,782.37
7835,Joshua Smith,joshua.smith@outlook.com,Canada,2022-08-22,Standard,695.09
7836,Barbara Perez,barbara.perez2@gmail.com,India,2024-05-07,Premium,2284.30
7837,Jennifer Kim,jennifer.kim2@gmail.com,India,2021-08-03,Basic,161.56
7838,Raj Moore,raj.moore@company.com,United States,2020-03-10,Standard,169.67
7839,Mary Sharma,mary.sharma@gmail.com,Canada,2023-09-20,Basic,159.70
7840,Mia Thompson,mia.thompson2@gmail.com,United States,2023-04-24,Basic,111.10
7841,Matthew Thomas,matthew.thomas@yahoo.com,Germany,2021-03-29,Premium,3913.89
7842,James Martin,james.martin@outlook.com,United States,2020-02-09,Standard,485.87
7843,Richard Williams,richard.williams2@gmail.com,France,2020-09-08,Premium,540.29
7844,Karen Thomas,karen.thomas@icloud.com,India,2024-07-06,Basic,114.94
7845,Robert Brown,robert.brown@yahoo.com,United Kingdom,2024-12-13,Standard,387.96
7846,Kenneth Chen,kenneth.chen1@mail.io,Australia,2022-10-21,Standard,431.73
7847,Susan Wilson,susan.wilson1@gmail.com,United Kingdom,2023-01-02,Basic,52.20
7848,Amanda Miller,amanda.miller@outlook.com,United States,2024-06-01,Standard,365.63
7849,Jennifer Sharma,jennifer.sharma3@gmail.com,United States,2022-08-20,Basic,63.58
7850,Lisa Rodriguez,lisa.rodriguez@corp.net,France,2020-01-14,Basic,21.33
7851,Christopher Wang,christopher.wang1@gmail.com,United States,2021-04-19,Standard,105.38
7852,Robert Garcia,robert.garcia2@gmail.com,France,2023-08-30,Standard,322.84
7853,Sharon Taylor,sharon.taylor@mail.io,France,2025-04-03,Basic,132.25
7854,Barbara Thompson,,Germany,2024-01-24,Standard,776.70
7855,Elizabeth Robinson,,Germany,2025-05-31,Basic,79.71
7856,Paul Clark,paul.clark@icloud.com,Australia,2020-06-01,Standard,190.39
7857,Sharon Johnson,sharon.johnson@gmail.com,United States,2024-07-12,Basic,20.36
7858,Paul Williams,paul.williams@hotmail.com,United Kingdom,2024-10-24,Premium,1050.60
7859,Sharon Ramirez,sharon.ramirez@company.com,United Kingdom,2023-03-07,Premium,2704.50
7860,Steven Mueller,steven.mueller2@outlook.com,United States,2024-12-11,Standard,446.51
7861,Daniel Moore,daniel.moore2@company.com,United States,2021-04-26,Standard,472.24
7862,Linda Davis,linda.davis2@gmail.com,United States,2023-04-28,Standard,296.59
7863,Sharon Jackson,sharon.jackson@outlook.com,India,2020-11-20,Basic,96.55
7864,Ananya Moore,ananya.moore@mail.io,France,2024-11-30,Basic,141.05
7865,Jessica Walker,jessica.walker1@yahoo.com,Germany,2025-02-24,Standard,232.96
7866,Mark Martinez,mark.martinez1@gmail.com,United States,2023-03-30,Standard,643.40
7867,Joshua Taylor,joshua.taylor@company.com,United States,2021-02-28,Standard,302.48
7868,Mia Gonzalez,mia.gonzalez@hotmail.com,France,2025-01-26,Basic,98.03
7869,Robert Garcia,robert.garcia@hotmail.com,Germany,2020-06-02,Basic,197.21
7870,Emily Ramirez,emily.ramirez1@gmail.com,United States,2024-03-11,Premium,4898.94
7871,Richard Garcia,richard.garcia1@mail.io,United Kingdom,2023-11-17,Premium,2491.83
7872,Raj Robinson,raj.robinson1@gmail.com,United States,2023-02-09,Premium,4699.44
7873,Kenneth Robinson,kenneth.robinson2@gmail.com,United Kingdom,2024-06-15,Standard,305.72
7874,Melissa Clark,melissa.clark1@outlook.com,Germany,2025-04-17,Standard,182.82
7875,Paul Jones,paul.jones1@gmail.com,Germany,2022-11-11,Standard,364.33
7876,Emma Ramirez,emma.ramirez1@outlook.com,United States,2022-09-28,Basic,20.05
7877,Jennifer Lopez,jennifer.lopez@mail.io,United Kingdom,2023-01-13,Standard,783.72
7878,Sofia Moore,sofia.moore1@icloud.com,France,2020-03-30,Standard,369.09
7879,Joshua Wang,joshua.wang1@gmail.com,France,2021-09-17,Basic,173.45
7880,Sarah Taylor,sarah.taylor@icloud.com,Germany,2025-01-14,Standard,554.10
7881,James Harris,james.harris@hotmail.com,Germany,2020-03-04,Standard,388.01
7882,Karen Walker,karen.walker1@mail.io,United States,2020-10-18,Standard,664.34
7883,Oliver Harris,oliver.harris@corp.net,Canada,2022-08-06,Basic,177.04
7884,Arjun Moore,arjun.moore1@gmail.com,Germany,2020-08-20,Basic,125.02
7885,Joseph Taylor,joseph.taylor2@gmail.com,United States,2024-10-29,Basic,60.19
7886,David Jackson,david.jackson4@gmail.com,United States,2020-12-19,Standard,403.62
7887,William Lewis,william.lewis1@gmail.com,Germany,2020-05-01,Standard,710.54
7888,Priya Taylor,priya.taylor1@icloud.com,Canada,2023-10-14,Premium,1915.49
7889,Rebecca Kumar,rebecca.kumar1@gmail.com,United Kingdom,2024-03-13,Premium,2102.68
7890,Michael Sanchez,michael.sanchez2@outlook.com,Australia,2022-08-16,Standard,570.75
7891,Rebecca Moore,rebecca.moore1@gmail.com,Canada,2022-06-12,Standard,479.38
7892,Matthew White,matthew.white1@yahoo.com,France,2020-01-23,Standard,255.40
7893,Thomas Brown,thomas.brown3@mail.io,France,2023-02-17,Basic,182.07
7894,Laura Martinez,laura.martinez@corp.net,United Kingdom,2022-11-05,Standard,95.58
7895,Mary Nguyen,mary.nguyen1@company.com,United States,2022-02-14,Standard,55.44
7896,Karen Wang,karen.wang1@gmail.com,United States,2020-06-03,Standard,419.10
7897,David Harris,david.harris1@outlook.com,United Kingdom,2021-11-30,Standard,625.97
7898,Ananya Taylor,ananya.taylor1@gmail.com,United States,2022-10-12,Basic,7.41
7899,Nancy Walker,nancy.walker2@gmail.com,Germany,2021-07-23,Standard,167.46
7900,Donald Jackson,donald.jackson2@mail.io,India,2025-04-21,Premium,2610.82
7901,Noah Perez,noah.perez@icloud.com,Canada,2020-03-16,Standard,125.37
7902,Matthew Lee,matthew.lee1@mail.io,Germany,2020-12-06,Standard,542.00
7903,Thomas Robinson,thomas.robinson@company.com,United States,2020-04-05,Basic,60.84
7904,Nancy Ramirez,nancy.ramirez@hotmail.com,France,2025-05-19,Standard,160.94
7905,Steven Sanchez,steven.sanchez@mail.io,Germany,2025-04-01,Basic,2.39
7906,Emily Smith,emily.smith@yahoo.com,United States,2022-09-27,Standard,527.96
7907,James Wilson,james.wilson1@outlook.com,United States,2022-04-09,Standard,257.00
7908,Jessica Patel,jessica.patel2@gmail.com,United States,2022-09-13,Standard,371.25
7909,Jessica Lee,jessica.lee@gmail.com,United States,2022-04-16,Basic,179.40
7910,Mary Garcia,mary.garcia1@corp.net,India,2025-03-30,Standard,730.59
7911,Robert Smith,robert.smith1@gmail.com,France,2025-03-21,Premium,947.45
7912,Jessica Miller,jessica.miller1@hotmail.com,United States,2023-10-11,Premium,3876.43
7913,Sharon Miller,sharon.miller1@outlook.com,United Kingdom,2020-05-02,Basic,67.20
7914,Arjun Gonzalez,arjun.gonzalez@mail.io,France,2024-09-04,Standard,428.49
7915,Rebecca Singh,rebecca.singh1@icloud.com,United States,2020-07-12,Standard,413.05
7916,Oliver Gonzalez,oliver.gonzalez@company.com,Germany,2025-01-13,Standard,366.07
7917,Lucas Lewis,lucas.lewis1@icloud.com,United States,2025-04-01,Basic,119.94
7918,Stephanie Ramirez,stephanie.ramirez@outlook.com,United Kingdom,2022-01-12,Basic,143.71
7919,James Kumar,james.kumar@hotmail.com,Germany,2022-12-11,Standard,94.42
7920,Christopher Smith,christopher.smith1@gmail.com,Australia,2020-05-19,Premium,4304.99
7921,Noah Singh,noah.singh@outlook.com,Germany,2021-10-06,Basic,76.88
7922,Mary Clark,mary.clark@company.com,United Kingdom,2022-02-12,Standard,761.52
7923,Ananya Sanchez,ananya.sanchez2@gmail.com,United Kingdom,2022-03-14,Standard,105.58
7924,David Moore,david.moore2@gmail.com,United Kingdom,2023-12-04,Premium,4787.32
7925,Sharon Brown,sharon.brown1@gmail.com,Canada,2021-09-18,Standard,161.92
7926,Robert White,robert.white@outlook.com,India,2023-12-21,Standard,95.82
7927,Noah Lewis,noah.lewis1@gmail.com,Canada,2024-02-11,Standard,172.08
7928,Mary Wilson,mary.wilson@corp.net,Canada,2020-06-05,Standard,274.07
7929,Thomas Wang,thomas.wang@gmail.com,Australia,2022-08-14,Basic,187.66
7930,Kenneth Johnson,kenneth.johnson@yahoo.com,Canada,2022-08-06,Standard,568.77
7931,Kenneth Sanchez,kenneth.sanchez@mail.io,United States,2023-10-14,Standard,451.21
7932,Lucas Kumar,lucas.kumar3@gmail.com,Australia,2020-05-21,Standard,617.26
7933,Priya Sanchez,priya.sanchez@corp.net,Germany,2020-02-08,Standard,642.37
7934,Raj Patel,raj.patel@mail.io,United Kingdom,2024-06-30,Standard,625.90
7935,Emily Thomas,emily.thomas@outlook.com,United States,2024-10-31,Standard,282.37
7936,Andrew Hernandez,andrew.hernandez1@yahoo.com,United States,2022-03-20,Basic,7.43
7937,Ashley Walker,ashley.walker@outlook.com,United States,2020-11-04,Standard,763.69
7938,Rebecca Gonzalez,rebecca.gonzalez@outlook.com,United States,2020-04-22,Basic,146.27
7939,Michael Anderson,michael.anderson1@gmail.com,United States,2024-05-19,Basic,198.55
7940,Andrew Hernandez,andrew.hernandez1@company.com,United Kingdom,2020-03-13,Basic,1.85
7941,Karen Jackson,karen.jackson4@gmail.com,United States,2022-04-25,Premium,4449.38
7942,Kenneth Johnson,kenneth.johnson1@yahoo.com,United States,2022-11-01,Basic,123.89
7943,Raj Wang,raj.wang2@company.com,United States,2024-03-28,Standard,764.74
7944,Arjun Robinson,arjun.robinson1@hotmail.com,United Kingdom,2022-10-11,Standard,229.22
7945,Melissa Smith,melissa.smith@outlook.com,United Kingdom,2022-09-24,Standard,761.64
7946,Emma Lewis,emma.lewis@yahoo.com,United States,2024-02-18,Basic,6.67
7947,Oliver Gonzalez,oliver.gonzalez@yahoo.com,United Kingdom,2021-07-10,Standard,356.31
7948,Anthony Sanchez,anthony.sanchez@yahoo.com,United States,2023-08-17,Standard,469.47
7949,Daniel Lopez,daniel.lopez@outlook.com,United Kingdom,2023-08-21,Standard,799.31
7950,Lucas Clark,lucas.clark1@gmail.com,France,2023-04-02,Premium,808.37
7951,Nancy Robinson,,United States,2020-07-12,Basic,196.17
7952,David Gonzalez,david.gonzalez@yahoo.com,United States,2022-10-11,Basic,146.61
7953,Elizabeth Lopez,elizabeth.lopez1@gmail.com,United States,2022-01-08,Basic,198.69
7954,Mark Lewis,mark.lewis@corp.net,United Kingdom,2024-07-29,Standard,57.33
7955,Donald Martin,donald.martin@hotmail.com,United States,2024-12-16,Standard,544.51
7956,Karen Gonzalez,karen.gonzalez1@yahoo.com,United States,2024-07-10,Basic,122.76
7957,Anthony Kumar,anthony.kumar@mail.io,United States,2024-02-03,Standard,282.02
7958,Mary Lewis,mary.lewis2@gmail.com,United Kingdom,2022-02-08,Standard,147.07
7959,Nancy Patel,nancy.patel1@icloud.com,Germany,2022-03-09,Standard,266.36
7960,Susan Nguyen,susan.nguyen@mail.io,United Kingdom,2021-03-06,Standard,76.77
7961,Lisa Singh,lisa.singh1@gmail.com,France,2023-11-26,Basic,17.44
7962,Amanda Hernandez,amanda.hernandez@icloud.com,United States,2020-06-01,Premium,2296.04
7963,Lisa Martinez,lisa.martinez1@company.com,United States,2025-04-12,Standard,434.81
7964,Barbara Rodriguez,barbara.rodriguez1@yahoo.com,United Kingdom,2020-12-29,Basic,58.06
7965,John Thomas,john.thomas1@outlook.com,United States,2022-08-24,Basic,141.67
7966,Mia Ramirez,mia.ramirez2@gmail.com,United States,2025-01-15,Standard,446.95
7967,Ananya Kim,ananya.kim1@hotmail.com,Germany,2023-02-16,Standard,429.60
7968,Jennifer Wilson,jennifer.wilson@gmail.com,France,2022-07-10,Premium,1612.29
7969,Raj Nguyen,raj.nguyen2@outlook.com,United States,2025-03-05,Basic,5.54
7970,Karen Nguyen,karen.nguyen1@mail.io,Germany,2020-07-08,Standard,781.75
7971,Michael Miller,michael.miller2@gmail.com,Germany,2021-01-04,Standard,735.03
7972,David Hernandez,david.hernandez4@gmail.com,United States,2023-12-07,Standard,475.38
7973,Donald Garcia,donald.garcia1@hotmail.com,United Kingdom,2022-06-19,Basic,30.13
7974,Melissa Perez,melissa.perez@outlook.com,United States,2025-03-12,Standard,595.00
7975,James Mueller,james.mueller@gmail.com,Australia,2021-03-04,Premium,2291.27
7976,Barbara Rodriguez,barbara.rodriguez1@mail.io,Canada,2024-01-04,Standard,154.32
7977,Sharon Sanchez,sharon.sanchez@corp.net,United States,2024-07-08,Standard,303.75
7978,Matthew Martinez,matthew.martinez@mail.io,United States,2022-12-14,Premium,3972.19
7979,Elizabeth Anderson,elizabeth.anderson@gmail.com,United States,2021-02-14,Basic,93.97
7980,Oliver Chen,oliver.chen1@gmail.com,United States,2021-02-21,Standard,89.22
7981,Christopher Lewis,christopher.lewis@gmail.com,Canada,2020-03-12,Standard,609.39
7982,Sofia Lewis,sofia.lewis@company.com,Australia,2023-09-06,Standard,62.45
7983,Christopher Lopez,christopher.lopez3@gmail.com,India,2024-05-10,Basic,188.83
7984,Matthew Kim,matthew.kim2@gmail.com,United States,2024-06-30,Basic,30.71
7985,Arjun Gonzalez,arjun.gonzalez@outlook.com,Australia,2020-03-10,Standard,89.58
7986,Ashley Nguyen,ashley.nguyen1@gmail.com,United States,2020-08-26,Standard,768.84
7987,Patricia Lee,patricia.lee@company.com,United States,2021-04-15,Standard,496.43
7988,Jennifer Gonzalez,jennifer.gonzalez@outlook.com,United States,2020-12-12,Premium,4270.32
7989,Priya Singh,priya.singh@yahoo.com,Germany,2024-06-07,Basic,129.60
7990,John Clark,john.clark1@gmail.com,France,2025-01-02,Basic,172.41
7991,Steven Martinez,steven.martinez@company.com,Canada,2020-04-07,Standard,687.28
7992,Mark Wilson,mark.wilson@outlook.com,United States,2025-02-22,Premium,4346.15
7993,Susan Moore,susan.moore@outlook.com,France,2020-07-07,Basic,10.28
7994,Joshua Walker,joshua.walker@mail.io,India,2021-12-29,Standard,110.96
7995,Linda Lewis,linda.lewis@yahoo.com,Germany,2020-01-19,Standard,584.21
7996,Emma Singh,emma.singh1@company.com,United States,2022-12-06,Standard,575.70
7997,Paul Martin,paul.martin2@gmail.com,United States,2024-11-04,Basic,104.65
7998,Mia Thompson,mia.thompson@outlook.com,United States,2022-01-02,Basic,11.64
7999,Steven Ramirez,steven.ramirez3@gmail.com,United States,2022-11-03,Basic,150.33
8000,Emily Jackson,emily.jackson1@gmail.com,India,2023-05-05,Basic,95.62
8001,Sarah Thompson,sarah.thompson@outlook.com,France,2022-10-24,Basic,166.93
8002,Linda Walker,linda.walker2@gmail.com,Australia,2021-10-18,Basic,57.85
8003,Mia Gonzalez,mia.gonzalez1@mail.io,United States,2024-07-19,Standard,106.18
8004,William Hernandez,william.hernandez3@gmail.com,United Kingdom,2023-05-03,Standard,532.69
8005,Christopher Brown,christopher.brown2@yahoo.com,United States,2021-07-25,Standard,517.06
8006,Sarah Hernandez,sarah.hernandez1@icloud.com,United States,2022-06-06,Standard,673.36
8007,Rebecca Sanchez,rebecca.sanchez1@icloud.com,United States,2024-08-13,Basic,199.67
8008,Mark Martinez,mark.martinez2@gmail.com,France,2025-01-06,Basic,7.21
8009,Thomas Wilson,,Canada,2021-03-14,Standard,281.83
8010,Steven Taylor,steven.taylor@yahoo.com,United States,2023-04-23,Standard,464.06
8011,Emily Thompson,emily.thompson1@hotmail.com,United States,2023-06-17,Basic,155.61
8012,Anthony Sanchez,anthony.sanchez@icloud.com,India,2025-01-02,Basic,80.86
8013,Michael Lee,michael.lee@mail.io,United States,2022-03-25,Premium,4336.36
8014,Patricia Lee,patricia.lee2@gmail.com,United Kingdom,2024-02-13,Basic,57.17
8015,Barbara Williams,barbara.williams1@gmail.com,Germany,2020-04-11,Basic,92.74
8016,Jennifer Patel,jennifer.patel1@yahoo.com,France,2021-08-27,Basic,124.38
8017,Anthony Miller,anthony.miller@yahoo.com,United States,2025-03-15,Standard,666.90
8018,Jessica Patel,jessica.patel2@outlook.com,United States,2021-08-02,Standard,736.35
8019,Steven Davis,steven.davis@yahoo.com,United Kingdom,2022-08-22,Standard,494.66
8020,Laura Miller,laura.miller@company.com,Germany,2021-01-13,Standard,346.33
8021,William Chen,william.chen1@outlook.com,India,2021-10-05,Standard,679.50
8022,Ashley Kumar,ashley.kumar@corp.net,United States,2024-07-04,Basic,119.82
8023,Emily Martinez,emily.martinez@gmail.com,Germany,2022-10-04,Basic,74.02
8024,William Walker,william.walker@outlook.com,Australia,2024-12-11,Standard,157.99
8025,Paul Sanchez,paul.sanchez3@gmail.com,Germany,2025-03-03,Basic,165.64
8026,Elizabeth Martinez,elizabeth.martinez1@outlook.com,Australia,2021-12-03,Basic,108.52
8027,Joseph Taylor,joseph.taylor@hotmail.com,France,2022-06-13,Basic,53.91
8028,Paul Johnson,paul.johnson1@mail.io,Canada,2022-12-11,Standard,274.66
8029,Stephanie Walker,stephanie.walker@gmail.com,United Kingdom,2024-10-01,Basic,40.76
8030,John Martin,john.martin@hotmail.com,United Kingdom,2023-11-07,Standard,262.52
8031,Lucas Miller,lucas.miller4@gmail.com,United States,2024-11-30,Basic,154.19
8032,Raj Johnson,raj.johnson3@gmail.com,United Kingdom,2024-03-01,Premium,3440.37
8033,David Harris,david.harris@yahoo.com,United Kingdom,2021-01-25,Premium,1890.80
8034,Jessica Williams,jessica.williams@company.com,India,2022-07-09,Standard,676.18
8035,Barbara Williams,barbara.williams@hotmail.com,United States,2023-04-28,Basic,113.77
8036,John Rodriguez,john.rodriguez@mail.io,United States,2024-11-10,Basic,29.32
8037,Amanda Miller,amanda.miller@icloud.com,United States,2021-07-28,Standard,441.35
8038,Susan Taylor,susan.taylor1@mail.io,France,2020-07-04,Standard,50.06
8039,Lucas Brown,lucas.brown1@outlook.com,United States,2021-11-07,Basic,142.48
8040,Thomas Wilson,thomas.wilson4@gmail.com,United States,2021-12-07,Basic,187.66
8041,Emma White,emma.white@company.com,United States,2022-02-26,Standard,546.16
8042,Karen Kim,karen.kim@mail.io,United Kingdom,2023-07-24,Standard,577.36
8043,David White,david.white@company.com,United Kingdom,2023-12-22,Standard,686.39
8044,Anthony Mueller,anthony.mueller@corp.net,United Kingdom,2021-01-17,Premium,4437.05
8045,Elizabeth Wilson,elizabeth.wilson@outlook.com,United States,2020-10-16,Premium,3476.05
8046,Paul Jones,paul.jones2@gmail.com,Australia,2023-01-17,Standard,517.65
8047,William Wang,william.wang3@company.com,United States,2022-09-29,Standard,671.44
8048,Matthew Martin,matthew.martin@outlook.com,Australia,2024-08-08,Standard,646.16
8049,Kenneth Taylor,kenneth.taylor1@hotmail.com,France,2023-06-01,Basic,124.44
8050,Nancy Walker,nancy.walker@outlook.com,Germany,2021-09-18,Standard,737.31
8051,Raj Martin,raj.martin1@gmail.com,India,2024-06-18,Standard,299.22
8052,Mary Smith,mary.smith2@outlook.com,United States,2024-12-19,Basic,24.74
8053,Robert Perez,robert.perez@gmail.com,United Kingdom,2024-07-17,Standard,504.78
8054,Amanda Hernandez,amanda.hernandez@hotmail.com,Germany,2023-12-24,Basic,171.85
8055,Sharon Perez,sharon.perez1@outlook.com,Canada,2023-07-15,Premium,1449.75
8056,Sofia Perez,sofia.perez2@gmail.com,United States,2020-11-18,Basic,75.89
8057,Raj Thompson,raj.thompson@gmail.com,United Kingdom,2024-01-28,Standard,351.17
8058,Elizabeth Gonzalez,elizabeth.gonzalez1@outlook.com,France,2023-04-28,Standard,51.36
8059,Priya Sanchez,priya.sanchez3@gmail.com,United Kingdom,2022-03-21,Standard,430.82
8060,Noah Jones,noah.jones2@outlook.com,Australia,2025-01-02,Standard,568.54
8061,Matthew Thomas,matthew.thomas@gmail.com,United States,2021-06-19,Standard,58.43
8062,Donald Nguyen,donald.nguyen1@gmail.com,United Kingdom,2024-07-06,Standard,468.91
8063,Amanda Chen,amanda.chen4@outlook.com,India,2023-10-07,Standard,588.97
8064,Daniel Sharma,daniel.sharma@hotmail.com,Canada,2025-05-27,Basic,30.31
8065,Mary Hernandez,mary.hernandez@hotmail.com,Canada,2021-11-11,Standard,119.62
8066,Emily Moore,emily.moore1@gmail.com,United Kingdom,2022-12-10,Standard,307.31
8067,Amanda Sanchez,amanda.sanchez1@gmail.com,India,2023-09-26,Basic,43.88
8068,Sharon Lopez,sharon.lopez1@mail.io,France,2021-04-20,Premium,546.50
8069,Michael Martin,michael.martin3@gmail.com,Australia,2022-07-16,Basic,105.69
8070,Steven Lee,steven.lee@corp.net,Australia,2021-04-23,Premium,3069.87
8071,Sarah Patel,sarah.patel4@gmail.com,France,2020-11-04,Basic,48.39
8072,Lucas Kumar,lucas.kumar@corp.net,Canada,2022-06-16,Standard,246.29
8073,Paul Wilson,paul.wilson3@gmail.com,United Kingdom,2023-03-10,Premium,1826.19
8074,Mary Ramirez,mary.ramirez@gmail.com,United States,2023-05-27,Basic,58.06
8075,Sofia Perez,sofia.perez3@gmail.com,Canada,2025-02-03,Standard,360.12
8076,Rebecca Chen,rebecca.chen1@gmail.com,France,2021-01-13,Basic,50.15
8077,Joshua Jackson,joshua.jackson@outlook.com,Germany,2020-04-24,Standard,467.29
8078,Christopher Rodriguez,christopher.rodriguez@gmail.com,Canada,2025-05-27,Standard,230.94
8079,Emma Johnson,emma.johnson@outlook.com,Australia,2021-05-18,Standard,228.83
8080,Anthony Lee,anthony.lee@mail.io,France,2022-01-08,Standard,326.99
8081,William Harris,william.harris1@hotmail.com,United States,2023-06-18,Standard,610.52
8082,Joshua Patel,joshua.patel1@gmail.com,France,2021-01-30,Premium,1813.49
8083,Ananya Robinson,ananya.robinson@mail.io,United States,2025-02-11,Basic,188.54
8084,Anthony Sanchez,anthony.sanchez1@yahoo.com,United States,2024-11-14,Standard,253.23
8085,Joshua Patel,joshua.patel@corp.net,United States,2025-02-07,Standard,492.20
8086,Raj Wilson,raj.wilson@outlook.com,Canada,2024-12-03,Basic,196.10
8087,Paul Anderson,paul.anderson@yahoo.com,France,2020-02-09,Basic,140.58
8088,Lucas Singh,lucas.singh@corp.net,United Kingdom,2024-04-24,Basic,110.50
8089,David Perez,david.perez@gmail.com,United States,2021-08-16,Standard,388.20
8090,Jennifer Jones,jennifer.jones2@company.com,India,2021-10-13,Standard,381.99
8091,Matthew Brown,matthew.brown1@corp.net,France,2023-10-29,Premium,1868.84
8092,Priya Taylor,priya.taylor2@gmail.com,United Kingdom,2020-10-24,Standard,390.48
8093,Mary Harris,mary.harris1@icloud.com,Germany,2022-02-17,Standard,626.46
8094,Emily Jones,emily.jones@corp.net,United States,2021-12-13,Standard,383.84
8095,Rebecca Lewis,rebecca.lewis@icloud.com,Australia,2024-11-04,Basic,31.05
8096,Anthony Ramirez,anthony.ramirez1@gmail.com,Australia,2020-03-31,Basic,10.56
8097,Joshua Lopez,joshua.lopez@corp.net,United States,2024-02-07,Standard,58.67
8098,Christopher Williams,christopher.williams@corp.net,United Kingdom,2021-10-23,Standard,52.66
8099,Karen Garcia,karen.garcia1@yahoo.com,United States,2024-11-11,Premium,658.03
8100,Michael Perez,michael.perez1@gmail.com,United States,2021-05-16,Premium,3146.25
8101,Karen Thomas,karen.thomas1@icloud.com,United States,2023-07-05,Standard,784.19
8102,Steven Clark,steven.clark1@outlook.com,United States,2023-12-27,Standard,188.74
8103,Patricia Walker,patricia.walker2@gmail.com,Canada,2021-10-27,Standard,506.54
8104,Raj Mueller,raj.mueller1@outlook.com,Germany,2022-12-27,Standard,703.27
8105,Karen Garcia,karen.garcia2@gmail.com,United States,2022-09-07,Basic,100.74
8106,Priya Walker,priya.walker@mail.io,United States,2022-10-09,Standard,88.73
8107,Noah Jones,noah.jones@mail.io,Germany,2024-02-15,Basic,3.62
8108,John Jackson,john.jackson3@outlook.com,United Kingdom,2020-04-29,Basic,72.70
8109,Anthony Davis,anthony.davis3@gmail.com,United States,2024-01-22,Standard,116.82
8110,Mia Taylor,mia.taylor@company.com,United Kingdom,2022-03-22,Basic,167.27
8111,Jessica Taylor,jessica.taylor@icloud.com,France,2020-06-20,Standard,589.71
8112,Steven Thomas,steven.thomas@mail.io,United Kingdom,2020-09-07,Standard,799.18
8113,Arjun Mueller,arjun.mueller1@icloud.com,United States,2020-10-30,Standard,596.39
8114,Noah Garcia,noah.garcia1@company.com,France,2024-07-06,Standard,426.23
8115,Emily Wilson,emily.wilson1@hotmail.com,United Kingdom,2022-05-24,Standard,786.85
8116,Sharon Lopez,sharon.lopez1@gmail.com,Germany,2023-01-15,Standard,772.02
8117,James Kumar,james.kumar2@gmail.com,India,2024-05-04,Standard,466.05
8118,Priya Miller,priya.miller1@gmail.com,France,2024-03-11,Basic,16.74
8119,David Rodriguez,david.rodriguez2@gmail.com,United States,2020-08-04,Basic,129.15
8120,Robert Rodriguez,robert.rodriguez1@gmail.com,Germany,2020-07-14,Basic,81.86
8121,Matthew Anderson,matthew.anderson@mail.io,Germany,2021-08-20,Basic,182.97
8122,Nancy Walker,nancy.walker3@gmail.com,United States,2022-12-30,Premium,3313.25
8123,Lucas Chen,lucas.chen@hotmail.com,India,2022-11-07,Standard,729.71
8124,Elizabeth Rodriguez,elizabeth.rodriguez1@outlook.com,United States,2021-07-13,Standard,260.39
8125,Emma Kumar,emma.kumar3@gmail.com,Australia,2024-01-06,Standard,362.49
8126,Lucas Jones,lucas.jones3@gmail.com,India,2020-05-29,Premium,775.83
8127,Amanda Robinson,amanda.robinson1@gmail.com,United States,2020-10-29,Basic,103.41
8128,Ashley Moore,ashley.moore@yahoo.com,United States,2021-07-27,Standard,760.41
8129,Mary Williams,mary.williams@yahoo.com,Germany,2024-08-08,Standard,621.36
8130,Patricia Mueller,patricia.mueller@hotmail.com,United Kingdom,2023-09-15,Basic,98.19
8131,Paul Taylor,paul.taylor@gmail.com,United States,2020-03-12,Standard,484.47
8132,Elizabeth Sanchez,elizabeth.sanchez@outlook.com,United States,2024-12-22,Standard,475.48
8133,Christopher Smith,christopher.smith@icloud.com,United States,2020-03-21,Standard,620.03
8134,Noah Robinson,noah.robinson5@gmail.com,United Kingdom,2025-04-06,Standard,343.14
8135,Oliver Robinson,oliver.robinson2@gmail.com,Germany,2023-11-18,Basic,55.26
8136,Raj Kumar,raj.kumar1@gmail.com,United Kingdom,2021-02-28,Basic,5.49
8137,Matthew Brown,matthew.brown@company.com,India,2020-09-28,Standard,726.81
8138,Kenneth Jones,kenneth.jones@outlook.com,United Kingdom,2024-04-09,Basic,98.77
8139,Nancy Taylor,nancy.taylor@yahoo.com,United States,2023-01-02,Standard,260.38
8140,Linda Lewis,linda.lewis1@mail.io,United States,2020-05-03,Basic,88.10
8141,Daniel Jones,daniel.jones@mail.io,United States,2022-12-30,Premium,3634.87
8142,Nancy Sharma,nancy.sharma@hotmail.com,United States,2025-04-16,Basic,12.73
8143,John Sharma,john.sharma@company.com,United States,2020-10-21,Basic,180.96
8144,Nancy Lopez,nancy.lopez@yahoo.com,United States,2020-06-26,Standard,778.88
8145,Elizabeth Robinson,elizabeth.robinson@hotmail.com,India,2021-12-15,Basic,37.76
8146,Noah Martin,noah.martin1@company.com,United States,2020-12-19,Standard,420.51
8147,Barbara Ramirez,barbara.ramirez1@hotmail.com,United States,2020-02-16,Premium,3704.83
8148,Barbara Johnson,barbara.johnson2@outlook.com,United States,2023-04-11,Basic,4.50
8149,Ashley Nguyen,ashley.nguyen2@gmail.com,United States,2021-02-23,Standard,476.60
8150,Sarah Davis,sarah.davis@gmail.com,United States,2020-02-21,Standard,310.90
8151,Andrew Rodriguez,andrew.rodriguez@icloud.com,United States,2022-09-12,Standard,69.91
8152,Elizabeth Anderson,elizabeth.anderson@company.com,Germany,2020-01-08,Premium,4369.88
8153,Linda Singh,linda.singh2@yahoo.com,France,2024-02-20,Standard,756.31
8154,Arjun Brown,arjun.brown@hotmail.com,United Kingdom,2024-08-01,Standard,422.72
8155,Jessica Wilson,jessica.wilson1@gmail.com,United States,2024-09-01,Basic,101.63
8156,Priya Taylor,priya.taylor2@icloud.com,United States,2023-01-03,Standard,420.22
8157,Stephanie Lewis,stephanie.lewis1@gmail.com,United States,2023-04-19,Standard,229.27
8158,Thomas Sanchez,thomas.sanchez@gmail.com,India,2023-01-05,Standard,379.75
8159,Sarah Garcia,sarah.garcia3@gmail.com,United States,2023-03-30,Basic,96.12
8160,Rebecca Gonzalez,rebecca.gonzalez2@gmail.com,United States,2025-03-19,Standard,694.23
8161,Joseph Hernandez,joseph.hernandez@company.com,India,2024-03-06,Standard,741.11
8162,Paul Sanchez,paul.sanchez@icloud.com,United States,2024-05-07,Basic,23.36
8163,Karen Sharma,karen.sharma@corp.net,United States,2020-02-15,Premium,688.77
8164,Mia Hernandez,mia.hernandez1@gmail.com,United States,2022-03-31,Standard,161.57
8165,Stephanie Thomas,stephanie.thomas@company.com,United Kingdom,2020-11-20,Standard,204.26
8166,Thomas Sanchez,thomas.sanchez@outlook.com,Germany,2024-03-11,Standard,603.54
8167,Susan Chen,susan.chen1@outlook.com,United States,2020-01-31,Standard,250.96
8168,Karen Johnson,karen.johnson1@mail.io,United States,2021-01-13,Standard,789.60
8169,Robert Kim,robert.kim@gmail.com,United Kingdom,2021-09-16,Standard,178.69
8170,John Lewis,john.lewis@yahoo.com,Germany,2023-03-02,Premium,2182.89
8171,Karen Clark,karen.clark1@outlook.com,United Kingdom,2020-12-26,Basic,118.76
8172,Joshua Rodriguez,joshua.rodriguez@icloud.com,United States,2022-04-28,Basic,144.67
8173,Amanda Moore,amanda.moore5@gmail.com,Germany,2022-12-14,Standard,421.22
8174,James Thomas,james.thomas@corp.net,United Kingdom,2024-10-30,Standard,529.74
8175,Arjun Miller,arjun.miller@hotmail.com,United States,2024-03-08,Standard,524.48
8176,Patricia Davis,patricia.davis1@hotmail.com,United States,2022-04-26,Premium,3196.96
8177,Matthew Moore,matthew.moore@gmail.com,United Kingdom,2020-01-27,Standard,668.59
8178,John Davis,john.davis2@company.com,United States,2024-09-02,Premium,730.10
8179,Steven Wang,steven.wang@outlook.com,United States,2020-12-08,Standard,666.18
8180,Barbara Lewis,barbara.lewis3@gmail.com,United States,2021-08-11,Standard,292.69
8181,Oliver Sanchez,oliver.sanchez@company.com,France,2020-05-03,Basic,89.19
8182,Andrew Patel,andrew.patel1@gmail.com,France,2022-03-11,Basic,72.29
8183,Karen Martin,karen.martin@gmail.com,Germany,2020-06-09,Standard,705.09
8184,Matthew Perez,matthew.perez@corp.net,United Kingdom,2020-01-29,Premium,2044.41
8185,Emma Jackson,emma.jackson2@gmail.com,Australia,2022-11-19,Standard,719.14
8186,Andrew Johnson,andrew.johnson@hotmail.com,Australia,2020-10-13,Basic,43.43
8187,James Jackson,james.jackson1@outlook.com,France,2025-05-25,Standard,362.94
8188,Priya Rodriguez,priya.rodriguez@gmail.com,United States,2021-09-20,Standard,716.26
8189,Noah Jones,noah.jones6@gmail.com,United States,2024-05-17,Basic,106.06
8190,Arjun Williams,arjun.williams@hotmail.com,United States,2020-07-27,Standard,573.38
8191,Emma Kumar,emma.kumar1@yahoo.com,United Kingdom,2023-06-08,Basic,175.01
8192,Mia Ramirez,mia.ramirez1@outlook.com,India,2024-10-08,Basic,189.07
8193,Thomas Chen,thomas.chen1@gmail.com,United Kingdom,2020-06-06,Standard,599.19
8194,Mary Moore,mary.moore@corp.net,France,2020-08-23,Standard,583.57
8195,Steven Miller,steven.miller@gmail.com,United Kingdom,2023-03-08,Premium,2147.11
8196,Andrew Williams,andrew.williams1@gmail.com,United States,2020-02-10,Standard,637.23
8197,Kenneth Clark,kenneth.clark1@company.com,Australia,2021-09-25,Standard,67.01
8198,Raj Patel,raj.patel@icloud.com,United Kingdom,2023-11-19,Premium,3749.78
8199,Emma Davis,emma.davis3@gmail.com,United States,2021-08-07,Standard,503.93
8200,Elizabeth Garcia,elizabeth.garcia2@gmail.com,Australia,2024-02-28,Standard,86.00
8201,Oliver Garcia,oliver.garcia5@gmail.com,United Kingdom,2020-05-16,Premium,1422.92
8202,John Martinez,john.martinez1@gmail.com,United States,2022-03-26,Standard,669.81
8203,Patricia Wang,patricia.wang1@outlook.com,India,2023-12-04,Standard,512.70
8204,Mia Thomas,mia.thomas1@gmail.com,France,2024-01-01,Standard,690.03
8205,Raj Kim,raj.kim@hotmail.com,Australia,2023-10-12,Standard,739.56
8206,Anthony Wang,anthony.wang@company.com,United States,2022-09-23,Standard,97.95
8207,Robert White,robert.white@mail.io,United States,2022-11-22,Premium,3655.59
8208,Ananya Wilson,ananya.wilson1@corp.net,United Kingdom,2022-08-27,Basic,70.69
8209,Michael Kim,michael.kim1@outlook.com,United Kingdom,2021-10-17,Standard,370.31
8210,John Patel,john.patel@outlook.com,United Kingdom,2024-04-26,Basic,15.02
8211,Mark Sanchez,mark.sanchez1@gmail.com,India,2024-07-20,Basic,23.41
8212,Christopher Lee,christopher.lee2@outlook.com,United States,2024-12-11,Standard,241.97
8213,Robert Chen,robert.chen2@gmail.com,United States,2022-10-30,Standard,199.04
8214,Joshua Martinez,joshua.martinez@yahoo.com,United States,2020-01-14,Premium,4559.47
8215,Donald Anderson,donald.anderson@outlook.com,United States,2020-12-11,Basic,196.48
8216,William Robinson,william.robinson@gmail.com,United Kingdom,2023-02-05,Basic,169.22
8217,Mia Miller,mia.miller1@gmail.com,United States,2024-01-22,Basic,81.99
8218,David Garcia,david.garcia@icloud.com,United States,2025-02-19,Standard,271.70
8219,Amanda White,amanda.white@outlook.com,United States,2020-01-03,Basic,136.53
8220,David Clark,david.clark@gmail.com,United States,2021-11-13,Premium,4035.76
8221,Arjun Wang,arjun.wang@hotmail.com,Canada,2025-04-09,Basic,47.67
8222,Susan Sharma,susan.sharma@outlook.com,United States,2024-07-03,Basic,63.16
8223,James Thomas,james.thomas@yahoo.com,United States,2024-07-05,Standard,430.27
8224,Sarah Wilson,sarah.wilson2@gmail.com,United States,2024-01-12,Premium,4124.98
8225,Mark Lewis,mark.lewis1@outlook.com,United States,2022-02-08,Standard,150.53
8226,Oliver Martin,oliver.martin4@gmail.com,United States,2024-11-19,Basic,108.32
8227,Sofia Smith,sofia.smith@outlook.com,Germany,2023-11-03,Standard,370.97
8228,Emma Rodriguez,emma.rodriguez3@gmail.com,United States,2025-03-07,Basic,49.89
8229,Susan Chen,susan.chen2@outlook.com,India,2020-02-01,Basic,25.68
8230,Arjun Sharma,arjun.sharma1@yahoo.com,United States,2024-05-26,Standard,234.19
8231,John Robinson,john.robinson@outlook.com,Canada,2022-09-03,Standard,590.25
8232,Jennifer Davis,jennifer.davis1@icloud.com,United States,2024-08-06,Basic,105.74
8233,Emma Mueller,emma.mueller@yahoo.com,India,2024-08-06,Basic,76.63
8234,Sarah Kim,sarah.kim@mail.io,Germany,2024-02-27,Basic,86.37
8235,Emily Jones,emily.jones@gmail.com,United States,2022-02-14,Standard,497.65
8236,Emma Jackson,emma.jackson3@gmail.com,Canada,2024-06-15,Standard,689.61
8237,Thomas Sanchez,thomas.sanchez1@gmail.com,Germany,2021-06-24,Standard,571.40
8238,Raj Anderson,raj.anderson2@gmail.com,Germany,2020-11-06,Basic,97.77
8239,Sarah Moore,sarah.moore3@gmail.com,Canada,2024-03-02,Premium,3471.73
8240,Stephanie Williams,stephanie.williams@outlook.com,India,2023-08-30,Standard,659.73
8241,Elizabeth Taylor,elizabeth.taylor@gmail.com,Germany,2024-04-20,Basic,79.17
8242,Kenneth Williams,kenneth.williams@yahoo.com,France,2023-03-11,Standard,396.39
8243,Stephanie Chen,stephanie.chen@hotmail.com,France,2023-10-30,Standard,708.26
8244,Christopher Harris,christopher.harris2@outlook.com,France,2022-11-11,Basic,181.54
8245,Joseph Sanchez,joseph.sanchez3@outlook.com,United States,2022-04-09,Standard,185.94
8246,Christopher Walker,christopher.walker@icloud.com,Australia,2020-01-10,Basic,146.77
8247,Mark Anderson,mark.anderson2@gmail.com,United Kingdom,2024-02-22,Basic,136.76
8248,Noah Wang,noah.wang@company.com,United States,2021-01-29,Basic,0.44
8249,Matthew Martin,matthew.martin1@outlook.com,United States,2021-03-12,Standard,708.71
8250,Lucas Mueller,lucas.mueller@outlook.com,United States,2020-08-10,Premium,3684.09
8251,Steven Ramirez,steven.ramirez4@gmail.com,Canada,2021-07-12,Standard,756.98
8252,Mark Miller,mark.miller@outlook.com,India,2021-08-11,Standard,361.30
8253,Kenneth Wang,kenneth.wang1@gmail.com,Germany,2020-09-15,Basic,1.20
8254,Raj Mueller,raj.mueller@hotmail.com,Germany,2021-12-03,Standard,211.85
8255,Richard Anderson,richard.anderson@company.com,United Kingdom,2021-02-27,Basic,74.41
8256,Thomas Nguyen,thomas.nguyen@mail.io,United States,2023-10-10,Basic,118.27
8257,Melissa White,melissa.white@icloud.com,Canada,2020-07-03,Basic,180.80
8258,Joshua Taylor,joshua.taylor@icloud.com,United States,2021-07-23,Premium,2831.80
8259,Richard Wang,richard.wang1@outlook.com,United Kingdom,2022-02-17,Basic,181.37
8260,Lisa Harris,lisa.harris1@gmail.com,United States,2024-09-30,Standard,85.37
8261,Thomas Garcia,thomas.garcia1@yahoo.com,United States,2021-04-09,Premium,2984.49
8262,David Nguyen,david.nguyen@hotmail.com,United States,2020-05-02,Basic,58.88
8263,Paul Kumar,paul.kumar2@gmail.com,Canada,2022-06-19,Basic,12.77
8264,Jessica Miller,jessica.miller@icloud.com,United Kingdom,2020-05-31,Basic,97.24
8265,Patricia Walker,patricia.walker3@gmail.com,United States,2022-07-06,Standard,759.19
8266,Barbara Nguyen,barbara.nguyen1@company.com,Canada,2025-04-13,Standard,539.30
8267,John Hernandez,john.hernandez@outlook.com,Canada,2022-11-09,Standard,527.99
8268,James Miller,james.miller1@corp.net,Canada,2021-10-16,Premium,1567.36
8269,Steven Chen,steven.chen1@company.com,United States,2021-01-03,Premium,4279.95
8270,Sarah Sharma,sarah.sharma@icloud.com,United Kingdom,2025-02-02,Premium,1213.28
8271,Stephanie Sanchez,stephanie.sanchez@corp.net,United States,2024-03-04,Basic,183.74
8272,Andrew Patel,andrew.patel@hotmail.com,India,2020-03-30,Standard,327.46
8273,Thomas Perez,thomas.perez1@gmail.com,India,2024-02-28,Basic,50.33
8274,Anthony Ramirez,anthony.ramirez1@outlook.com,United States,2022-04-03,Standard,339.15
8275,Donald Martin,donald.martin2@gmail.com,Germany,2024-04-14,Standard,635.45
8276,Patricia Singh,patricia.singh1@outlook.com,Australia,2020-07-08,Basic,12.13
8277,Karen Davis,karen.davis@yahoo.com,Germany,2025-01-28,Standard,56.48
8278,Christopher Sharma,christopher.sharma@outlook.com,United States,2023-05-31,Standard,740.65
8279,Karen Jones,karen.jones@icloud.com,United States,2021-09-26,Basic,195.35
8280,Arjun Sanchez,arjun.sanchez@icloud.com,Germany,2020-10-28,Standard,355.67
8281,Susan Wilson,susan.wilson@mail.io,Canada,2020-01-22,Premium,2853.68
8282,Laura Sharma,laura.sharma@company.com,India,2021-11-27,Standard,55.10
8283,Ashley Jackson,ashley.jackson@mail.io,Australia,2020-01-15,Standard,176.29
8284,Daniel Anderson,daniel.anderson@icloud.com,United States,2020-07-16,Premium,873.75
8285,Emily Jones,emily.jones@hotmail.com,Germany,2020-11-08,Standard,400.79
8286,Lucas Chen,lucas.chen@icloud.com,Germany,2024-04-01,Basic,5.17
8287,Laura Moore,laura.moore1@outlook.com,Germany,2021-02-20,Premium,1101.02
8288,David Mueller,david.mueller@corp.net,United Kingdom,2022-09-14,Premium,3632.08
8289,James Ramirez,james.ramirez1@gmail.com,France,2020-12-22,Basic,147.80
8290,Sarah Thomas,sarah.thomas2@gmail.com,Canada,2020-04-29,Standard,399.16
8291,Joseph Johnson,joseph.johnson3@gmail.com,Australia,2023-03-26,Premium,2685.28
8292,Paul Walker,paul.walker@hotmail.com,United Kingdom,2024-03-18,Premium,1672.13
8293,Richard Hernandez,richard.hernandez3@gmail.com,Germany,2022-04-07,Standard,246.17
8294,Mark Chen,mark.chen1@gmail.com,United States,2022-12-23,Premium,4211.80
8295,Elizabeth Chen,elizabeth.chen1@corp.net,Canada,2025-04-06,Basic,18.74
8296,William Kumar,william.kumar1@gmail.com,United States,2023-05-03,Premium,2311.85
8297,John Chen,john.chen2@gmail.com,United Kingdom,2020-02-20,Premium,4336.61
8298,Nancy Rodriguez,nancy.rodriguez2@gmail.com,United States,2020-06-06,Basic,71.39
8299,Susan Moore,susan.moore1@gmail.com,Germany,2023-05-06,Standard,439.65
8300,Joseph Lee,joseph.lee2@mail.io,United States,2025-04-21,Standard,341.05
8301,Kenneth Kumar,kenneth.kumar3@gmail.com,India,2023-10-03,Standard,205.02
8302,Priya Thompson,priya.thompson3@icloud.com,Germany,2022-02-13,Premium,646.55
8303,Oliver Johnson,oliver.johnson@outlook.com,France,2021-03-01,Standard,127.09
8304,Emma Thomas,emma.thomas@gmail.com,United States,2023-02-02,Basic,171.17
8305,Kenneth Hernandez,kenneth.hernandez1@icloud.com,United Kingdom,2023-02-10,Standard,599.03
8306,Paul Patel,paul.patel3@gmail.com,Australia,2020-11-29,Standard,369.82
8307,Emma Brown,emma.brown2@gmail.com,United Kingdom,2022-03-13,Basic,120.90
8308,Elizabeth Ramirez,elizabeth.ramirez@outlook.com,Germany,2024-09-18,Standard,92.18
8309,Ananya Walker,ananya.walker1@gmail.com,United States,2022-06-25,Basic,134.46
8310,Robert Hernandez,robert.hernandez2@gmail.com,United States,2023-01-22,Standard,462.81
8311,Emily Gonzalez,emily.gonzalez@gmail.com,United States,2021-02-13,Premium,4563.04
8312,Lisa Chen,lisa.chen@gmail.com,Germany,2024-09-27,Standard,424.06
8313,Rebecca Davis,rebecca.davis@gmail.com,United States,2024-06-01,Standard,544.81
8314,Oliver Lopez,oliver.lopez@icloud.com,Canada,2024-12-21,Premium,4231.08
8315,Noah Gonzalez,noah.gonzalez@mail.io,United States,2023-10-11,Basic,102.24
8316,Donald Kim,,United States,2020-02-07,Standard,182.62
8317,William Moore,william.moore@outlook.com,United States,2020-08-01,Basic,112.98
8318,Anthony Patel,anthony.patel1@gmail.com,United States,2022-11-25,Basic,76.28
8319,Ananya Martin,ananya.martin@outlook.com,United States,2020-01-10,Standard,530.01
8320,Barbara Gonzalez,barbara.gonzalez1@gmail.com,France,2021-06-22,Basic,131.28
8321,Kenneth Hernandez,kenneth.hernandez1@gmail.com,Australia,2020-08-01,Standard,458.78
8322,William Sanchez,william.sanchez1@gmail.com,Germany,2025-02-23,Standard,153.81
8323,Michael Garcia,michael.garcia@yahoo.com,India,2021-05-28,Basic,187.30
8324,Priya Jones,priya.jones@hotmail.com,United States,2021-10-29,Standard,505.16
8325,Barbara Thomas,barbara.thomas@company.com,Australia,2020-11-24,Standard,257.14
8326,Noah Anderson,noah.anderson4@gmail.com,United States,2021-07-24,Standard,418.92
8327,Paul Jackson,paul.jackson1@gmail.com,United States,2022-01-29,Basic,191.53
8328,Mia Thompson,mia.thompson3@gmail.com,United States,2021-12-18,Premium,2630.01
8329,Sofia Mueller,sofia.mueller1@mail.io,Canada,2024-12-31,Basic,139.50
8330,Christopher Sharma,christopher.sharma@mail.io,Canada,2020-08-12,Standard,502.54
8331,Sarah Martinez,sarah.martinez1@gmail.com,United Kingdom,2024-06-10,Basic,7.40
8332,Lisa Williams,lisa.williams@yahoo.com,Germany,2024-01-13,Basic,78.50
8333,Ananya Ramirez,ananya.ramirez@company.com,United States,2022-09-19,Premium,4916.93
8334,Patricia Perez,patricia.perez1@outlook.com,India,2023-11-08,Standard,534.67
8335,Andrew Thompson,andrew.thompson@outlook.com,Canada,2021-02-11,Premium,1551.34
8336,Mary Chen,mary.chen1@hotmail.com,United States,2022-09-11,Standard,217.09
8337,Donald Ramirez,donald.ramirez@corp.net,Canada,2022-10-07,Basic,161.19
8338,Sarah Brown,sarah.brown@company.com,United Kingdom,2021-08-11,Premium,3962.06
8339,Patricia Mueller,,Canada,2024-10-07,Standard,384.90
8340,Laura Ramirez,laura.ramirez@hotmail.com,United States,2022-01-19,Standard,216.74
8341,Susan Martinez,susan.martinez@hotmail.com,United States,2025-01-04,Standard,390.42
8342,Susan Kim,susan.kim@gmail.com,Germany,2021-03-23,Basic,36.47
8343,Barbara Garcia,barbara.garcia1@gmail.com,Germany,2023-09-21,Standard,562.86
8344,Rebecca Mueller,rebecca.mueller1@yahoo.com,Germany,2020-10-19,Basic,172.22
8345,Barbara Mueller,barbara.mueller1@gmail.com,United States,2021-07-24,Basic,124.72
8346,Mia Nguyen,mia.nguyen@outlook.com,Germany,2023-04-22,Standard,679.76
8347,Mia Wilson,mia.wilson1@gmail.com,United States,2020-04-09,Basic,138.54
8348,Donald Patel,donald.patel@company.com,United States,2024-01-07,Basic,41.42
8349,Karen Jones,karen.jones3@gmail.com,India,2021-01-05,Basic,79.55
8350,Raj Martin,raj.martin@corp.net,United Kingdom,2020-11-26,Basic,199.72
8351,Paul Chen,paul.chen2@company.com,United States,2022-06-16,Standard,501.66
8352,Paul Perez,paul.perez3@gmail.com,United Kingdom,2020-09-08,Premium,4338.26
8353,Mary Sharma,,Germany,2021-03-20,Basic,68.61
8354,Stephanie Jones,stephanie.jones@yahoo.com,Germany,2020-10-11,Standard,113.36
8355,Emma Robinson,emma.robinson1@icloud.com,United States,2021-04-09,Standard,334.80
8356,Amanda Johnson,amanda.johnson@yahoo.com,Germany,2021-06-15,Basic,70.76
8357,Michael Smith,michael.smith1@outlook.com,United Kingdom,2021-10-25,Standard,203.66
8358,Steven Moore,steven.moore1@outlook.com,United States,2021-07-20,Standard,772.18
8359,Elizabeth Jackson,elizabeth.jackson@yahoo.com,United States,2022-04-23,Standard,140.03
8360,Daniel Harris,daniel.harris@icloud.com,Canada,2021-03-15,Premium,3859.98
8361,Richard Martin,richard.martin@outlook.com,France,2024-11-20,Standard,760.09
8362,Jennifer Martinez,jennifer.martinez1@gmail.com,United States,2024-05-15,Standard,752.70
8363,Emily Sharma,emily.sharma1@icloud.com,United States,2022-09-25,Standard,267.35
8364,Barbara Williams,barbara.williams2@gmail.com,United States,2022-11-23,Standard,68.55
8365,Arjun Walker,arjun.walker@company.com,United Kingdom,2024-01-05,Basic,117.79
8366,Mary Martin,mary.martin1@gmail.com,United States,2024-10-10,Basic,100.03
8367,Lisa Lopez,lisa.lopez@corp.net,Canada,2021-12-18,Basic,128.52
8368,Matthew Clark,matthew.clark@gmail.com,United States,2023-12-29,Premium,1204.35
8369,Andrew Kim,andrew.kim1@gmail.com,Australia,2023-08-14,Standard,441.12
8370,Sharon Moore,sharon.moore1@gmail.com,United States,2022-06-23,Standard,234.63
8371,Michael Chen,michael.chen3@gmail.com,United States,2021-03-11,Basic,36.22
8372,Lucas Rodriguez,lucas.rodriguez@outlook.com,United States,2020-01-21,Basic,76.45
8373,Steven Wang,steven.wang@yahoo.com,United Kingdom,2024-04-28,Standard,598.13
8374,Elizabeth Anderson,elizabeth.anderson@yahoo.com,India,2021-08-30,Standard,530.34
8375,Michael Sharma,michael.sharma1@outlook.com,France,2021-04-30,Premium,4727.34
8376,Arjun Nguyen,arjun.nguyen1@company.com,United Kingdom,2020-06-08,Premium,3010.48
8377,Amanda White,amanda.white@company.com,India,2022-04-27,Standard,554.49
8378,Arjun Ramirez,arjun.ramirez2@gmail.com,United States,2024-12-07,Premium,1639.37
8379,Oliver Clark,oliver.clark2@mail.io,Germany,2023-11-29,Basic,28.37
8380,Patricia Sanchez,patricia.sanchez2@gmail.com,Germany,2025-03-29,Premium,1595.43
8381,Arjun Sharma,arjun.sharma2@outlook.com,Canada,2020-02-09,Basic,144.62
8382,Jennifer Thomas,jennifer.thomas2@mail.io,United States,2023-08-01,Premium,4448.21
8383,Linda White,linda.white1@gmail.com,United Kingdom,2021-08-30,Premium,685.98
8384,Oliver Mueller,oliver.mueller5@gmail.com,United States,2020-08-31,Basic,76.17
8385,Joseph Clark,joseph.clark1@gmail.com,France,2024-11-18,Standard,190.70
8386,Kenneth Brown,kenneth.brown1@yahoo.com,Canada,2022-08-02,Standard,252.81
8387,Arjun Mueller,arjun.mueller2@icloud.com,United Kingdom,2020-03-25,Standard,108.46
8388,Joseph Johnson,joseph.johnson@company.com,United Kingdom,2021-11-09,Basic,162.57
8389,Sofia Davis,sofia.davis@outlook.com,United States,2023-03-18,Standard,477.61
8390,Rebecca Miller,rebecca.miller@yahoo.com,United Kingdom,2021-04-23,Standard,474.70
8391,Christopher Kim,christopher.kim@hotmail.com,United States,2025-03-05,Standard,601.57
8392,Raj Chen,raj.chen@yahoo.com,Australia,2024-04-05,Standard,157.20
8393,Priya Anderson,priya.anderson@mail.io,Germany,2022-07-24,Standard,527.77
8394,William Nguyen,william.nguyen2@gmail.com,France,2022-07-05,Standard,205.11
8395,Melissa Taylor,melissa.taylor@outlook.com,Canada,2024-04-19,Basic,14.98
8396,William Wilson,william.wilson1@mail.io,India,2024-07-16,Standard,76.09
8397,Joshua Jones,joshua.jones1@icloud.com,United Kingdom,2023-04-30,Premium,4509.78
8398,Mary Anderson,mary.anderson@company.com,Australia,2025-04-10,Standard,358.15
8399,James Sharma,james.sharma@yahoo.com,United States,2021-03-05,Basic,153.19
8400,Mary Robinson,mary.robinson2@yahoo.com,Germany,2023-04-30,Standard,743.26
8401,Thomas Sharma,thomas.sharma1@gmail.com,Australia,2021-05-15,Standard,235.60
8402,Ananya Wilson,ananya.wilson@mail.io,India,2020-09-26,Premium,1368.78
8403,William Walker,william.walker@corp.net,India,2021-12-18,Standard,745.78
8404,Anthony Smith,anthony.smith@yahoo.com,Germany,2022-05-06,Premium,2753.63
8405,Joshua Singh,joshua.singh@company.com,United States,2023-07-31,Standard,215.61
8406,Sarah Harris,sarah.harris1@yahoo.com,United States,2022-11-14,Basic,162.38
8407,Mary Moore,mary.moore@yahoo.com,United States,2025-01-14,Standard,294.32
8408,Steven Perez,steven.perez1@outlook.com,United States,2020-09-16,Standard,735.09
8409,Lucas Kim,lucas.kim1@yahoo.com,United States,2021-08-19,Standard,465.28
8410,Andrew Martin,andrew.martin@outlook.com,United States,2022-05-08,Basic,128.44
8411,Patricia Kim,patricia.kim2@gmail.com,United States,2022-06-20,Standard,56.90
8412,Ashley Singh,ashley.singh@gmail.com,United Kingdom,2020-05-15,Standard,58.92
8413,John Hernandez,john.hernandez@yahoo.com,Canada,2021-05-28,Premium,1163.56
8414,Raj Hernandez,raj.hernandez@outlook.com,United States,2020-02-26,Basic,194.54
8415,Kenneth Lee,kenneth.lee@mail.io,United States,2025-03-11,Standard,716.31
8416,Karen Patel,karen.patel@corp.net,Australia,2023-08-26,Basic,149.01
8417,Sofia Williams,sofia.williams@gmail.com,United Kingdom,2022-12-11,Basic,177.13
8418,Emma Kim,emma.kim@hotmail.com,Australia,2022-06-13,Standard,676.70
8419,Elizabeth Martinez,elizabeth.martinez@company.com,France,2024-10-01,Basic,183.08
8420,Amanda Lopez,amanda.lopez@company.com,United Kingdom,2021-06-14,Standard,568.58
8421,Laura Sanchez,laura.sanchez@yahoo.com,India,2020-11-12,Standard,262.94
8422,Mia Gonzalez,mia.gonzalez1@gmail.com,Canada,2021-07-22,Standard,668.84
8423,Oliver Chen,oliver.chen2@gmail.com,United Kingdom,2024-12-28,Standard,125.33
8424,Priya Walker,priya.walker1@yahoo.com,France,2023-08-31,Standard,589.82
8425,Steven Gonzalez,steven.gonzalez@hotmail.com,France,2022-04-24,Standard,369.92
8426,Kenneth Kumar,kenneth.kumar@yahoo.com,United States,2024-02-02,Basic,3.39
8427,Stephanie Sharma,stephanie.sharma3@gmail.com,United Kingdom,2024-04-30,Standard,324.60
8428,James Nguyen,james.nguyen1@yahoo.com,United States,2024-06-05,Premium,4685.24
8429,Patricia Sanchez,patricia.sanchez@company.com,United States,2021-11-15,Basic,4.89
8430,Christopher Rodriguez,christopher.rodriguez@corp.net,United Kingdom,2020-08-31,Basic,1.77
8431,James Rodriguez,james.rodriguez@yahoo.com,United Kingdom,2020-11-22,Standard,575.16
8432,Laura Jones,laura.jones@hotmail.com,United States,2020-11-27,Standard,637.11
8433,Mia Perez,mia.perez@corp.net,United States,2024-11-25,Standard,495.19
8434,Paul Walker,paul.walker1@icloud.com,United States,2020-12-08,Standard,224.08
8435,Ashley Miller,ashley.miller1@outlook.com,United Kingdom,2021-09-09,Premium,1180.87
8436,Melissa Lewis,melissa.lewis2@company.com,United Kingdom,2020-11-20,Premium,1876.97
8437,Amanda Kim,amanda.kim2@gmail.com,Canada,2022-11-14,Standard,562.25
8438,Joseph Miller,joseph.miller1@mail.io,United States,2023-06-30,Basic,43.96
8439,James Wang,james.wang1@yahoo.com,United States,2023-09-01,Premium,3824.68
8440,Emma Lewis,emma.lewis1@gmail.com,Canada,2025-04-29,Basic,53.58
8441,Priya Sharma,priya.sharma1@gmail.com,United Kingdom,2021-05-04,Standard,427.39
8442,Ashley Moore,ashley.moore1@company.com,France,2023-06-26,Basic,51.60
8443,Lucas Williams,lucas.williams@outlook.com,Germany,2022-01-14,Premium,679.70
8444,Susan Thomas,susan.thomas@corp.net,Germany,2022-12-12,Standard,234.45
8445,Elizabeth Gonzalez,elizabeth.gonzalez@hotmail.com,Germany,2024-07-10,Standard,445.68
8446,Barbara Thomas,barbara.thomas1@company.com,Canada,2021-12-02,Basic,150.89
8447,Sarah Kumar,sarah.kumar@mail.io,United States,2023-09-19,Standard,216.77
8448,Raj Lopez,raj.lopez@outlook.com,India,2021-07-16,Standard,599.54
8449,Noah Jackson,noah.jackson@outlook.com,United Kingdom,2021-10-26,Standard,775.61
8450,Linda Kumar,linda.kumar@outlook.com,United States,2022-01-10,Premium,1167.53
8451,John Wang,john.wang1@gmail.com,France,2024-12-15,Basic,11.36
8452,Joseph Anderson,joseph.anderson@yahoo.com,United States,2022-10-23,Basic,194.05
8453,Emma Taylor,emma.taylor@company.com,United Kingdom,2021-12-30,Premium,2983.51
8454,Rebecca Jackson,rebecca.jackson2@gmail.com,United States,2022-08-14,Premium,4394.27
8455,Daniel Johnson,daniel.johnson1@yahoo.com,United Kingdom,2024-09-19,Premium,3712.19
8456,Robert Johnson,robert.johnson@icloud.com,United States,2022-07-19,Basic,136.29
8457,Laura Nguyen,laura.nguyen@yahoo.com,United Kingdom,2021-12-04,Standard,351.04
8458,Emily White,emily.white2@company.com,Germany,2022-01-14,Premium,1691.92
8459,Sofia Martin,sofia.martin@hotmail.com,India,2022-07-04,Standard,695.46
8460,Ananya Brown,ananya.brown@company.com,United States,2022-08-22,Premium,1427.01
8461,Oliver Moore,oliver.moore@hotmail.com,United States,2024-10-04,Premium,750.14
8462,Raj White,raj.white@corp.net,Germany,2024-09-19,Basic,78.60
8463,Elizabeth Moore,elizabeth.moore@outlook.com,Australia,2023-05-10,Standard,223.30
8464,Priya Davis,priya.davis2@gmail.com,United States,2020-09-24,Standard,159.13
8465,Robert Martin,robert.martin3@corp.net,United States,2021-03-07,Standard,518.07
8466,Mark Taylor,mark.taylor@mail.io,United States,2024-03-17,Standard,114.69
8467,Priya Kumar,priya.kumar@outlook.com,France,2022-09-20,Basic,53.82
8468,Anthony Mueller,anthony.mueller2@yahoo.com,Germany,2025-05-02,Standard,155.77
8469,Melissa Martinez,melissa.martinez1@gmail.com,United States,2023-09-22,Basic,130.40
8470,Daniel Robinson,daniel.robinson1@outlook.com,Australia,2024-02-07,Standard,505.68
8471,Melissa Johnson,melissa.johnson@mail.io,France,2024-03-07,Standard,148.19
8472,Paul Lee,paul.lee@gmail.com,United States,2021-10-07,Standard,786.06
8473,Donald Johnson,donald.johnson2@outlook.com,United States,2020-09-01,Basic,85.99
8474,Paul Lee,paul.lee1@gmail.com,United States,2020-12-25,Basic,1.46
8475,Raj Brown,raj.brown@outlook.com,United States,2022-06-22,Basic,173.99
8476,Emily Martinez,emily.martinez@icloud.com,United States,2024-08-26,Basic,5.17
8477,Priya Hernandez,priya.hernandez@outlook.com,United Kingdom,2021-06-09,Premium,3165.76
8478,Jessica Clark,jessica.clark3@outlook.com,United States,2024-02-01,Standard,777.96
8479,Karen Taylor,karen.taylor1@gmail.com,United States,2020-01-30,Standard,585.69
8480,Laura White,laura.white2@icloud.com,India,2024-07-12,Standard,76.61
8481,Richard Taylor,richard.taylor@corp.net,United Kingdom,2021-08-22,Basic,23.76
8482,Anthony Jones,anthony.jones1@gmail.com,India,2020-11-28,Basic,18.67
8483,Priya White,priya.white2@hotmail.com,United Kingdom,2022-03-23,Basic,158.51
8484,Elizabeth Smith,elizabeth.smith1@gmail.com,France,2020-06-01,Standard,620.10
8485,Barbara Wang,barbara.wang3@gmail.com,United States,2021-03-09,Basic,194.40
8486,Lisa Thompson,lisa.thompson@yahoo.com,United States,2022-08-28,Basic,153.74
8487,Kenneth Hernandez,kenneth.hernandez2@gmail.com,United States,2021-09-11,Standard,449.73
8488,William Wilson,william.wilson2@gmail.com,United States,2023-03-27,Standard,551.39
8489,Donald Sanchez,donald.sanchez@gmail.com,United States,2023-02-14,Basic,156.68
8490,Sharon Wang,sharon.wang@hotmail.com,Germany,2023-08-26,Basic,159.75
8491,Ananya Jackson,ananya.jackson@hotmail.com,India,2020-07-12,Basic,23.33
8492,John Mueller,john.mueller1@corp.net,Germany,2022-06-10,Premium,3641.73
8493,Robert Clark,robert.clark1@yahoo.com,Canada,2022-09-12,Standard,73.83
8494,Linda Lopez,linda.lopez2@gmail.com,United States,2024-06-26,Basic,27.70
8495,Arjun Chen,arjun.chen1@outlook.com,United States,2022-08-17,Standard,701.54
8496,William Sharma,william.sharma2@gmail.com,Canada,2020-01-18,Premium,1029.97
8497,Laura Thompson,laura.thompson@gmail.com,United States,2020-01-28,Premium,2473.86
8498,Christopher Miller,christopher.miller@mail.io,Canada,2022-11-11,Standard,107.19
8499,Mark Lopez,mark.lopez@mail.io,Canada,2023-08-25,Premium,3091.34
8500,Priya Sanchez,priya.sanchez2@outlook.com,United Kingdom,2021-06-13,Standard,666.15
8501,Noah Sharma,noah.sharma@outlook.com,United States,2021-12-12,Basic,14.48
8502,Richard Sharma,richard.sharma1@yahoo.com,United Kingdom,2020-09-04,Standard,644.96
8503,Sharon Lee,sharon.lee2@outlook.com,Germany,2020-05-29,Standard,661.60
8504,John Rodriguez,john.rodriguez2@yahoo.com,United States,2020-02-06,Basic,188.87
8505,William Martinez,william.martinez1@corp.net,France,2020-01-29,Standard,268.02
8506,Barbara Sharma,barbara.sharma@gmail.com,Germany,2021-07-11,Standard,508.44
8507,Mary Robinson,mary.robinson1@gmail.com,Germany,2024-12-18,Standard,641.56
8508,Joshua Walker,joshua.walker@company.com,United States,2020-04-07,Basic,193.15
8509,Mark Perez,mark.perez@outlook.com,United States,2022-10-05,Premium,3185.55
8510,Amanda Walker,amanda.walker@mail.io,Canada,2021-10-24,Basic,141.11
8511,Richard Gonzalez,richard.gonzalez1@outlook.com,United States,2023-06-21,Premium,2940.12
8512,Ananya Sharma,ananya.sharma1@gmail.com,United States,2020-09-22,Standard,243.89
8513,Patricia Jones,patricia.jones2@mail.io,France,2022-02-09,Basic,44.06
8514,Paul Martin,paul.martin3@gmail.com,United Kingdom,2021-08-09,Premium,2726.98
8515,Karen Lee,karen.lee@company.com,United Kingdom,2022-06-12,Standard,185.09
8516,Barbara Walker,barbara.walker1@mail.io,United States,2021-05-19,Basic,39.41
8517,Kenneth Miller,kenneth.miller@gmail.com,Australia,2022-12-25,Basic,187.52
8518,Raj Wilson,raj.wilson1@gmail.com,Australia,2023-01-28,Basic,116.00
8519,Barbara Singh,barbara.singh2@company.com,France,2025-04-23,Premium,1321.91
8520,Laura Perez,laura.perez@outlook.com,Canada,2022-09-06,Standard,187.11
8521,Andrew Patel,andrew.patel2@gmail.com,India,2021-03-29,Standard,573.91
8522,Michael Perez,michael.perez@yahoo.com,United States,2022-10-23,Standard,749.77
8523,Nancy Sharma,nancy.sharma1@yahoo.com,United States,2020-02-10,Premium,3504.48
8524,Sofia Davis,sofia.davis3@icloud.com,Canada,2023-05-14,Basic,161.91
8525,Raj Garcia,raj.garcia1@hotmail.com,United States,2024-01-22,Standard,743.00
8526,Lisa Kumar,lisa.kumar@corp.net,Canada,2022-06-26,Premium,4334.28
8527,Priya Taylor,priya.taylor@mail.io,United States,2025-01-22,Standard,776.06
8528,Ananya Rodriguez,ananya.rodriguez@yahoo.com,United States,2023-11-07,Standard,157.03
8529,Stephanie Thompson,stephanie.thompson@outlook.com,India,2020-02-20,Standard,214.97
8530,Mary Walker,mary.walker1@gmail.com,United Kingdom,2022-02-05,Basic,144.94
8531,Linda Miller,linda.miller@outlook.com,France,2022-03-28,Standard,440.43
8532,Sarah Jackson,sarah.jackson@gmail.com,India,2021-08-15,Standard,204.28
8533,Ananya Thompson,ananya.thompson2@gmail.com,Canada,2025-02-06,Basic,136.41
8534,Ashley Walker,ashley.walker1@company.com,Australia,2023-07-21,Standard,396.51
8535,James Kim,james.kim@yahoo.com,United Kingdom,2021-08-02,Premium,4653.78
8536,Sharon Williams,sharon.williams@mail.io,United States,2023-04-17,Basic,34.22
8537,William Rodriguez,william.rodriguez1@icloud.com,United States,2021-11-25,Standard,425.70
8538,Jennifer Sharma,jennifer.sharma@outlook.com,United Kingdom,2024-10-22,Standard,777.01
8539,Karen Sanchez,karen.sanchez2@gmail.com,Germany,2022-07-30,Standard,781.58
8540,Elizabeth Singh,elizabeth.singh3@gmail.com,Germany,2024-07-12,Premium,1432.87
8541,Joseph Clark,joseph.clark@mail.io,United Kingdom,2023-08-19,Premium,1810.21
8542,Mia Wilson,mia.wilson@yahoo.com,United States,2021-05-15,Premium,3247.65
8543,Jessica Kim,jessica.kim3@gmail.com,United States,2020-02-21,Basic,65.78
8544,Michael Lopez,michael.lopez@gmail.com,France,2025-05-05,Standard,156.58
8545,Matthew Kumar,matthew.kumar@icloud.com,United States,2022-05-09,Standard,718.12
8546,Mark Nguyen,mark.nguyen1@corp.net,France,2025-05-14,Standard,477.20
8547,Linda Ramirez,linda.ramirez2@gmail.com,United Kingdom,2023-10-12,Standard,558.06
8548,Raj Brown,raj.brown2@gmail.com,United Kingdom,2022-10-18,Standard,759.19
8549,Laura Thompson,laura.thompson@outlook.com,Australia,2024-09-05,Standard,336.07
8550,Matthew Moore,matthew.moore1@gmail.com,United States,2024-09-15,Standard,782.30
8551,Thomas Chen,thomas.chen2@gmail.com,United States,2023-11-19,Basic,37.96
8552,John Lewis,john.lewis1@outlook.com,France,2021-02-22,Standard,458.48
8553,Susan Lopez,susan.lopez@gmail.com,United States,2023-08-25,Basic,162.40
8554,Raj Sanchez,raj.sanchez@mail.io,United States,2025-04-09,Premium,3766.39
8555,Jessica Brown,jessica.brown1@mail.io,United States,2021-11-22,Standard,529.83
8556,Karen Davis,karen.davis@company.com,Germany,2024-04-02,Standard,475.22
8557,Noah Ramirez,noah.ramirez@icloud.com,United States,2023-12-17,Standard,127.15
8558,Robert Williams,robert.williams3@gmail.com,United Kingdom,2023-06-05,Basic,12.07
8559,Joshua Gonzalez,joshua.gonzalez1@company.com,United States,2022-10-30,Standard,718.03
8560,Richard Mueller,richard.mueller1@yahoo.com,Germany,2025-05-22,Premium,2868.34
8561,Melissa Robinson,melissa.robinson1@gmail.com,United Kingdom,2020-09-30,Standard,80.21
8562,Robert Perez,robert.perez1@gmail.com,France,2024-08-15,Basic,155.17
8563,James Brown,james.brown1@gmail.com,United States,2023-08-22,Premium,3223.95
8564,Emma Miller,emma.miller@outlook.com,Germany,2022-07-05,Basic,169.73
8565,Jennifer Chen,jennifer.chen2@gmail.com,India,2021-11-19,Standard,350.47
8566,Daniel Gonzalez,daniel.gonzalez1@gmail.com,United States,2021-01-02,Standard,208.45
8567,William Harris,william.harris1@mail.io,Canada,2024-03-05,Premium,4192.35
8568,Mia Lewis,mia.lewis2@outlook.com,Australia,2022-05-30,Standard,297.92
8569,Joshua Taylor,joshua.taylor@hotmail.com,France,2023-08-09,Standard,500.83
8570,Jennifer Kumar,jennifer.kumar3@gmail.com,United Kingdom,2021-04-30,Standard,622.68
8571,Anthony Miller,anthony.miller1@yahoo.com,United States,2023-02-06,Basic,102.37
8572,Emma Wang,emma.wang2@gmail.com,United Kingdom,2024-03-27,Standard,152.82
8573,Sharon Sanchez,sharon.sanchez1@yahoo.com,Australia,2021-06-24,Standard,462.00
8574,Laura Lee,laura.lee@outlook.com,United States,2024-05-16,Standard,442.81
8575,Elizabeth Wilson,elizabeth.wilson@company.com,United Kingdom,2020-01-26,Standard,105.01
8576,Ashley Smith,ashley.smith@outlook.com,United Kingdom,2020-04-17,Basic,104.51
8577,Patricia Nguyen,patricia.nguyen2@mail.io,Canada,2021-08-01,Standard,762.29
8578,Joseph Miller,joseph.miller@icloud.com,United Kingdom,2024-12-18,Basic,37.56
8579,Christopher Gonzalez,christopher.gonzalez2@gmail.com,United States,2024-04-24,Premium,2887.75
8580,Lisa Walker,lisa.walker@gmail.com,United States,2025-04-30,Standard,748.00
8581,Mia Mueller,mia.mueller1@gmail.com,Australia,2021-02-07,Premium,1393.29
8582,Mary Jones,mary.jones1@company.com,United States,2024-04-17,Standard,250.36
8583,Barbara Wang,barbara.wang2@yahoo.com,United Kingdom,2023-05-05,Standard,483.07
8584,Donald Robinson,donald.robinson2@gmail.com,United Kingdom,2021-12-25,Standard,500.93
8585,Patricia Jones,patricia.jones@company.com,France,2023-03-15,Standard,385.52
8586,Mia Clark,mia.clark@corp.net,Canada,2021-05-01,Standard,259.25
8587,Noah Sharma,,United States,2022-08-27,Standard,375.68
8588,Joseph Lee,joseph.lee1@gmail.com,France,2023-03-12,Standard,452.79
8589,Arjun Lewis,arjun.lewis1@gmail.com,United States,2023-10-05,Premium,3969.84
8590,James Anderson,james.anderson@hotmail.com,United States,2021-06-02,Basic,140.73
8591,Jennifer Wang,jennifer.wang@hotmail.com,Germany,2022-08-17,Standard,268.94
8592,Ananya Singh,ananya.singh1@yahoo.com,India,2022-04-27,Standard,72.69
8593,Sarah Harris,sarah.harris@mail.io,United States,2022-09-25,Standard,534.17
8594,Anthony Perez,anthony.perez1@outlook.com,United States,2024-06-18,Standard,225.52
8595,Steven Smith,steven.smith@hotmail.com,Germany,2022-02-25,Standard,411.64
8596,Lucas Anderson,lucas.anderson@icloud.com,United States,2022-07-16,Standard,720.23
8597,Karen Thomas,karen.thomas1@outlook.com,Australia,2023-01-03,Standard,586.63
8598,Rebecca Singh,rebecca.singh@hotmail.com,Germany,2025-05-26,Standard,110.04
8599,Melissa Chen,melissa.chen2@yahoo.com,France,2021-05-08,Standard,50.43
8600,Ananya Martinez,ananya.martinez1@yahoo.com,United Kingdom,2022-09-03,Standard,757.86
8601,Linda Wang,linda.wang1@gmail.com,Canada,2021-02-11,Standard,451.36
8602,John Lopez,john.lopez1@yahoo.com,Australia,2023-07-12,Basic,189.15
8603,Rebecca Harris,rebecca.harris1@gmail.com,Germany,2020-04-17,Premium,4713.94
8604,John Clark,john.clark@icloud.com,United States,2025-01-10,Premium,1828.81
8605,Oliver Garcia,oliver.garcia@icloud.com,United States,2020-07-12,Standard,602.66
8606,Emma Martin,emma.martin@icloud.com,France,2022-07-13,Standard,510.42
8607,Anthony Martinez,anthony.martinez@hotmail.com,United States,2021-04-12,Standard,596.39
8608,John Miller,john.miller2@outlook.com,United States,2021-12-03,Standard,144.43
8609,Barbara Smith,barbara.smith@gmail.com,Germany,2021-08-02,Basic,38.41
8610,Thomas Clark,thomas.clark1@gmail.com,Germany,2021-11-30,Standard,591.62
8611,Stephanie Singh,stephanie.singh1@mail.io,France,2022-09-16,Standard,309.20
8612,Sofia Walker,sofia.walker@icloud.com,United States,2023-10-09,Standard,406.49
8613,Mary Hernandez,mary.hernandez@icloud.com,United States,2024-12-25,Standard,620.03
8614,Ananya Lewis,ananya.lewis1@gmail.com,United States,2025-03-04,Standard,67.23
8615,Paul Perez,paul.perez4@gmail.com,United States,2021-11-11,Standard,214.54
8616,Stephanie Wang,stephanie.wang@corp.net,Canada,2020-09-14,Standard,396.40
8617,Mia Lee,mia.lee@gmail.com,Canada,2021-07-28,Standard,355.64
8618,Richard Thomas,richard.thomas@hotmail.com,United States,2023-01-05,Standard,434.12
8619,Paul Johnson,paul.johnson2@mail.io,Germany,2023-02-20,Standard,363.60
8620,William Smith,william.smith1@hotmail.com,United States,2021-09-12,Premium,2146.59
8621,Ashley Sanchez,ashley.sanchez@corp.net,United States,2022-11-22,Standard,322.26
8622,Ananya Williams,ananya.williams@mail.io,United States,2020-11-20,Standard,414.49
8623,William Mueller,william.mueller@mail.io,United Kingdom,2024-03-17,Standard,534.95
8624,Nancy Kumar,nancy.kumar@outlook.com,United States,2021-07-26,Basic,165.40
8625,Mia Gonzalez,mia.gonzalez3@icloud.com,Australia,2024-01-16,Standard,404.54
8626,Mary Perez,mary.perez1@outlook.com,United Kingdom,2022-08-30,Premium,2936.29
8627,Emily Kim,emily.kim1@gmail.com,United Kingdom,2020-12-22,Standard,503.77
8628,Emily Clark,emily.clark@company.com,United States,2022-03-16,Basic,173.09
8629,Sharon Nguyen,sharon.nguyen4@gmail.com,Canada,2023-02-22,Standard,464.71
8630,Michael Sanchez,michael.sanchez@yahoo.com,United States,2022-05-17,Standard,50.96
8631,Elizabeth Ramirez,elizabeth.ramirez1@outlook.com,India,2020-09-19,Standard,647.98
8632,Stephanie Thomas,stephanie.thomas1@mail.io,United States,2023-09-30,Standard,740.64
8633,Mary Lewis,mary.lewis3@gmail.com,United States,2024-11-29,Basic,151.06
8634,Sharon Brown,sharon.brown2@gmail.com,Germany,2021-11-27,Basic,183.49
8635,Joseph Wilson,joseph.wilson@outlook.com,France,2021-05-19,Standard,701.97
8636,Ananya Hernandez,ananya.hernandez@outlook.com,Australia,2023-05-26,Standard,166.07
8637,Elizabeth Hernandez,elizabeth.hernandez@company.com,United States,2022-09-09,Basic,39.81
8638,Joseph Singh,joseph.singh2@mail.io,United States,2020-03-01,Basic,107.94
8639,Rebecca Williams,rebecca.williams@yahoo.com,United States,2024-05-02,Basic,41.31
8640,Christopher Hernandez,christopher.hernandez@mail.io,United States,2020-01-26,Standard,75.08
8641,Stephanie Thompson,stephanie.thompson1@gmail.com,United States,2020-03-11,Standard,643.63
8642,Ananya Sanchez,ananya.sanchez1@yahoo.com,India,2021-07-30,Basic,41.58
8643,Jennifer Robinson,jennifer.robinson1@gmail.com,France,2020-06-09,Basic,129.76
8644,Thomas Lopez,thomas.lopez@outlook.com,France,2021-03-04,Standard,182.56
8645,Joseph Nguyen,joseph.nguyen@outlook.com,United States,2025-01-20,Basic,157.27
8646,Stephanie Ramirez,stephanie.ramirez2@gmail.com,France,2023-05-19,Basic,112.15
8647,Mia Martin,mia.martin1@hotmail.com,France,2024-10-29,Basic,97.40
8648,Ananya Jackson,ananya.jackson1@outlook.com,India,2022-02-11,Premium,4703.37
8649,Sharon Brown,sharon.brown@mail.io,Canada,2020-10-06,Basic,114.71
8650,Oliver Martin,oliver.martin@icloud.com,United States,2024-07-19,Basic,174.79
8651,Jennifer Martin,jennifer.martin@outlook.com,United States,2021-12-10,Standard,407.35
8652,Donald Robinson,donald.robinson1@outlook.com,United Kingdom,2025-03-17,Basic,35.03
8653,Ananya Singh,ananya.singh@hotmail.com,United States,2021-06-26,Standard,422.84
8654,Christopher Lopez,christopher.lopez4@gmail.com,United States,2021-05-06,Standard,667.89
8655,Anthony Brown,anthony.brown1@outlook.com,United States,2024-10-21,Standard,664.20
8656,Robert Miller,robert.miller2@company.com,United States,2024-02-20,Premium,2818.04
8657,Stephanie Davis,stephanie.davis@gmail.com,United States,2021-04-19,Standard,642.61
8658,Oliver Anderson,oliver.anderson@corp.net,United States,2023-04-18,Standard,115.82
8659,Mia Perez,mia.perez@yahoo.com,Germany,2023-10-05,Standard,445.78
8660,Ananya Walker,ananya.walker@company.com,United States,2020-12-25,Standard,485.62
8661,Elizabeth Rodriguez,elizabeth.rodriguez1@gmail.com,United States,2024-06-14,Standard,727.49
8662,Kenneth Chen,kenneth.chen2@gmail.com,United States,2022-08-27,Standard,83.03
8663,Melissa Garcia,melissa.garcia1@gmail.com,Germany,2022-03-11,Standard,65.73
8664,Noah Lee,noah.lee3@gmail.com,United States,2024-01-04,Standard,266.90
8665,Laura Davis,laura.davis@outlook.com,United Kingdom,2020-06-30,Standard,334.23
8666,John Kim,john.kim2@gmail.com,United States,2024-12-08,Basic,4.29
8667,Laura Jackson,laura.jackson@yahoo.com,United States,2022-05-11,Basic,129.82
8668,Oliver Wilson,oliver.wilson@hotmail.com,United States,2020-04-26,Standard,268.00
8669,Priya Gonzalez,priya.gonzalez@icloud.com,India,2020-07-11,Standard,113.21
8670,Elizabeth Perez,elizabeth.perez@hotmail.com,United Kingdom,2023-12-18,Premium,4670.98
8671,Arjun Harris,arjun.harris3@gmail.com,United States,2022-08-17,Standard,775.41
8672,James Kumar,james.kumar@outlook.com,Germany,2024-11-20,Basic,107.47
8673,Melissa Sanchez,melissa.sanchez1@company.com,United States,2021-03-20,Standard,93.93
8674,Jessica Taylor,jessica.taylor@gmail.com,Canada,2023-09-09,Basic,177.90
8675,Sarah Brown,sarah.brown@hotmail.com,United States,2023-02-21,Standard,738.05
8676,Raj Smith,raj.smith@company.com,United States,2024-02-13,Premium,3367.33
8677,Joseph Moore,joseph.moore@hotmail.com,United States,2024-11-03,Basic,115.66
8678,Matthew Martinez,matthew.martinez1@icloud.com,Australia,2022-12-14,Standard,456.54
8679,Nancy Mueller,nancy.mueller1@mail.io,United States,2022-04-11,Basic,175.42
8680,Jennifer Gonzalez,jennifer.gonzalez2@company.com,India,2022-03-13,Standard,463.31
8681,Christopher Wang,christopher.wang@icloud.com,United Kingdom,2025-03-03,Standard,358.24
8682,David Lopez,david.lopez2@gmail.com,United States,2024-06-26,Standard,739.87
8683,Karen Lee,karen.lee1@outlook.com,United States,2025-05-10,Standard,650.02
8684,Emma Jones,emma.jones1@gmail.com,Australia,2024-06-13,Standard,68.50
8685,Anthony Walker,anthony.walker@company.com,Canada,2022-12-31,Basic,97.61
8686,Patricia Wang,patricia.wang1@gmail.com,United States,2022-12-23,Basic,140.05
8687,Paul Smith,paul.smith3@gmail.com,United States,2023-11-19,Standard,335.99
8688,Robert Hernandez,robert.hernandez3@gmail.com,France,2021-12-17,Standard,282.22
8689,Robert Martinez,robert.martinez1@gmail.com,United States,2021-05-21,Standard,498.34
8690,Michael Thompson,michael.thompson@gmail.com,France,2020-04-15,Standard,532.16
8691,Lisa Smith,lisa.smith@outlook.com,France,2022-08-21,Standard,642.14
8692,Noah Chen,noah.chen1@gmail.com,United States,2023-10-30,Standard,594.51
8693,Nancy Ramirez,nancy.ramirez@yahoo.com,United States,2025-04-07,Standard,262.43
8694,William Taylor,william.taylor2@hotmail.com,United Kingdom,2022-10-11,Premium,4518.74
8695,Sarah Robinson,sarah.robinson1@outlook.com,United Kingdom,2023-02-13,Standard,657.46
8696,Amanda Walker,amanda.walker1@gmail.com,Germany,2025-03-19,Basic,9.86
8697,Steven Martin,steven.martin@company.com,United States,2024-02-12,Basic,150.16
8698,Robert Sanchez,robert.sanchez2@gmail.com,France,2024-07-28,Standard,658.75
8699,David Ramirez,david.ramirez3@gmail.com,United States,2022-07-29,Standard,437.84
8700,Joshua Miller,joshua.miller@gmail.com,United States,2020-07-11,Premium,3927.79
8701,Melissa Lee,melissa.lee@company.com,United States,2021-06-11,Premium,4895.68
8702,Sarah Martinez,sarah.martinez1@hotmail.com,United States,2024-12-22,Standard,418.49
8703,David Taylor,david.taylor@outlook.com,Germany,2022-03-05,Standard,357.22
8704,Sarah Smith,sarah.smith@mail.io,France,2023-12-27,Standard,136.36
8705,Melissa Perez,melissa.perez3@gmail.com,Canada,2024-01-11,Standard,287.78
8706,Laura Lee,laura.lee2@gmail.com,France,2023-10-02,Standard,535.76
8707,Mia Lee,mia.lee@yahoo.com,United States,2025-04-28,Premium,3109.45
8708,Robert Lee,robert.lee4@gmail.com,United States,2023-11-07,Standard,461.34
8709,Karen Anderson,karen.anderson2@gmail.com,United States,2023-06-07,Standard,188.02
8710,Kenneth Thompson,kenneth.thompson@corp.net,United States,2021-09-03,Basic,145.92
8711,Andrew Garcia,andrew.garcia2@company.com,United Kingdom,2022-03-27,Basic,114.16
8712,Sofia Singh,sofia.singh@outlook.com,United Kingdom,2025-05-08,Standard,384.14
8713,Robert Sharma,robert.sharma1@outlook.com,United States,2021-01-15,Standard,629.56
8714,Ashley Gonzalez,ashley.gonzalez@company.com,India,2023-06-17,Standard,381.54
8715,Robert Patel,robert.patel1@gmail.com,Germany,2023-02-02,Standard,283.95
8716,Sarah Johnson,sarah.johnson1@outlook.com,United Kingdom,2024-08-15,Standard,124.99
8717,Elizabeth Thomas,elizabeth.thomas3@gmail.com,India,2024-10-10,Standard,724.27
8718,Joshua Rodriguez,joshua.rodriguez2@outlook.com,India,2023-07-05,Basic,193.95
8719,Sharon Johnson,sharon.johnson1@gmail.com,United Kingdom,2024-09-22,Standard,624.67
8720,Joshua Lee,joshua.lee@gmail.com,Germany,2023-10-12,Standard,403.85
8721,Joseph Johnson,joseph.johnson4@gmail.com,Canada,2020-01-03,Basic,58.73
8722,Mary Lopez,mary.lopez@hotmail.com,Canada,2024-06-29,Standard,745.84
8723,Emily Garcia,emily.garcia@gmail.com,France,2025-02-16,Basic,169.17
8724,Andrew Sharma,andrew.sharma2@gmail.com,United States,2023-04-15,Standard,771.23
8725,Noah Mueller,noah.mueller@yahoo.com,India,2022-10-24,Standard,730.92
8726,Barbara Lewis,barbara.lewis4@gmail.com,United States,2023-11-18,Basic,24.34
8727,Ananya Jones,ananya.jones2@gmail.com,United Kingdom,2022-05-22,Standard,617.85
8728,Paul Jones,paul.jones@hotmail.com,Australia,2023-11-27,Standard,497.05
8729,Oliver Kumar,oliver.kumar@gmail.com,United Kingdom,2023-11-03,Standard,282.91
8730,Ashley Thompson,ashley.thompson@outlook.com,United States,2021-09-14,Standard,209.79
8731,Emily Walker,emily.walker1@outlook.com,United Kingdom,2021-01-09,Standard,275.51
8732,Richard Nguyen,richard.nguyen@yahoo.com,Germany,2025-01-14,Basic,133.25
8733,Thomas Brown,thomas.brown@outlook.com,United States,2023-07-02,Standard,453.06
8734,Nancy Thomas,nancy.thomas1@gmail.com,United States,2025-05-22,Premium,1507.60
8735,John Robinson,john.robinson@icloud.com,India,2024-04-19,Standard,78.50
8736,Joseph Jackson,joseph.jackson1@icloud.com,India,2020-03-14,Premium,4429.11
8737,Steven Thompson,steven.thompson1@gmail.com,India,2022-04-29,Standard,472.83
8738,Linda Miller,linda.miller@mail.io,Germany,2022-01-22,Standard,121.66
8739,Jennifer Miller,jennifer.miller@hotmail.com,United States,2023-11-01,Standard,301.81
8740,Linda Brown,linda.brown1@outlook.com,Australia,2021-09-02,Premium,3596.76
8741,Arjun Jackson,arjun.jackson1@hotmail.com,United States,2020-05-06,Premium,947.41
8742,Steven Kim,steven.kim@mail.io,United States,2023-05-24,Standard,607.40
8743,Mark Nguyen,mark.nguyen4@gmail.com,United Kingdom,2020-04-26,Standard,125.21
8744,Paul Thomas,paul.thomas1@gmail.com,United Kingdom,2021-11-27,Basic,183.04
8745,Paul Gonzalez,paul.gonzalez3@gmail.com,United Kingdom,2024-06-02,Standard,213.55
8746,James Garcia,james.garcia@icloud.com,Australia,2022-07-19,Standard,589.14
8747,Paul Thomas,paul.thomas2@gmail.com,France,2024-05-17,Basic,59.40
8748,Thomas Singh,thomas.singh@mail.io,France,2021-08-19,Basic,136.49
8749,Lisa Martin,lisa.martin@gmail.com,Germany,2021-09-26,Standard,262.65
8750,Jessica Taylor,jessica.taylor@yahoo.com,Australia,2022-03-11,Standard,254.66
8751,Matthew Kumar,matthew.kumar1@icloud.com,United States,2020-09-03,Premium,2912.39
8752,Stephanie Robinson,stephanie.robinson@hotmail.com,United States,2024-12-20,Premium,3075.16
8753,Emily Lopez,emily.lopez2@gmail.com,United States,2024-09-08,Basic,43.65
8754,Arjun Robinson,arjun.robinson@gmail.com,United States,2021-03-11,Premium,981.00
8755,Amanda Hernandez,amanda.hernandez@yahoo.com,Germany,2022-01-27,Standard,696.40
8756,Lisa White,lisa.white2@gmail.com,United Kingdom,2023-03-09,Standard,769.20
8757,Daniel Harris,daniel.harris1@gmail.com,Germany,2021-09-05,Standard,118.76
8758,Oliver Miller,oliver.miller2@corp.net,India,2021-11-13,Standard,748.98
8759,Richard Mueller,richard.mueller2@gmail.com,United States,2022-08-01,Basic,67.42
8760,Andrew Thompson,andrew.thompson@icloud.com,United States,2023-09-03,Standard,210.38
8761,Mia Davis,mia.davis1@corp.net,Australia,2024-11-12,Standard,643.59
8762,Kenneth Walker,kenneth.walker@company.com,United States,2022-05-23,Basic,92.03
8763,Matthew White,matthew.white1@gmail.com,United Kingdom,2022-03-28,Basic,8.03
8764,Mark Singh,mark.singh@hotmail.com,United States,2023-12-03,Basic,116.98
8765,Noah Brown,noah.brown@mail.io,United States,2024-06-04,Basic,36.31
8766,Andrew Williams,andrew.williams1@outlook.com,United States,2023-04-05,Basic,119.05
8767,William Thomas,william.thomas@company.com,United Kingdom,2022-04-29,Standard,548.69
8768,Emily Wilson,emily.wilson@mail.io,United States,2022-05-10,Basic,115.45
8769,Karen Lee,karen.lee1@gmail.com,United States,2021-06-19,Standard,648.56
8770,Michael Hernandez,michael.hernandez@outlook.com,United States,2025-01-23,Standard,596.94
8771,Mary Patel,mary.patel1@outlook.com,United Kingdom,2024-04-04,Basic,71.21
8772,Elizabeth Sharma,elizabeth.sharma@yahoo.com,United Kingdom,2022-01-26,Standard,80.78
8773,Sharon Patel,sharon.patel1@gmail.com,United States,2021-12-17,Standard,120.27
8774,Susan Chen,susan.chen1@mail.io,Germany,2021-07-09,Standard,218.51
8775,Priya Sanchez,priya.sanchez4@gmail.com,United States,2023-07-22,Basic,185.06
8776,Karen Rodriguez,karen.rodriguez@outlook.com,Germany,2022-07-02,Basic,97.25
8777,Arjun White,arjun.white@gmail.com,United States,2022-12-25,Standard,120.93
8778,Susan Wang,susan.wang1@hotmail.com,United States,2022-11-22,Basic,147.40
8779,Joseph Clark,joseph.clark2@gmail.com,Canada,2021-01-10,Standard,690.18
8780,Raj Perez,raj.perez1@gmail.com,United Kingdom,2020-11-09,Basic,29.26
8781,Joshua Wang,joshua.wang@hotmail.com,Germany,2024-04-27,Standard,720.62
8782,Donald White,donald.white1@gmail.com,France,2023-02-19,Standard,577.22
8783,Karen Thompson,karen.thompson@icloud.com,United States,2022-12-31,Basic,99.54
8784,John Harris,john.harris4@gmail.com,India,2021-10-12,Standard,285.62
8785,Susan Mueller,susan.mueller1@corp.net,India,2020-11-14,Premium,1112.72
8786,Laura Perez,laura.perez1@outlook.com,Canada,2020-03-14,Standard,548.40
8787,Richard Martin,richard.martin@corp.net,United Kingdom,2023-09-07,Standard,721.74
8788,Daniel Clark,daniel.clark2@gmail.com,Australia,2023-01-23,Basic,165.70
8789,James Anderson,james.anderson2@gmail.com,Australia,2021-10-01,Standard,551.94
8790,Elizabeth Nguyen,elizabeth.nguyen@hotmail.com,United Kingdom,2024-02-19,Basic,42.54
8791,Barbara Sharma,barbara.sharma@mail.io,France,2021-05-14,Standard,572.89
8792,Lisa Patel,lisa.patel3@gmail.com,India,2024-09-20,Premium,4684.77
8793,Anthony Davis,anthony.davis2@mail.io,United Kingdom,2022-07-02,Standard,293.35
8794,Joseph Taylor,joseph.taylor3@gmail.com,United Kingdom,2020-05-29,Standard,103.54
8795,Christopher Thompson,christopher.thompson1@mail.io,Canada,2023-11-04,Standard,774.62
8796,Matthew Thompson,matthew.thompson@outlook.com,United States,2020-02-25,Standard,694.36
8797,Richard Smith,richard.smith@outlook.com,United States,2024-02-24,Standard,701.42
8798,Mia Jones,mia.jones2@gmail.com,United States,2020-02-08,Basic,188.68
8799,Paul White,paul.white4@gmail.com,Germany,2022-12-22,Standard,641.12
8800,Nancy Lewis,nancy.lewis1@outlook.com,Canada,2024-10-20,Standard,343.53
8801,Ananya Robinson,ananya.robinson3@gmail.com,Canada,2025-04-03,Basic,27.36
8802,Nancy Moore,nancy.moore@mail.io,United States,2023-10-27,Basic,145.39
8803,Mary Martinez,mary.martinez@outlook.com,Australia,2020-01-21,Standard,483.58
8804,Arjun Martinez,arjun.martinez@corp.net,France,2021-11-29,Premium,1960.01
8805,Ashley Jones,ashley.jones@icloud.com,United States,2024-10-01,Premium,2784.87
8806,Patricia Harris,patricia.harris@gmail.com,United States,2024-08-04,Standard,338.92
8807,Arjun Thompson,arjun.thompson1@icloud.com,Germany,2022-03-22,Standard,305.77
8808,Linda Johnson,linda.johnson3@company.com,Australia,2022-11-14,Basic,73.13
8809,Robert Davis,robert.davis@hotmail.com,United States,2023-06-20,Standard,716.93
8810,Joseph Lopez,joseph.lopez@mail.io,United Kingdom,2022-08-23,Standard,743.29
8811,John White,john.white@mail.io,United States,2023-06-16,Premium,4377.77
8812,Matthew White,matthew.white2@gmail.com,United States,2021-04-02,Standard,472.43
8813,Jennifer Smith,jennifer.smith1@gmail.com,United States,2023-08-13,Standard,422.28
8814,Noah Clark,noah.clark@gmail.com,United States,2020-05-28,Standard,128.14
8815,Priya Sharma,priya.sharma@yahoo.com,Germany,2025-02-18,Standard,110.10
8816,Mark Davis,mark.davis1@gmail.com,United States,2021-07-25,Standard,618.99
8817,Kenneth Singh,kenneth.singh@icloud.com,United States,2025-05-08,Premium,3574.73
8818,Sofia Wilson,sofia.wilson1@gmail.com,India,2020-10-10,Standard,212.24
8819,John Thompson,john.thompson@icloud.com,United Kingdom,2022-06-13,Basic,83.62
8820,Emily Walker,emily.walker2@outlook.com,Germany,2023-08-08,Premium,3606.37
8821,Matthew Wilson,matthew.wilson@gmail.com,United Kingdom,2021-01-18,Basic,131.95
8822,Stephanie White,stephanie.white@outlook.com,United States,2024-07-11,Standard,170.56
8823,Sofia Moore,sofia.moore1@outlook.com,France,2021-01-08,Standard,330.96
8824,Oliver Jackson,oliver.jackson@company.com,Germany,2025-01-01,Standard,555.62
8825,Stephanie Chen,stephanie.chen1@hotmail.com,United States,2025-05-19,Basic,7.26
8826,Arjun Chen,arjun.chen1@company.com,Australia,2024-03-27,Standard,261.70
8827,John Anderson,john.anderson@gmail.com,Germany,2020-07-16,Standard,382.97
8828,John Williams,john.williams@company.com,India,2022-05-28,Basic,187.13
8829,Richard Patel,richard.patel@company.com,Australia,2020-05-12,Standard,389.38
8830,Sarah Martin,sarah.martin@yahoo.com,Australia,2021-01-28,Basic,91.70
8831,Susan Sanchez,susan.sanchez@gmail.com,United States,2021-02-17,Premium,1800.39
8832,Paul Martinez,paul.martinez@company.com,Germany,2023-12-10,Basic,42.08
8833,Barbara Lewis,barbara.lewis1@outlook.com,United States,2022-03-02,Premium,1389.92
8834,Donald Miller,donald.miller@icloud.com,Canada,2020-05-26,Basic,68.12
8835,Donald Thomas,donald.thomas@company.com,United Kingdom,2023-11-06,Premium,1921.25
8836,Emily Singh,emily.singh@gmail.com,France,2024-05-09,Standard,571.17
8837,Ananya Williams,ananya.williams2@yahoo.com,United States,2025-04-08,Premium,2710.03
8838,Steven Williams,steven.williams3@gmail.com,United States,2020-04-11,Standard,341.54
8839,Kenneth Sanchez,kenneth.sanchez2@company.com,United States,2022-10-14,Standard,471.61
8840,Michael Robinson,michael.robinson@gmail.com,Germany,2022-07-09,Premium,1367.30
8841,Raj Patel,raj.patel@yahoo.com,Germany,2023-12-12,Basic,39.37
8842,Mia Ramirez,mia.ramirez@company.com,United States,2020-02-12,Basic,93.44
8843,Ashley Ramirez,ashley.ramirez1@gmail.com,United States,2022-02-03,Standard,343.07
8844,Noah Robinson,noah.robinson@company.com,United States,2020-09-22,Premium,1003.29
8845,Lucas Anderson,lucas.anderson1@icloud.com,United States,2022-08-28,Basic,110.56
8846,Linda White,linda.white@company.com,United States,2023-09-29,Basic,102.54
8847,Laura Harris,laura.harris@icloud.com,Germany,2020-09-11,Basic,10.21
8848,Noah Johnson,noah.johnson@gmail.com,United States,2020-10-04,Standard,502.69
8849,Paul Rodriguez,paul.rodriguez3@gmail.com,United Kingdom,2024-05-07,Standard,606.20
8850,Ashley Patel,ashley.patel@gmail.com,United States,2024-01-13,Standard,668.62
8851,Linda Nguyen,linda.nguyen@hotmail.com,United States,2023-09-13,Standard,381.02
8852,Patricia Robinson,patricia.robinson2@outlook.com,India,2020-05-17,Standard,595.19
8853,Emma Wang,emma.wang3@gmail.com,India,2022-10-02,Standard,628.15
8854,Sarah Harris,sarah.harris1@gmail.com,United Kingdom,2025-03-03,Basic,147.50
8855,Matthew Sharma,matthew.sharma2@gmail.com,United States,2023-11-29,Standard,604.59
8856,Melissa Wang,melissa.wang@mail.io,Australia,2020-10-01,Basic,197.35
8857,Ananya Harris,ananya.harris@corp.net,Canada,2023-10-10,Premium,1855.47
8858,Daniel Gonzalez,daniel.gonzalez1@corp.net,United States,2023-11-16,Premium,4305.43
8859,Priya Brown,priya.brown1@yahoo.com,United States,2020-03-15,Standard,347.48
8860,Laura Sharma,laura.sharma2@gmail.com,United States,2022-03-12,Basic,141.22
8861,Elizabeth White,elizabeth.white1@gmail.com,Canada,2024-02-08,Basic,37.85
8862,Christopher Lee,christopher.lee1@icloud.com,United Kingdom,2022-07-21,Premium,3430.03
8863,Lucas Miller,lucas.miller5@gmail.com,Australia,2022-05-06,Standard,69.03
8864,Emma Thompson,emma.thompson1@company.com,United States,2021-06-14,Standard,596.29
8865,Anthony Thomas,anthony.thomas1@gmail.com,United States,2023-08-05,Standard,83.07
8866,Matthew Rodriguez,matthew.rodriguez3@gmail.com,United States,2024-01-01,Basic,111.31
8867,Kenneth Rodriguez,kenneth.rodriguez@gmail.com,United States,2024-03-17,Standard,171.03
8868,Linda Lee,linda.lee1@gmail.com,India,2025-05-18,Standard,142.62
8869,Susan Smith,susan.smith@icloud.com,United Kingdom,2024-08-18,Basic,132.64
8870,Lisa Kumar,lisa.kumar@yahoo.com,Germany,2023-03-02,Standard,548.00
8871,Sharon Nguyen,sharon.nguyen5@gmail.com,Germany,2020-10-04,Basic,9.53
8872,Steven Wang,steven.wang1@outlook.com,Canada,2023-04-12,Standard,122.41
8873,Jennifer Wilson,jennifer.wilson@outlook.com,Germany,2023-07-19,Standard,381.00
8874,William Jackson,william.jackson@gmail.com,Australia,2023-02-04,Basic,126.39
8875,Karen Smith,karen.smith1@outlook.com,United States,2021-09-08,Basic,18.63
8876,Lucas Mueller,lucas.mueller@gmail.com,France,2022-01-13,Standard,174.77
8877,Steven Chen,steven.chen1@gmail.com,United Kingdom,2022-04-27,Basic,84.38
8878,Noah Robinson,noah.robinson@mail.io,Germany,2023-02-27,Premium,2062.35
8879,Joseph White,joseph.white@hotmail.com,United States,2022-11-15,Standard,648.65
8880,Jennifer Johnson,jennifer.johnson@outlook.com,Germany,2023-07-02,Standard,422.58
8881,Kenneth Sanchez,kenneth.sanchez1@mail.io,United States,2023-04-10,Standard,722.06
8882,Paul Wang,paul.wang@gmail.com,France,2022-08-13,Standard,250.80
8883,Mary Miller,mary.miller@yahoo.com,United Kingdom,2022-04-10,Premium,4153.56
8884,Rebecca Nguyen,rebecca.nguyen3@gmail.com,United States,2025-05-29,Premium,1048.96
8885,Priya Johnson,priya.johnson@yahoo.com,United Kingdom,2023-05-24,Standard,640.16
8886,Paul Kumar,paul.kumar@company.com,United States,2020-01-03,Standard,492.85
8887,Sofia Hernandez,sofia.hernandez1@gmail.com,United States,2021-01-20,Standard,330.36
8888,Patricia Ramirez,patricia.ramirez@outlook.com,United Kingdom,2020-01-03,Standard,587.19
8889,Karen Lopez,karen.lopez@mail.io,France,2022-07-25,Standard,546.01
8890,Michael Clark,michael.clark1@gmail.com,India,2020-01-18,Standard,361.32
8891,Rebecca Patel,rebecca.patel2@gmail.com,United States,2020-06-16,Standard,74.27
8892,Jennifer Perez,jennifer.perez@company.com,United States,2021-09-17,Premium,3523.01
8893,Sharon Lee,sharon.lee1@gmail.com,United States,2024-03-28,Standard,618.96
8894,Robert Lewis,robert.lewis@mail.io,India,2020-12-25,Standard,559.25
8895,John Hernandez,john.hernandez1@yahoo.com,United States,2022-11-24,Basic,190.98
8896,John Chen,john.chen1@mail.io,United States,2024-01-12,Standard,160.52
8897,Sofia Wilson,sofia.wilson1@icloud.com,France,2021-06-21,Standard,146.16
8898,Rebecca Garcia,rebecca.garcia@hotmail.com,Germany,2021-12-04,Standard,667.44
8899,Linda Wilson,linda.wilson2@gmail.com,Canada,2020-08-04,Standard,256.96
8900,Emily Taylor,emily.taylor@icloud.com,United States,2021-02-01,Premium,4460.50
8901,Patricia Jackson,patricia.jackson2@gmail.com,Germany,2023-05-18,Standard,374.91
8902,Christopher Thomas,christopher.thomas@yahoo.com,Australia,2020-07-31,Standard,599.24
8903,Sharon Chen,sharon.chen2@gmail.com,United States,2022-09-13,Basic,25.90
8904,Raj Singh,raj.singh@company.com,United Kingdom,2023-10-08,Premium,578.07
8905,Sharon Lewis,sharon.lewis@outlook.com,Germany,2024-11-09,Standard,373.05
8906,Richard Sanchez,richard.sanchez2@mail.io,United Kingdom,2021-05-23,Basic,54.76
8907,Ananya Walker,ananya.walker2@gmail.com,United States,2021-04-09,Standard,594.55
8908,Linda Mueller,linda.mueller@icloud.com,Australia,2022-10-21,Standard,114.44
8909,Ashley Moore,ashley.moore2@hotmail.com,United States,2020-11-04,Standard,458.61
8910,Jessica Patel,jessica.patel@icloud.com,United Kingdom,2024-12-03,Standard,296.55
8911,Thomas Brown,thomas.brown@icloud.com,France,2023-03-06,Premium,1861.25
8912,Steven Harris,steven.harris1@hotmail.com,United States,2025-02-24,Standard,623.67
8913,Matthew Brown,matthew.brown@gmail.com,Canada,2022-07-20,Basic,186.21
8914,Noah Kumar,noah.kumar3@gmail.com,Germany,2023-10-27,Basic,28.56
8915,Anthony White,anthony.white@outlook.com,United Kingdom,2022-12-27,Standard,745.60
8916,Ananya Brown,ananya.brown@corp.net,France,2021-08-28,Premium,1670.57
8917,Sarah Anderson,sarah.anderson@hotmail.com,Australia,2021-05-02,Basic,115.21
8918,Kenneth Johnson,kenneth.johnson1@company.com,United States,2020-10-03,Basic,71.09
8919,Robert Lewis,robert.lewis@company.com,United States,2023-01-17,Standard,628.57
8920,Stephanie Jackson,stephanie.jackson@gmail.com,Germany,2020-09-27,Premium,4892.40
8921,John Garcia,john.garcia@icloud.com,France,2025-01-13,Premium,4645.21
8922,John Patel,john.patel1@gmail.com,United Kingdom,2020-05-19,Standard,547.09
8923,Christopher Wilson,christopher.wilson3@yahoo.com,United States,2022-05-11,Basic,162.28
8924,Robert Harris,robert.harris@hotmail.com,United Kingdom,2024-07-17,Basic,169.57
8925,Joseph Sanchez,joseph.sanchez2@gmail.com,United Kingdom,2022-08-26,Standard,619.76
8926,Nancy Wang,nancy.wang@hotmail.com,Germany,2024-04-11,Standard,542.45
8927,Amanda Lee,amanda.lee1@outlook.com,United States,2024-02-09,Premium,4080.98
8928,Matthew Walker,matthew.walker@gmail.com,United States,2020-12-13,Basic,142.63
8929,Mia Anderson,mia.anderson@hotmail.com,United States,2021-02-14,Standard,557.30
8930,Raj Smith,raj.smith2@yahoo.com,Germany,2023-08-03,Standard,713.64
8931,Rebecca Kim,rebecca.kim2@gmail.com,United States,2023-10-09,Premium,716.37
8932,Emma Chen,emma.chen@outlook.com,United States,2020-01-06,Premium,1772.72
8933,Jennifer Chen,jennifer.chen3@gmail.com,United States,2025-03-06,Standard,676.98
8934,Raj Sharma,raj.sharma2@gmail.com,United States,2023-02-04,Basic,37.12
8935,Stephanie Robinson,stephanie.robinson@gmail.com,Australia,2024-01-01,Basic,43.91
8936,Amanda Wang,amanda.wang@gmail.com,Canada,2022-01-06,Premium,4673.36
8937,Raj Ramirez,raj.ramirez@mail.io,Germany,2025-04-10,Standard,233.94
8938,Mia Kumar,mia.kumar@icloud.com,United States,2020-03-15,Standard,388.39
8939,Steven Gonzalez,steven.gonzalez1@outlook.com,France,2022-07-01,Premium,1979.49
8940,Mary Martin,mary.martin@mail.io,United States,2024-12-14,Basic,82.77
8941,Susan Brown,susan.brown5@gmail.com,Germany,2025-03-22,Standard,649.29
8942,Laura Williams,laura.williams1@gmail.com,United States,2023-03-23,Premium,4317.68
8943,Michael Clark,michael.clark@mail.io,United States,2025-05-25,Standard,534.44
8944,Stephanie Gonzalez,stephanie.gonzalez2@outlook.com,United Kingdom,2024-02-13,Premium,1770.96
8945,Arjun Martinez,arjun.martinez3@gmail.com,United States,2020-05-26,Basic,43.83
8946,Karen Anderson,karen.anderson@mail.io,France,2021-11-22,Basic,160.84
8947,Andrew Rodriguez,andrew.rodriguez1@gmail.com,United States,2021-09-20,Premium,3794.55
8948,Mark Lee,mark.lee1@outlook.com,United Kingdom,2025-01-16,Standard,525.59
8949,Steven Lopez,steven.lopez@icloud.com,United Kingdom,2023-09-16,Standard,706.15
8950,Richard Lewis,richard.lewis@yahoo.com,United Kingdom,2021-11-16,Basic,104.39
8951,Daniel Martin,daniel.martin2@gmail.com,United States,2022-01-09,Basic,168.95
8952,Thomas Taylor,thomas.taylor@company.com,United States,2023-11-02,Standard,463.80
8953,John Clark,john.clark1@mail.io,United States,2024-10-01,Standard,337.68
8954,Matthew Harris,matthew.harris@hotmail.com,United Kingdom,2022-03-04,Standard,98.51
8955,Nancy Johnson,nancy.johnson@hotmail.com,United States,2025-01-26,Basic,63.85
8956,Arjun Mueller,arjun.mueller@yahoo.com,United States,2023-03-28,Basic,89.33
8957,Emma Davis,emma.davis@hotmail.com,United States,2022-09-15,Standard,96.96
8958,Priya Rodriguez,priya.rodriguez@hotmail.com,United States,2020-12-11,Basic,99.10
8959,Joseph Rodriguez,joseph.rodriguez1@yahoo.com,Germany,2025-03-04,Premium,3254.86
8960,Amanda Martin,amanda.martin2@gmail.com,Canada,2024-04-04,Standard,484.25
8961,Stephanie Martinez,stephanie.martinez@gmail.com,Canada,2020-09-24,Basic,162.80
8962,Sofia Sanchez,sofia.sanchez@gmail.com,United States,2023-12-14,Standard,226.74
8963,Nancy Rodriguez,nancy.rodriguez@company.com,India,2025-01-02,Basic,139.90
8964,Karen Singh,karen.singh@gmail.com,United States,2020-03-25,Standard,72.44
8965,Joseph Mueller,joseph.mueller3@gmail.com,United States,2022-02-07,Standard,253.86
8966,Nancy Lewis,nancy.lewis1@gmail.com,Germany,2023-07-14,Standard,232.88
8967,Daniel Kumar,daniel.kumar1@company.com,United States,2021-08-07,Basic,61.07
8968,Karen Smith,karen.smith2@outlook.com,Germany,2023-10-18,Basic,130.65
8969,William Anderson,william.anderson1@gmail.com,India,2021-09-29,Basic,23.57
8970,William Clark,william.clark@mail.io,United Kingdom,2024-04-24,Standard,89.80
8971,Lucas Smith,lucas.smith@yahoo.com,United Kingdom,2024-08-15,Standard,460.79
8972,Richard Lee,richard.lee@gmail.com,United States,2024-01-09,Standard,166.96
8973,Melissa Clark,melissa.clark@gmail.com,United States,2024-03-11,Basic,183.85
8974,Anthony Kim,anthony.kim1@gmail.com,United States,2025-02-14,Standard,108.77
8975,Joseph Moore,joseph.moore1@mail.io,United Kingdom,2022-08-22,Premium,4706.91
8976,Jessica Anderson,jessica.anderson2@gmail.com,United Kingdom,2024-06-10,Standard,91.41
8977,Anthony Brown,anthony.brown2@outlook.com,United States,2023-11-02,Standard,691.13
8978,Raj Thompson,raj.thompson1@yahoo.com,United States,2024-05-29,Standard,236.23
8979,Sofia Lee,sofia.lee1@company.com,Australia,2021-08-06,Standard,271.45
8980,Ashley Anderson,ashley.anderson@mail.io,United States,2020-12-11,Standard,529.68
8981,Mary Jones,mary.jones1@gmail.com,United States,2025-04-11,Basic,173.65
8982,Stephanie Sanchez,stephanie.sanchez4@gmail.com,France,2023-05-17,Standard,415.09
8983,James Martin,james.martin1@gmail.com,United Kingdom,2021-01-01,Standard,747.85
8984,Raj Garcia,raj.garcia2@hotmail.com,United Kingdom,2023-09-11,Standard,451.91
8985,Jessica Gonzalez,jessica.gonzalez2@gmail.com,United States,2025-05-18,Basic,149.38
8986,Noah Thomas,noah.thomas@corp.net,Germany,2020-08-01,Standard,142.44
8987,James Harris,james.harris3@gmail.com,United States,2021-12-01,Standard,149.88
8988,Sofia Mueller,sofia.mueller@corp.net,United States,2020-02-04,Standard,765.01
8989,Emma Jones,emma.jones@company.com,India,2023-09-15,Standard,486.83
8990,Linda Thomas,linda.thomas2@gmail.com,India,2024-08-14,Standard,719.88
8991,Arjun Sanchez,arjun.sanchez@mail.io,United States,2022-05-18,Standard,155.36
8992,Emily Thomas,emily.thomas1@outlook.com,United States,2024-10-29,Basic,52.41
8993,Matthew Rodriguez,matthew.rodriguez1@yahoo.com,United Kingdom,2023-10-16,Basic,59.28
8994,Lucas Lewis,lucas.lewis1@gmail.com,France,2020-03-24,Basic,33.24
8995,Donald Kim,donald.kim1@outlook.com,Germany,2023-04-07,Standard,609.81
8996,Paul Nguyen,paul.nguyen@corp.net,United States,2025-02-25,Standard,741.51
8997,Ananya Harris,ananya.harris1@yahoo.com,United Kingdom,2023-02-13,Standard,749.00
8998,Barbara Nguyen,barbara.nguyen@icloud.com,Australia,2024-10-03,Basic,145.12
8999,Sharon Patel,sharon.patel1@mail.io,United States,2025-03-18,Standard,466.38
9000,Emily Kim,emily.kim1@company.com,United States,2025-05-12,Standard,689.68
9001,Elizabeth Robinson,elizabeth.robinson@icloud.com,Australia,2022-09-21,Standard,435.03
9002,Paul Sharma,paul.sharma1@mail.io,France,2022-03-10,Basic,8.36
9003,Andrew Martin,andrew.martin@gmail.com,France,2021-02-02,Standard,71.41
9004,Sharon Wang,sharon.wang@company.com,United States,2023-07-29,Standard,715.37
9005,Robert Hernandez,robert.hernandez1@mail.io,United States,2021-06-21,Standard,527.42
9006,James Wilson,james.wilson@icloud.com,United States,2024-08-12,Standard,170.60
9007,Steven Brown,steven.brown@company.com,United States,2024-03-22,Basic,22.31
9008,Richard Chen,richard.chen@yahoo.com,India,2021-04-26,Standard,537.92
9009,Rebecca Taylor,rebecca.taylor@gmail.com,United States,2020-06-14,Premium,4875.38
9010,Priya Nguyen,priya.nguyen1@yahoo.com,United States,2022-04-12,Standard,527.42
9011,Linda Anderson,linda.anderson1@mail.io,India,2022-12-19,Premium,3662.84
9012,Sharon White,sharon.white1@outlook.com,France,2024-02-14,Basic,191.43
9013,Mia Taylor,mia.taylor1@outlook.com,United Kingdom,2020-05-23,Standard,134.89
9014,Michael Jackson,michael.jackson1@yahoo.com,Australia,2021-10-28,Standard,392.96
9015,Arjun Brown,arjun.brown@gmail.com,United Kingdom,2025-05-28,Standard,497.95
9016,Melissa Thompson,melissa.thompson1@outlook.com,India,2021-08-28,Standard,381.28
9017,Stephanie Smith,stephanie.smith@outlook.com,France,2022-05-21,Basic,83.13
9018,Steven Singh,steven.singh@mail.io,Canada,2023-04-25,Standard,585.46
9019,Joseph Thomas,joseph.thomas2@gmail.com,United Kingdom,2021-12-27,Premium,4611.70
9020,Rebecca Thomas,rebecca.thomas@outlook.com,Canada,2025-01-20,Basic,71.99
9021,Mary Singh,mary.singh2@gmail.com,Germany,2025-02-19,Standard,376.38
9022,Melissa Lee,melissa.lee1@gmail.com,United Kingdom,2025-04-12,Standard,316.23
9023,Ashley Perez,ashley.perez5@gmail.com,United States,2025-04-06,Standard,529.59
9024,Lucas Lewis,lucas.lewis@company.com,United Kingdom,2024-01-20,Standard,445.01
9025,Thomas Lee,thomas.lee@hotmail.com,United States,2024-01-11,Premium,4423.81
9026,Susan Hernandez,susan.hernandez@yahoo.com,India,2024-02-21,Standard,175.39
9027,Lisa Clark,lisa.clark1@yahoo.com,Canada,2024-08-01,Standard,761.98
9028,Richard Thompson,richard.thompson@yahoo.com,Australia,2021-08-10,Premium,648.28
9029,Lisa White,lisa.white3@gmail.com,India,2021-07-18,Standard,667.44
9030,Mark Kim,mark.kim@corp.net,India,2020-08-11,Standard,499.88
9031,Amanda Moore,amanda.moore@mail.io,United Kingdom,2024-07-26,Premium,1872.22
9032,Stephanie Hernandez,stephanie.hernandez1@gmail.com,United States,2020-01-28,Premium,2091.59
9033,Mary Lewis,mary.lewis4@gmail.com,United Kingdom,2021-08-19,Standard,548.47
9034,Mary Lopez,mary.lopez1@outlook.com,Germany,2024-06-18,Basic,119.23
9035,Oliver Thompson,oliver.thompson1@gmail.com,India,2022-09-04,Standard,382.28
9036,Ashley Taylor,ashley.taylor1@icloud.com,France,2022-12-17,Basic,17.76
9037,Noah Harris,noah.harris2@gmail.com,France,2023-11-03,Standard,559.36
9038,Mark Thompson,mark.thompson@outlook.com,Canada,2025-05-31,Basic,183.72
9039,Emma Jones,emma.jones1@company.com,United States,2021-02-02,Basic,87.00
9040,Priya Wang,priya.wang1@company.com,United States,2024-04-17,Standard,136.05
9041,Kenneth Miller,kenneth.miller1@yahoo.com,United Kingdom,2020-10-25,Basic,38.58
9042,Robert Clark,robert.clark@gmail.com,Australia,2021-12-15,Standard,194.64
9043,Laura Robinson,laura.robinson2@gmail.com,Australia,2021-05-15,Basic,171.92
9044,Lisa Mueller,lisa.mueller@mail.io,United States,2022-08-10,Standard,125.21
9045,Sharon Ramirez,sharon.ramirez1@company.com,United States,2020-11-23,Standard,486.17
9046,Christopher White,christopher.white3@gmail.com,Germany,2023-05-18,Basic,18.85
9047,Melissa Nguyen,melissa.nguyen@gmail.com,Germany,2023-06-06,Premium,2211.91
9048,Sharon Martin,sharon.martin@outlook.com,United States,2022-07-25,Standard,70.36
9049,Oliver Nguyen,oliver.nguyen1@company.com,France,2024-05-22,Standard,343.69
9050,Priya Wilson,priya.wilson1@gmail.com,United Kingdom,2023-01-05,Premium,3946.51
9051,Laura Thomas,laura.thomas@icloud.com,United States,2022-03-13,Standard,667.18
9052,Mark Clark,mark.clark@hotmail.com,United States,2021-06-09,Premium,1354.31
9053,Ashley Williams,,United States,2020-06-04,Standard,652.99
9054,Amanda Johnson,amanda.johnson1@yahoo.com,India,2020-09-19,Basic,114.59
9055,Anthony Lewis,anthony.lewis@company.com,United States,2022-04-15,Basic,141.97
9056,Rebecca Moore,rebecca.moore2@gmail.com,United States,2022-08-21,Basic,63.41
9057,Susan Chen,susan.chen@yahoo.com,United States,2020-09-29,Basic,195.53
9058,Kenneth Johnson,kenneth.johnson@mail.io,United Kingdom,2024-08-04,Standard,543.82
9059,Sharon Wang,sharon.wang2@gmail.com,France,2024-11-25,Premium,862.15
9060,Jessica Chen,jessica.chen@corp.net,India,2020-10-01,Premium,2918.76
9061,Jessica Perez,jessica.perez@outlook.com,United States,2022-01-10,Basic,39.14
9062,Sarah Mueller,sarah.mueller@company.com,United States,2023-04-17,Standard,487.13
9063,Lucas Chen,lucas.chen3@gmail.com,United States,2020-02-14,Standard,239.36
9064,Emily Miller,emily.miller2@hotmail.com,United States,2023-06-18,Standard,764.59
9065,Barbara Sanchez,barbara.sanchez@mail.io,Australia,2022-11-22,Premium,722.10
9066,Kenneth Harris,kenneth.harris2@gmail.com,United States,2020-09-09,Basic,187.59
9067,Thomas Rodriguez,thomas.rodriguez@outlook.com,United States,2023-09-19,Premium,3960.58
9068,Noah Thomas,noah.thomas@outlook.com,United States,2022-11-11,Standard,93.47
9069,Thomas Thomas,thomas.thomas@gmail.com,United States,2021-11-02,Premium,1423.83
9070,Ashley Nguyen,ashley.nguyen1@outlook.com,United States,2020-05-26,Standard,463.14
9071,Oliver Kim,oliver.kim@corp.net,United States,2024-02-27,Basic,134.97
9072,Jessica Miller,jessica.miller1@icloud.com,United Kingdom,2024-12-20,Standard,692.12
9073,Daniel Jones,daniel.jones2@gmail.com,Germany,2023-02-13,Standard,364.22
9074,Andrew Wang,andrew.wang@icloud.com,France,2022-03-20,Basic,145.63
9075,John Wang,john.wang1@icloud.com,United States,2020-06-19,Premium,1999.01
9076,Mark Rodriguez,mark.rodriguez1@yahoo.com,India,2022-10-27,Standard,371.11
9077,Ananya Walker,ananya.walker3@gmail.com,United States,2025-04-06,Standard,365.51
9078,Robert Clark,robert.clark1@gmail.com,United Kingdom,2023-10-18,Premium,2300.98
9079,Kenneth Sharma,kenneth.sharma1@mail.io,Australia,2020-08-06,Standard,433.10
9080,Amanda Martin,amanda.martin1@mail.io,Germany,2024-09-11,Basic,101.43
9081,Matthew Singh,matthew.singh@mail.io,France,2022-01-31,Basic,139.42
9082,Sarah Mueller,sarah.mueller@mail.io,Australia,2024-06-27,Basic,92.69
9083,James Taylor,james.taylor@mail.io,India,2024-08-17,Standard,152.98
9084,Emma Chen,emma.chen1@yahoo.com,United States,2022-10-11,Standard,518.67
9085,Rebecca Harris,rebecca.harris@yahoo.com,Germany,2023-05-17,Basic,161.09
9086,Anthony Miller,anthony.miller1@gmail.com,United Kingdom,2020-04-15,Standard,691.56
9087,Andrew Singh,andrew.singh1@gmail.com,United States,2020-06-25,Standard,212.08
9088,Arjun Clark,arjun.clark1@gmail.com,United States,2021-05-22,Standard,92.18
9089,Melissa Nguyen,melissa.nguyen1@yahoo.com,United States,2020-02-12,Basic,10.03
9090,Robert Lewis,robert.lewis@hotmail.com,India,2021-10-26,Basic,162.24
9091,Michael Harris,michael.harris@company.com,United States,2023-12-20,Standard,487.08
9092,Elizabeth Wilson,elizabeth.wilson1@company.com,India,2020-01-02,Standard,290.11
9093,Lucas Lopez,lucas.lopez@company.com,United States,2020-06-27,Premium,1477.51
9094,Richard Wilson,richard.wilson2@gmail.com,France,2022-05-10,Premium,2686.26
9095,Barbara Moore,barbara.moore@gmail.com,Canada,2023-01-14,Premium,2659.49
9096,Elizabeth Lewis,elizabeth.lewis2@mail.io,United Kingdom,2023-05-23,Standard,237.10
9097,Rebecca White,rebecca.white1@gmail.com,Germany,2022-03-06,Standard,195.09
9098,Nancy Kumar,nancy.kumar@hotmail.com,United States,2022-07-20,Standard,182.04
9099,Susan Robinson,susan.robinson@outlook.com,United Kingdom,2021-11-20,Basic,94.96
9100,Mark Lewis,mark.lewis1@corp.net,United Kingdom,2020-03-31,Standard,255.19
9101,Ananya Singh,ananya.singh1@gmail.com,United States,2025-05-22,Standard,789.90
9102,Donald Jackson,donald.jackson2@gmail.com,India,2022-09-17,Basic,150.81
9103,John Anderson,john.anderson@mail.io,India,2024-05-10,Premium,2256.43
9104,Donald Kim,donald.kim1@mail.io,United Kingdom,2023-06-18,Standard,164.34
9105,Karen Perez,karen.perez@corp.net,United States,2021-12-14,Standard,614.02
9106,James Sanchez,james.sanchez@gmail.com,United States,2021-05-17,Basic,153.77
9107,Sofia Jones,sofia.jones@yahoo.com,Germany,2020-08-26,Premium,560.81
9108,Paul Jackson,paul.jackson2@gmail.com,United Kingdom,2020-11-03,Basic,193.38
9109,Robert Rodriguez,robert.rodriguez@yahoo.com,Canada,2025-04-01,Basic,94.22
9110,Emma Martinez,emma.martinez1@hotmail.com,United States,2025-05-09,Basic,121.26
9111,Jessica Wang,jessica.wang@outlook.com,France,2021-01-26,Standard,511.10
9112,Nancy Jones,nancy.jones@gmail.com,United Kingdom,2022-08-05,Basic,175.22
9113,Ananya Clark,ananya.clark1@yahoo.com,United States,2023-08-04,Standard,239.91
9114,James Nguyen,james.nguyen1@gmail.com,United Kingdom,2024-01-26,Basic,61.33
9115,Richard Wilson,richard.wilson3@gmail.com,United Kingdom,2022-07-06,Standard,314.39
9116,Joseph Taylor,joseph.taylor@mail.io,United Kingdom,2020-02-28,Basic,4.67
9117,Lucas Lee,lucas.lee1@gmail.com,Germany,2024-04-08,Standard,410.65
9118,Emily Hernandez,emily.hernandez@yahoo.com,United Kingdom,2024-05-11,Premium,4335.51
9119,Sarah Anderson,sarah.anderson@icloud.com,United States,2023-10-24,Standard,435.15
9120,Amanda Walker,amanda.walker@outlook.com,United States,2023-11-18,Standard,80.91
9121,Joshua Rodriguez,joshua.rodriguez@yahoo.com,Australia,2023-09-19,Premium,2021.65
9122,Jennifer Lee,jennifer.lee1@icloud.com,United States,2023-11-18,Basic,182.62
9123,Noah Moore,noah.moore4@gmail.com,United States,2023-05-23,Premium,4580.27
9124,Melissa Kim,melissa.kim@company.com,United States,2023-07-06,Standard,454.64
9125,Mary Hernandez,mary.hernandez2@outlook.com,Australia,2023-03-24,Basic,168.65
9126,Richard Kumar,richard.kumar@company.com,United States,2020-10-12,Standard,471.31
9127,Susan Kim,susan.kim@outlook.com,India,2022-04-19,Standard,369.40
9128,Sharon Miller,sharon.miller@icloud.com,Australia,2023-03-06,Standard,384.48
9129,Sofia Chen,sofia.chen1@gmail.com,Australia,2024-08-12,Basic,135.87
9130,Joseph Smith,joseph.smith@outlook.com,France,2021-02-08,Standard,505.79
9131,James Moore,james.moore1@company.com,United States,2022-06-13,Premium,3751.18
9132,Arjun Taylor,arjun.taylor@icloud.com,United States,2020-11-19,Premium,1433.05
9133,Ashley Taylor,ashley.taylor@yahoo.com,India,2025-01-30,Premium,1375.24
9134,Sarah Wilson,sarah.wilson@company.com,Canada,2024-03-06,Premium,3216.90
9135,Mary Lopez,mary.lopez2@gmail.com,United States,2022-09-22,Premium,4400.87
9136,Sharon Harris,sharon.harris3@gmail.com,United States,2023-02-17,Basic,170.30
9137,Paul Anderson,paul.anderson1@mail.io,Canada,2022-05-14,Standard,723.45
9138,Jennifer Ramirez,jennifer.ramirez2@yahoo.com,Germany,2022-10-27,Basic,83.99
9139,Jessica Wilson,jessica.wilson2@gmail.com,India,2023-05-13,Standard,292.98
9140,Mary Davis,mary.davis1@gmail.com,United States,2021-07-25,Standard,505.96
9141,Amanda Wilson,,United States,2020-10-14,Premium,893.71
9142,Matthew Clark,matthew.clark1@gmail.com,Canada,2020-12-11,Basic,5.28
9143,Laura Williams,laura.williams2@company.com,Germany,2021-02-04,Premium,4888.25
9144,Melissa Taylor,melissa.taylor1@outlook.com,United States,2021-01-24,Standard,244.04
9145,Sofia Lewis,sofia.lewis1@gmail.com,United States,2023-12-27,Standard,142.49
9146,John Jackson,john.jackson1@gmail.com,India,2024-06-30,Standard,193.99
9147,Stephanie Patel,stephanie.patel@yahoo.com,Germany,2025-03-03,Standard,692.41
9148,Amanda Garcia,amanda.garcia@mail.io,Canada,2020-10-31,Standard,396.00
9149,Mia Johnson,mia.johnson@hotmail.com,United States,2022-06-29,Standard,471.78
9150,Andrew Clark,andrew.clark@gmail.com,United States,2021-06-09,Basic,186.64
9151,Ananya Davis,ananya.davis1@corp.net,United States,2024-09-01,Standard,313.42
9152,Stephanie Kim,stephanie.kim@outlook.com,Germany,2022-03-10,Standard,745.43
9153,Jennifer Perez,jennifer.perez1@mail.io,United States,2020-03-02,Standard,161.47
9154,Thomas Moore,thomas.moore2@gmail.com,Germany,2024-11-29,Standard,246.45
9155,Susan Jones,susan.jones@gmail.com,United States,2020-12-19,Standard,513.58
9156,Anthony Jackson,anthony.jackson1@gmail.com,Canada,2023-09-17,Standard,678.58
9157,Elizabeth Brown,elizabeth.brown1@yahoo.com,India,2021-03-12,Standard,675.25
9158,Steven Robinson,steven.robinson1@company.com,Germany,2024-06-28,Standard,594.53
9159,Matthew Ramirez,matthew.ramirez@outlook.com,United States,2023-08-16,Standard,301.02
9160,Jennifer Kumar,jennifer.kumar1@yahoo.com,United Kingdom,2024-12-18,Premium,4457.67
9161,Anthony Walker,anthony.walker2@gmail.com,United States,2020-12-09,Standard,431.24
9162,Joseph Hernandez,joseph.hernandez2@gmail.com,United States,2024-11-07,Premium,2303.82
9163,Lucas Kim,lucas.kim@mail.io,United States,2023-07-15,Standard,616.44
9164,Nancy White,nancy.white@gmail.com,India,2022-10-21,Standard,337.75
9165,Robert Garcia,robert.garcia1@hotmail.com,United Kingdom,2022-02-26,Standard,477.62
9166,Andrew Clark,andrew.clark1@gmail.com,United States,2022-02-22,Basic,19.72
9167,Joseph Garcia,joseph.garcia@mail.io,Germany,2020-11-13,Basic,75.57
9168,Priya Moore,priya.moore1@gmail.com,United States,2023-08-23,Standard,715.84
9169,William Lopez,william.lopez@hotmail.com,India,2024-07-21,Standard,607.81
9170,Lucas Kumar,lucas.kumar4@gmail.com,United States,2020-11-20,Standard,393.13
9171,Raj Anderson,raj.anderson@company.com,Germany,2022-05-22,Standard,591.28
9172,Noah Perez,noah.perez1@company.com,United Kingdom,2024-08-03,Basic,84.73
9173,Mark Harris,mark.harris@mail.io,United Kingdom,2021-06-27,Premium,2965.87
9174,Andrew Brown,andrew.brown@gmail.com,United States,2023-03-04,Standard,660.48
9175,Melissa Davis,melissa.davis@icloud.com,United States,2022-11-20,Premium,3636.89
9176,Raj Nguyen,raj.nguyen@yahoo.com,Australia,2022-11-12,Standard,85.77
9177,Raj Brown,raj.brown1@icloud.com,Germany,2020-04-02,Premium,2075.03
9178,Matthew Lee,matthew.lee2@gmail.com,United States,2024-07-06,Basic,14.36
9179,Steven Wilson,steven.wilson1@outlook.com,United States,2024-07-09,Standard,517.07
9180,Matthew Miller,matthew.miller1@hotmail.com,Germany,2021-06-07,Basic,1.02
9181,Laura Smith,laura.smith1@gmail.com,Germany,2021-10-23,Premium,2597.99
9182,Paul Sanchez,paul.sanchez4@gmail.com,United States,2024-09-15,Standard,340.66
9183,David Nguyen,david.nguyen1@gmail.com,United States,2022-09-03,Standard,91.30
9184,Christopher Walker,christopher.walker@gmail.com,United Kingdom,2023-02-01,Basic,116.51
9185,Andrew Martinez,andrew.martinez1@gmail.com,United States,2021-08-14,Standard,573.70
9186,Emily Lewis,emily.lewis1@gmail.com,United States,2021-12-07,Standard,313.05
9187,Laura Robinson,laura.robinson1@yahoo.com,United States,2024-01-31,Standard,450.91
9188,Anthony Sanchez,anthony.sanchez2@yahoo.com,France,2022-08-25,Standard,217.36
9189,Mary Nguyen,mary.nguyen@icloud.com,Canada,2024-06-10,Standard,569.79
9190,Joseph Lee,joseph.lee@icloud.com,United States,2022-07-02,Basic,13.71
9191,Emma Lee,emma.lee1@gmail.com,United States,2021-03-31,Standard,598.59
9192,Lisa Garcia,lisa.garcia1@gmail.com,Canada,2021-02-07,Basic,140.53
9193,Susan Nguyen,susan.nguyen@gmail.com,Canada,2022-04-17,Standard,643.62
9194,Raj Anderson,raj.anderson3@gmail.com,Germany,2020-01-14,Basic,61.32
9195,Matthew Gonzalez,matthew.gonzalez2@gmail.com,United States,2023-03-26,Basic,144.23
9196,Kenneth Chen,kenneth.chen1@company.com,India,2021-11-13,Basic,42.24
9197,Robert Jackson,robert.jackson@icloud.com,United States,2023-12-19,Standard,457.21
9198,Arjun Patel,arjun.patel@company.com,Germany,2020-06-19,Basic,140.62
9199,Linda Chen,linda.chen1@outlook.com,United States,2024-09-20,Basic,185.40
9200,Mark Thomas,mark.thomas2@gmail.com,United Kingdom,2023-06-08,Basic,0.24
9201,Lisa Williams,lisa.williams1@outlook.com,United States,2024-06-15,Premium,3257.05
9202,Mark Ramirez,mark.ramirez@gmail.com,Canada,2024-08-20,Basic,156.87
9203,Mark Clark,mark.clark@mail.io,United States,2023-10-20,Standard,658.55
9204,Sharon Taylor,sharon.taylor1@gmail.com,United States,2024-01-26,Premium,4358.02
9205,Arjun Walker,arjun.walker1@gmail.com,United States,2021-12-27,Basic,9.42
9206,Joshua Garcia,joshua.garcia@mail.io,Germany,2024-11-03,Standard,775.39
9207,James Perez,james.perez1@gmail.com,United States,2021-02-22,Standard,534.98
9208,Kenneth Miller,kenneth.miller2@yahoo.com,France,2022-12-11,Standard,539.29
9209,Mark Wilson,mark.wilson1@outlook.com,United States,2020-12-05,Standard,283.35
9210,Richard Thompson,richard.thompson1@mail.io,Canada,2020-07-30,Basic,100.50
9211,Sarah Williams,sarah.williams@mail.io,United States,2024-01-09,Basic,81.34
9212,Oliver Lewis,oliver.lewis2@gmail.com,United States,2023-06-26,Standard,59.40
9213,Mia Williams,mia.williams1@gmail.com,Canada,2024-04-12,Standard,742.46
9214,Stephanie Johnson,stephanie.johnson1@outlook.com,India,2022-11-23,Premium,1822.69
9215,Joshua Perez,joshua.perez@yahoo.com,India,2023-11-02,Standard,465.30
9216,Barbara Nguyen,barbara.nguyen@gmail.com,Germany,2022-07-23,Basic,156.60
9217,Susan Thompson,susan.thompson@outlook.com,United Kingdom,2023-02-14,Standard,118.10
9218,Ananya Chen,ananya.chen@outlook.com,United States,2022-04-23,Standard,183.77
9219,Andrew Perez,andrew.perez2@outlook.com,France,2022-02-20,Standard,748.12
9220,Noah Kim,noah.kim1@gmail.com,Germany,2022-05-03,Standard,170.89
9221,Mark Taylor,mark.taylor3@gmail.com,United States,2024-05-23,Basic,36.15
9222,Joshua Moore,joshua.moore1@gmail.com,United States,2023-01-08,Basic,78.37
9223,Amanda Taylor,amanda.taylor@company.com,United States,2024-06-14,Premium,3905.03
9224,Amanda Anderson,amanda.anderson@corp.net,United States,2025-01-27,Premium,2503.47
9225,Melissa Lee,melissa.lee2@gmail.com,United States,2021-06-27,Basic,161.95
9226,Jennifer Taylor,jennifer.taylor@outlook.com,Canada,2020-02-13,Basic,113.05
9227,Jennifer Lopez,jennifer.lopez@company.com,Germany,2022-11-09,Standard,205.00
9228,Joshua Smith,joshua.smith1@gmail.com,United States,2022-04-01,Standard,269.52
9229,Susan Chen,susan.chen1@gmail.com,United Kingdom,2020-08-16,Standard,503.56
9230,Mia Brown,mia.brown@yahoo.com,United States,2022-10-19,Premium,3620.80
9231,Elizabeth Brown,elizabeth.brown@company.com,United States,2023-08-15,Basic,180.17
9232,Barbara Thompson,barbara.thompson@icloud.com,Australia,2024-01-29,Basic,57.60
9233,Sofia White,sofia.white1@yahoo.com,United States,2024-07-20,Standard,617.89
9234,David Robinson,david.robinson@company.com,Canada,2020-10-26,Standard,97.36
9235,Jessica Moore,jessica.moore1@gmail.com,United States,2022-09-18,Standard,746.01
9236,Raj Lewis,raj.lewis1@mail.io,France,2024-07-01,Standard,648.90
9237,Ananya Wilson,ananya.wilson@outlook.com,France,2022-04-25,Standard,459.31
9238,Paul Gonzalez,paul.gonzalez2@outlook.com,Canada,2020-06-11,Standard,503.40
9239,Daniel Davis,daniel.davis1@gmail.com,United States,2024-11-05,Standard,179.60
9240,Jessica Singh,jessica.singh@gmail.com,United Kingdom,2023-01-05,Standard,236.70
9241,William Sanchez,william.sanchez2@outlook.com,United States,2023-09-09,Standard,418.99
9242,Patricia Jackson,patricia.jackson@outlook.com,United States,2020-12-04,Standard,111.97
9243,Robert Williams,robert.williams@corp.net,United Kingdom,2023-03-27,Standard,481.45
9244,Daniel Nguyen,daniel.nguyen@gmail.com,India,2023-04-17,Premium,4531.81
9245,Michael Perez,michael.perez1@yahoo.com,India,2021-07-14,Standard,313.89
9246,Mia Wang,mia.wang@hotmail.com,France,2024-03-03,Basic,67.67
9247,Lisa Perez,lisa.perez2@outlook.com,United States,2022-12-30,Standard,242.57
9248,Paul Harris,paul.harris@yahoo.com,France,2022-03-30,Standard,611.69
9249,Ananya Ramirez,ananya.ramirez1@company.com,United States,2022-11-11,Premium,691.70
9250,Mia Thomas,mia.thomas1@outlook.com,Germany,2021-10-12,Standard,371.90
9251,Kenneth Rodriguez,kenneth.rodriguez@icloud.com,Germany,2020-08-24,Basic,77.79
9252,William Thompson,william.thompson1@hotmail.com,Germany,2023-04-12,Basic,148.29
9253,Donald Lee,donald.lee@gmail.com,Germany,2023-11-13,Standard,292.42
9254,Mark Nguyen,mark.nguyen5@gmail.com,India,2020-04-05,Premium,1577.59
9255,Stephanie Lee,stephanie.lee@gmail.com,United States,2024-06-25,Basic,4.74
9256,Ashley Moore,ashley.moore@icloud.com,United States,2021-11-20,Standard,316.95
9257,Emily Nguyen,emily.nguyen1@gmail.com,United States,2024-11-18,Standard,422.84
9258,Lisa Lee,lisa.lee@company.com,Australia,2022-04-01,Standard,707.55
9259,Kenneth Martin,kenneth.martin@icloud.com,Germany,2020-08-11,Basic,70.86
9260,Andrew Thompson,andrew.thompson@yahoo.com,United States,2024-12-09,Basic,34.92
9261,Lucas Kumar,lucas.kumar@outlook.com,United States,2023-01-21,Standard,161.13
9262,Lisa Harris,lisa.harris@yahoo.com,United States,2024-02-11,Standard,498.11
9263,William Kim,william.kim@hotmail.com,Canada,2022-11-11,Standard,378.13
9264,Linda Sanchez,linda.sanchez1@yahoo.com,United States,2022-12-20,Premium,2233.57
9265,Jennifer Hernandez,jennifer.hernandez@outlook.com,India,2020-11-06,Basic,102.40
9266,Amanda Johnson,amanda.johnson2@gmail.com,United Kingdom,2022-03-20,Basic,137.72
9267,Noah Kim,noah.kim2@gmail.com,France,2022-10-20,Standard,56.09
9268,Jessica Kumar,jessica.kumar1@gmail.com,India,2023-06-08,Basic,14.67
9269,Donald Sharma,donald.sharma@gmail.com,United States,2024-09-12,Standard,704.16
9270,Barbara Smith,barbara.smith@icloud.com,Germany,2022-07-16,Standard,643.71
9271,Kenneth Johnson,kenneth.johnson2@yahoo.com,Australia,2020-05-01,Standard,119.00
9272,Richard Jackson,richard.jackson@corp.net,United States,2025-04-09,Standard,760.06
9273,Emily Sanchez,emily.sanchez@yahoo.com,Germany,2023-05-03,Premium,1278.79
9274,Joshua Lee,joshua.lee1@gmail.com,Australia,2022-07-18,Basic,44.51
9275,Sharon Jackson,sharon.jackson1@gmail.com,United States,2024-11-22,Standard,425.23
9276,Rebecca Patel,rebecca.patel@hotmail.com,France,2024-04-29,Premium,2463.13
9277,Rebecca Perez,rebecca.perez1@icloud.com,United Kingdom,2021-10-24,Standard,91.82
9278,Melissa Kumar,melissa.kumar@hotmail.com,France,2020-11-20,Basic,189.73
9279,Michael Jackson,michael.jackson@mail.io,United States,2020-01-09,Standard,539.33
9280,Barbara Wang,barbara.wang@company.com,United States,2022-10-19,Basic,179.70
9281,Karen Wilson,karen.wilson1@outlook.com,United States,2022-05-20,Basic,185.23
9282,Mia Wang,mia.wang1@gmail.com,France,2022-07-08,Standard,416.82
9283,Steven Johnson,steven.johnson@yahoo.com,United Kingdom,2020-08-22,Basic,104.42
9284,Emily Martin,emily.martin1@gmail.com,United Kingdom,2024-12-22,Standard,792.66
9285,Karen Nguyen,karen.nguyen@gmail.com,United States,2021-12-26,Premium,2421.71
9286,Ananya Ramirez,ananya.ramirez@outlook.com,India,2023-08-12,Standard,313.83
9287,Paul Kim,paul.kim2@outlook.com,Canada,2020-10-16,Standard,234.84
9288,Ashley Hernandez,ashley.hernandez@gmail.com,United States,2021-06-29,Basic,137.94
9289,Steven Singh,steven.singh5@gmail.com,United States,2025-04-17,Standard,360.83
9290,Lisa Hernandez,lisa.hernandez@hotmail.com,United States,2022-09-03,Standard,706.65
9291,Karen Kim,karen.kim1@gmail.com,France,2020-05-12,Basic,145.35
9292,Mary Wilson,mary.wilson1@corp.net,Australia,2021-02-15,Standard,639.60
9293,William Brown,william.brown@mail.io,United States,2023-02-03,Basic,127.05
9294,Mary Nguyen,mary.nguyen1@hotmail.com,Germany,2025-05-25,Premium,3192.22
9295,Rebecca Taylor,rebecca.taylor1@gmail.com,United States,2023-02-03,Basic,37.74
9296,Priya Robinson,priya.robinson@corp.net,United Kingdom,2024-10-12,Standard,555.64
9297,Laura Patel,laura.patel@hotmail.com,United States,2021-10-16,Basic,151.94
9298,Ananya Taylor,ananya.taylor1@icloud.com,United States,2024-06-20,Basic,36.03
9299,Andrew Walker,andrew.walker1@outlook.com,United States,2021-04-11,Standard,694.99
9300,Jessica Thomas,jessica.thomas@hotmail.com,Canada,2020-04-07,Standard,213.94
9301,Daniel Lewis,daniel.lewis1@gmail.com,Germany,2021-11-24,Basic,158.57
9302,Noah Jones,noah.jones1@yahoo.com,United Kingdom,2022-02-21,Standard,781.39
9303,Amanda Clark,amanda.clark1@gmail.com,Germany,2021-11-14,Standard,753.52
9304,Lucas Wilson,lucas.wilson1@outlook.com,United States,2022-08-07,Standard,785.08
9305,John Gonzalez,john.gonzalez@hotmail.com,France,2024-05-01,Premium,3598.92
9306,Emily Martin,emily.martin1@hotmail.com,United States,2023-08-10,Standard,656.84
9307,Melissa Mueller,melissa.mueller2@gmail.com,Germany,2021-03-30,Standard,279.25
9308,Robert Perez,robert.perez@yahoo.com,United States,2020-03-26,Standard,754.91
9309,Andrew Williams,andrew.williams2@gmail.com,France,2025-05-25,Basic,87.50
9310,Stephanie Kumar,stephanie.kumar@hotmail.com,United States,2025-02-08,Premium,1288.47
9311,Mark Anderson,mark.anderson@icloud.com,United States,2020-10-23,Standard,252.50
9312,Thomas Johnson,thomas.johnson@mail.io,Australia,2022-12-22,Standard,101.97
9313,Karen Davis,karen.davis@icloud.com,United States,2024-08-25,Premium,2113.46
9314,Kenneth Garcia,kenneth.garcia@gmail.com,India,2021-08-07,Basic,126.61
9315,Elizabeth Jones,elizabeth.jones2@gmail.com,United States,2020-12-02,Basic,39.46
9316,Michael Walker,michael.walker@yahoo.com,United States,2021-08-24,Standard,628.88
9317,Joshua Kim,joshua.kim@company.com,Canada,2022-05-19,Standard,464.41
9318,Arjun Lee,arjun.lee@hotmail.com,Germany,2021-02-14,Premium,3942.61
9319,Mia Harris,mia.harris@hotmail.com,United States,2020-08-04,Standard,81.77
9320,Barbara Robinson,barbara.robinson@outlook.com,United States,2024-07-31,Premium,2595.49
9321,Linda Wilson,linda.wilson3@gmail.com,United States,2020-08-27,Basic,170.46
9322,Sarah Lewis,sarah.lewis1@gmail.com,France,2020-09-16,Standard,283.37
9323,Amanda Martinez,amanda.martinez@company.com,United States,2020-03-21,Basic,40.93
9324,Donald Williams,donald.williams@corp.net,United States,2023-04-18,Standard,308.26
9325,Emma Miller,emma.miller3@gmail.com,France,2023-04-14,Basic,14.98
9326,Jessica Perez,jessica.perez@hotmail.com,Canada,2020-01-31,Premium,3239.70
9327,Laura Robinson,laura.robinson@company.com,Australia,2025-05-03,Standard,559.33
9328,Emily Robinson,emily.robinson@gmail.com,Germany,2020-08-18,Premium,1527.78
9329,Kenneth Lee,kenneth.lee@gmail.com,Canada,2022-10-12,Standard,202.97
9330,Kenneth Johnson,kenneth.johnson1@icloud.com,United States,2022-08-07,Basic,91.75
9331,Ashley Johnson,ashley.johnson@mail.io,United States,2020-05-05,Basic,16.39
9332,Christopher Jones,christopher.jones1@icloud.com,United States,2021-02-20,Standard,178.57
9333,Michael Thomas,michael.thomas@outlook.com,Canada,2020-10-22,Standard,674.13
9334,Paul Hernandez,paul.hernandez1@outlook.com,United Kingdom,2021-06-20,Standard,160.95
9335,Paul Patel,paul.patel@mail.io,Germany,2022-05-01,Standard,367.94
9336,James Miller,james.miller2@gmail.com,United Kingdom,2022-06-19,Standard,164.96
9337,Joseph Williams,joseph.williams1@hotmail.com,United States,2022-09-09,Basic,64.44
9338,Lucas Harris,lucas.harris@outlook.com,United States,2023-06-09,Premium,628.28
9339,Daniel Sharma,daniel.sharma@yahoo.com,Canada,2024-04-04,Basic,27.73
9340,Elizabeth Mueller,elizabeth.mueller@icloud.com,United States,2022-10-13,Premium,1054.85
9341,Thomas Sanchez,thomas.sanchez2@gmail.com,United States,2020-12-08,Standard,71.35
9342,James Lee,james.lee2@gmail.com,United States,2022-01-17,Standard,790.24
9343,Lucas Sharma,lucas.sharma1@company.com,Germany,2023-02-21,Premium,2914.03
9344,Laura Patel,laura.patel@gmail.com,India,2023-02-23,Standard,454.82
9345,Christopher Williams,christopher.williams1@gmail.com,Australia,2020-09-09,Standard,677.38
9346,Richard Singh,richard.singh@yahoo.com,India,2022-09-13,Standard,381.81
9347,Thomas Robinson,thomas.robinson1@company.com,Germany,2024-11-11,Premium,2562.32
9348,Jessica Hernandez,jessica.hernandez3@gmail.com,Germany,2024-07-09,Standard,291.04
9349,Stephanie Brown,stephanie.brown@outlook.com,France,2025-03-07,Premium,1203.25
9350,Steven Thomas,steven.thomas@yahoo.com,United States,2023-11-18,Basic,117.52
9351,Amanda Rodriguez,amanda.rodriguez4@gmail.com,Germany,2021-11-07,Standard,267.68
9352,Daniel Chen,daniel.chen1@outlook.com,United States,2022-01-26,Standard,579.98
9353,Laura Lewis,laura.lewis@company.com,United States,2021-09-26,Basic,156.37
9354,Kenneth Martinez,kenneth.martinez1@company.com,United States,2022-12-17,Premium,1544.01
9355,Linda Lee,linda.lee1@outlook.com,United States,2023-02-12,Standard,54.47
9356,Joshua Brown,joshua.brown@outlook.com,France,2025-05-28,Standard,392.60
9357,Thomas Harris,thomas.harris2@outlook.com,Australia,2021-04-23,Premium,1830.96
9358,Kenneth Rodriguez,kenneth.rodriguez@company.com,United States,2024-12-04,Standard,441.30
9359,Patricia Walker,patricia.walker4@gmail.com,Australia,2024-11-13,Premium,2621.76
9360,Mia Nguyen,mia.nguyen@company.com,Australia,2024-07-25,Basic,167.28
9361,Sarah Singh,sarah.singh1@gmail.com,Canada,2020-11-17,Standard,390.64
9362,Susan Hernandez,susan.hernandez1@gmail.com,Canada,2023-06-21,Standard,794.36
9363,William Nguyen,william.nguyen3@gmail.com,United States,2021-05-23,Standard,171.76
9364,Emma Sanchez,emma.sanchez@corp.net,United States,2025-03-10,Basic,92.44
9365,Arjun White,arjun.white1@gmail.com,United States,2020-07-06,Basic,95.83
9366,Paul Miller,paul.miller1@outlook.com,Germany,2023-01-17,Standard,170.88
9367,Linda Gonzalez,linda.gonzalez@yahoo.com,United States,2021-08-09,Standard,97.14
9368,Jessica Harris,jessica.harris@gmail.com,United Kingdom,2025-01-04,Standard,183.20
9369,Karen Harris,karen.harris1@gmail.com,United States,2023-04-16,Standard,431.29
9370,Donald Martin,donald.martin3@gmail.com,India,2023-09-07,Basic,74.37
9371,James Wang,james.wang2@yahoo.com,United States,2020-04-02,Standard,432.16
9372,Jessica Martinez,jessica.martinez2@gmail.com,United States,2021-10-19,Standard,625.58
9373,Joshua Johnson,joshua.johnson@outlook.com,Australia,2020-12-08,Basic,90.23
9374,Ananya Perez,ananya.perez@gmail.com,United States,2021-12-03,Standard,548.51
9375,Mia Moore,mia.moore1@hotmail.com,Australia,2024-04-30,Standard,603.34
9376,Donald Sanchez,donald.sanchez1@gmail.com,United States,2020-07-06,Basic,130.89
9377,James White,james.white3@gmail.com,United States,2020-11-12,Standard,99.48
9378,Ananya Gonzalez,ananya.gonzalez2@gmail.com,United Kingdom,2021-01-17,Basic,128.42
9379,Matthew Thompson,matthew.thompson@yahoo.com,Canada,2020-02-22,Standard,591.79
9380,Nancy Martinez,nancy.martinez@gmail.com,United States,2021-07-24,Basic,160.80
9381,Donald White,donald.white@corp.net,France,2024-05-31,Standard,613.04
9382,Barbara White,barbara.white1@mail.io,United Kingdom,2020-04-07,Premium,4243.52
9383,Sofia Chen,sofia.chen1@outlook.com,United States,2021-05-06,Standard,306.62
9384,Noah Wilson,noah.wilson3@gmail.com,United States,2025-01-22,Basic,137.99
9385,Sofia Chen,sofia.chen2@gmail.com,United Kingdom,2021-04-14,Standard,609.37
9386,Sarah Lee,sarah.lee@mail.io,United States,2022-02-18,Standard,466.83
9387,Patricia Davis,patricia.davis1@icloud.com,India,2024-06-02,Standard,51.78
9388,Elizabeth Wang,elizabeth.wang@corp.net,United States,2020-06-10,Standard,713.89
9389,William Mueller,william.mueller2@gmail.com,France,2023-09-30,Premium,3904.89
9390,John Rodriguez,john.rodriguez@outlook.com,United Kingdom,2021-06-29,Standard,427.12
9391,Rebecca Martin,rebecca.martin1@outlook.com,United States,2022-05-09,Standard,552.50
9392,Matthew Lewis,matthew.lewis@gmail.com,United Kingdom,2020-07-14,Standard,455.66
9393,Nancy Clark,nancy.clark@outlook.com,Canada,2025-01-08,Standard,554.12
9394,Thomas Taylor,thomas.taylor@gmail.com,Australia,2021-04-12,Standard,763.39
9395,Sarah Sharma,sarah.sharma@gmail.com,United States,2024-01-28,Standard,627.57
9396,Mark Lee,mark.lee2@corp.net,Germany,2020-05-12,Standard,198.09
9397,Mark Hernandez,mark.hernandez1@gmail.com,France,2024-09-13,Standard,464.98
9398,William Taylor,william.taylor@company.com,United States,2024-01-03,Standard,693.96
9399,Laura Wang,laura.wang@icloud.com,United States,2023-02-06,Standard,313.05
9400,Mary Thompson,mary.thompson1@gmail.com,United States,2023-01-29,Premium,4025.44
9401,Arjun Singh,arjun.singh@gmail.com,United Kingdom,2024-10-27,Basic,136.61
9402,Elizabeth Harris,elizabeth.harris1@gmail.com,Germany,2021-07-20,Basic,2.75
9403,Emily Robinson,emily.robinson1@gmail.com,France,2021-04-20,Standard,292.81
9404,Arjun Johnson,arjun.johnson@gmail.com,Canada,2020-06-10,Basic,7.22
9405,David Smith,david.smith@hotmail.com,United States,2025-05-24,Basic,67.93
9406,Susan Lewis,susan.lewis4@gmail.com,United States,2021-02-20,Basic,161.48
9407,Lucas Patel,lucas.patel@outlook.com,United States,2024-08-13,Basic,187.33
9408,Oliver Martin,oliver.martin@yahoo.com,France,2024-06-03,Standard,770.82
9409,William Miller,william.miller@hotmail.com,India,2022-03-15,Standard,377.27
9410,Mary Miller,mary.miller1@gmail.com,India,2024-09-20,Premium,1482.54
9411,Thomas Martin,thomas.martin@mail.io,United States,2023-02-10,Standard,509.54
9412,Robert Davis,robert.davis@gmail.com,United Kingdom,2022-02-26,Standard,145.20
9413,Richard Kim,richard.kim1@company.com,United States,2023-02-01,Standard,663.93
9414,Donald Johnson,donald.johnson3@outlook.com,France,2021-10-19,Basic,93.07
9415,Emily Kim,emily.kim2@outlook.com,United States,2024-10-25,Basic,183.87
9416,Kenneth Harris,kenneth.harris3@gmail.com,United States,2023-11-21,Standard,647.78
9417,Nancy Hernandez,nancy.hernandez1@company.com,United States,2020-01-21,Premium,3711.81
9418,Donald Thomas,donald.thomas3@gmail.com,India,2021-09-06,Premium,3739.31
9419,Rebecca Robinson,rebecca.robinson@outlook.com,India,2023-08-04,Basic,154.11
9420,Sofia Lee,sofia.lee@hotmail.com,Canada,2020-02-15,Standard,74.29
9421,Jessica Williams,jessica.williams1@company.com,France,2021-09-06,Premium,3250.76
9422,Mia Walker,mia.walker2@gmail.com,Germany,2025-03-12,Premium,2828.80
9423,Mark Brown,mark.brown@hotmail.com,United States,2021-05-21,Basic,152.29
9424,Mia Miller,mia.miller1@outlook.com,Germany,2022-09-17,Premium,3274.88
9425,Mia Moore,mia.moore2@hotmail.com,Germany,2024-07-01,Premium,1419.70
9426,James Williams,james.williams@mail.io,United Kingdom,2020-09-15,Basic,95.64
9427,David Thompson,david.thompson@yahoo.com,United Kingdom,2024-05-06,Standard,729.62
9428,Ashley Nguyen,ashley.nguyen2@outlook.com,United States,2020-02-16,Standard,151.65
9429,Sarah Mueller,sarah.mueller2@gmail.com,Germany,2020-06-01,Basic,89.81
9430,Raj Garcia,raj.garcia2@company.com,United States,2024-08-09,Basic,32.59
9431,Sharon Taylor,sharon.taylor@outlook.com,India,2024-04-09,Basic,29.40
9432,Linda Sanchez,linda.sanchez@gmail.com,United Kingdom,2023-06-09,Standard,117.58
9433,Paul Sanchez,paul.sanchez@company.com,Germany,2021-01-03,Basic,25.28
9434,Emma Mueller,emma.mueller1@yahoo.com,United States,2024-02-20,Basic,198.35
9435,Stephanie Robinson,stephanie.robinson@corp.net,United Kingdom,2021-08-02,Standard,555.11
9436,Steven Harris,steven.harris2@gmail.com,United Kingdom,2024-05-22,Standard,125.72
9437,Laura Davis,laura.davis@yahoo.com,United Kingdom,2023-09-23,Standard,91.05
9438,Oliver Lewis,oliver.lewis3@gmail.com,Germany,2020-06-13,Standard,474.14
9439,Joseph Thompson,joseph.thompson@outlook.com,Germany,2020-04-23,Premium,3680.05
9440,Oliver Jones,oliver.jones@gmail.com,United States,2023-01-30,Basic,105.51
9441,Laura Miller,laura.miller1@company.com,United States,2021-04-09,Premium,689.17
9442,Stephanie Thomas,stephanie.thomas2@mail.io,United States,2020-05-30,Basic,57.04
9443,Joseph Singh,joseph.singh@gmail.com,France,2021-05-11,Standard,457.00
9444,John Garcia,john.garcia@company.com,Germany,2023-02-09,Standard,381.04
9445,Sofia Walker,sofia.walker1@corp.net,United Kingdom,2023-03-06,Basic,71.76
9446,Priya White,priya.white1@outlook.com,United States,2024-02-25,Premium,541.12
9447,Lucas Gonzalez,lucas.gonzalez@company.com,India,2020-09-28,Standard,84.05
9448,Sharon Wang,sharon.wang@mail.io,United States,2021-05-01,Basic,150.60
9449,Stephanie Clark,stephanie.clark@company.com,France,2020-05-12,Standard,386.27
9450,Lucas Williams,lucas.williams1@outlook.com,Germany,2022-01-20,Standard,221.59
9451,Arjun Rodriguez,arjun.rodriguez1@hotmail.com,Germany,2023-03-23,Standard,153.89
9452,Barbara Lewis,barbara.lewis2@outlook.com,Germany,2023-05-02,Premium,2527.15
9453,Laura Patel,laura.patel@outlook.com,France,2025-01-22,Basic,39.67
9454,Robert White,robert.white@icloud.com,United States,2023-10-02,Standard,349.67
9455,Jennifer Rodriguez,jennifer.rodriguez1@outlook.com,United Kingdom,2020-03-19,Standard,482.48
9456,Paul Anderson,paul.anderson@corp.net,United States,2021-12-24,Standard,76.69
9457,Elizabeth Singh,elizabeth.singh4@gmail.com,Canada,2022-04-10,Standard,99.76
9458,Donald Moore,donald.moore4@gmail.com,United States,2024-07-31,Basic,68.53
9459,Stephanie Kim,stephanie.kim@gmail.com,United States,2025-03-25,Basic,20.41
9460,Melissa Robinson,melissa.robinson@outlook.com,United Kingdom,2025-05-03,Standard,705.55
9461,Joshua Lee,joshua.lee@yahoo.com,Australia,2022-06-09,Basic,48.55
9462,Christopher Miller,christopher.miller2@yahoo.com,United States,2022-11-25,Premium,711.23
9463,Michael Kumar,michael.kumar@mail.io,France,2024-10-31,Premium,1744.78
9464,Karen Sharma,karen.sharma@gmail.com,United States,2021-03-29,Standard,397.11
9465,Richard Patel,richard.patel@outlook.com,United States,2024-05-02,Standard,538.04
9466,Ananya Lopez,ananya.lopez2@mail.io,Canada,2023-05-19,Standard,247.31
9467,Rebecca Chen,rebecca.chen@corp.net,United States,2021-08-28,Standard,580.59
9468,Patricia Moore,patricia.moore1@gmail.com,United States,2023-05-08,Premium,2164.76
9469,Joseph Perez,joseph.perez@mail.io,United States,2023-11-05,Standard,714.74
9470,Jessica Jackson,jessica.jackson@company.com,United States,2023-08-07,Standard,328.34
9471,Barbara Gonzalez,barbara.gonzalez@company.com,Australia,2022-04-09,Premium,654.01
9472,Linda Perez,linda.perez1@icloud.com,India,2021-07-25,Basic,143.23
9473,Anthony Lee,anthony.lee1@corp.net,United States,2021-04-16,Basic,8.35
9474,Emma Brown,emma.brown@mail.io,United Kingdom,2021-04-14,Standard,436.91
9475,Susan Patel,susan.patel1@outlook.com,Germany,2024-05-02,Standard,140.96
9476,Mark Hernandez,mark.hernandez2@gmail.com,Germany,2023-06-27,Premium,3952.42
9477,Karen Gonzalez,karen.gonzalez2@yahoo.com,United States,2021-06-24,Standard,131.18
9478,Kenneth Wang,kenneth.wang2@gmail.com,Canada,2022-11-17,Standard,138.62
9479,Noah Robinson,noah.robinson1@hotmail.com,United States,2025-03-04,Premium,3693.45
9480,Sarah Thomas,sarah.thomas3@gmail.com,United States,2022-11-12,Premium,2192.85
9481,Raj White,raj.white@yahoo.com,United States,2023-12-06,Basic,195.48
9482,Ashley Clark,ashley.clark1@mail.io,Canada,2024-01-05,Premium,2179.99
9483,Michael Mueller,michael.mueller@gmail.com,United Kingdom,2022-12-11,Standard,311.84
9484,Sharon Wang,sharon.wang@corp.net,United States,2020-06-16,Standard,63.08
9485,Arjun Wilson,arjun.wilson@mail.io,United Kingdom,2024-07-12,Premium,1576.68
9486,Karen Ramirez,karen.ramirez@gmail.com,United Kingdom,2020-02-07,Basic,45.90
9487,Daniel Wang,daniel.wang1@hotmail.com,United States,2024-03-21,Standard,112.96
9488,Noah Perez,noah.perez2@gmail.com,United Kingdom,2020-09-22,Basic,53.69
9489,Emma Nguyen,emma.nguyen@mail.io,United States,2020-08-13,Premium,3875.98
9490,William Williams,william.williams@mail.io,United States,2025-02-23,Standard,229.30
9491,Laura Kumar,laura.kumar1@mail.io,United Kingdom,2023-03-10,Standard,771.35
9492,Mark Jackson,mark.jackson1@gmail.com,United Kingdom,2022-07-21,Standard,556.96
9493,James Moore,james.moore@yahoo.com,United Kingdom,2024-12-26,Basic,12.35
9494,Sarah Perez,sarah.perez1@yahoo.com,United Kingdom,2024-10-26,Standard,691.04
9495,Melissa Jackson,melissa.jackson@yahoo.com,United States,2023-03-04,Standard,730.88
9496,Oliver Ramirez,oliver.ramirez@mail.io,United States,2023-08-19,Standard,475.77
9497,Sarah Ramirez,sarah.ramirez2@gmail.com,United States,2022-03-02,Standard,148.49
9498,Jessica Davis,jessica.davis@outlook.com,France,2022-01-12,Basic,2.71
9499,Steven Lee,steven.lee1@outlook.com,Germany,2020-09-03,Basic,54.37
9500,Ananya Kim,ananya.kim2@company.com,Germany,2023-01-08,Basic,193.70
9501,James Chen,james.chen@gmail.com,United States,2020-01-30,Standard,274.14
9502,David Taylor,david.taylor1@company.com,Germany,2023-04-04,Basic,38.60
9503,Robert Mueller,robert.mueller@company.com,United States,2022-08-21,Standard,180.87
9504,Elizabeth Thompson,elizabeth.thompson2@gmail.com,United States,2022-02-01,Standard,70.94
9505,Oliver Brown,oliver.brown2@gmail.com,United Kingdom,2021-12-13,Standard,618.28
9506,Donald Thompson,donald.thompson1@gmail.com,United Kingdom,2022-08-23,Basic,192.81
9507,Noah Robinson,noah.robinson1@corp.net,United States,2021-06-07,Basic,145.21
9508,Mark White,mark.white2@gmail.com,India,2022-12-11,Standard,432.61
9509,Mark Wang,mark.wang2@gmail.com,Canada,2025-04-21,Standard,583.81
9510,Joshua Patel,joshua.patel1@mail.io,Canada,2022-05-13,Standard,543.16
9511,Lisa Perez,lisa.perez2@gmail.com,Germany,2021-11-17,Basic,160.08
9512,David Hernandez,david.hernandez@yahoo.com,Germany,2022-05-13,Basic,105.48
9513,Andrew Garcia,andrew.garcia@yahoo.com,United States,2022-05-27,Standard,691.89
9514,Laura Lopez,laura.lopez@mail.io,Germany,2024-04-09,Premium,3735.08
9515,Sofia Chen,sofia.chen1@company.com,Australia,2023-09-19,Standard,113.99
9516,Andrew Sanchez,andrew.sanchez@gmail.com,France,2023-01-01,Premium,2178.57
9517,Jennifer Chen,jennifer.chen2@mail.io,Germany,2021-06-04,Premium,4097.03
9518,Michael Lewis,michael.lewis@outlook.com,United States,2024-07-15,Standard,757.51
9519,Karen Kim,karen.kim1@mail.io,Australia,2023-09-23,Standard,202.00
9520,Christopher Kim,christopher.kim1@gmail.com,France,2020-08-21,Standard,667.47
9521,Paul Garcia,paul.garcia@gmail.com,France,2022-02-19,Basic,197.76
9522,Arjun Ramirez,arjun.ramirez@mail.io,United States,2021-08-03,Basic,180.61
9523,Mia Sharma,mia.sharma2@hotmail.com,United Kingdom,2024-04-19,Basic,79.00
9524,Mary Williams,mary.williams@hotmail.com,Australia,2023-08-08,Basic,97.43
9525,Patricia Anderson,patricia.anderson1@icloud.com,United States,2023-11-18,Standard,424.49
9526,Thomas Wilson,thomas.wilson5@gmail.com,United States,2022-05-30,Standard,716.49
9527,Matthew Mueller,matthew.mueller@mail.io,United States,2020-07-13,Standard,519.91
9528,Melissa Perez,melissa.perez4@gmail.com,Canada,2020-10-13,Standard,743.69
9529,Mark Gonzalez,mark.gonzalez@icloud.com,Australia,2020-03-02,Standard,595.96
9530,Mark Perez,mark.perez1@gmail.com,United Kingdom,2020-05-09,Standard,667.89
9531,Richard Sanchez,richard.sanchez2@gmail.com,Germany,2025-02-25,Basic,116.96
9532,Ashley Kim,ashley.kim1@mail.io,United Kingdom,2025-01-16,Standard,722.11
9533,Elizabeth Robinson,elizabeth.robinson@outlook.com,United States,2021-12-19,Standard,158.42
9534,James Walker,james.walker@company.com,United States,2020-08-14,Premium,1599.28
9535,Paul Lewis,paul.lewis4@gmail.com,Germany,2020-11-20,Standard,683.81
9536,Nancy Rodriguez,nancy.rodriguez1@icloud.com,India,2024-05-16,Standard,197.11
9537,Emma Singh,emma.singh1@gmail.com,United Kingdom,2024-05-29,Premium,4606.53
9538,Robert Wilson,robert.wilson2@gmail.com,Australia,2022-04-18,Premium,2412.43
9539,Priya Singh,priya.singh@outlook.com,Australia,2021-04-10,Basic,129.97
9540,Noah Walker,noah.walker@yahoo.com,Germany,2024-04-24,Basic,92.05
9541,Donald Rodriguez,donald.rodriguez@yahoo.com,United Kingdom,2021-10-29,Standard,509.20
9542,Lucas Hernandez,lucas.hernandez1@outlook.com,United States,2021-02-17,Standard,754.48
9543,Donald Anderson,donald.anderson1@outlook.com,Canada,2024-04-05,Premium,4112.60
9544,Sarah Martin,sarah.martin@company.com,United States,2023-11-22,Basic,59.55
9545,Linda Lewis,linda.lewis1@gmail.com,United Kingdom,2024-05-25,Basic,155.89
9546,Andrew Rodriguez,andrew.rodriguez@outlook.com,United States,2024-09-23,Basic,185.34
9547,James Taylor,james.taylor@yahoo.com,France,2022-03-11,Basic,139.62
9548,Melissa Moore,melissa.moore1@mail.io,United Kingdom,2021-03-18,Standard,249.16
9549,Ananya Sharma,ananya.sharma@corp.net,United States,2024-07-10,Premium,2482.78
9550,Joshua Sharma,joshua.sharma1@gmail.com,France,2020-02-03,Premium,866.98
9551,Ashley Chen,ashley.chen@corp.net,Australia,2022-04-11,Standard,271.65
9552,Emma Jackson,emma.jackson4@gmail.com,United States,2020-07-02,Standard,359.04
9553,Steven Garcia,steven.garcia@outlook.com,United States,2021-09-12,Basic,112.60
9554,Lucas Martin,lucas.martin@outlook.com,United States,2024-11-21,Standard,115.72
9555,Richard Lee,richard.lee1@gmail.com,United States,2023-01-25,Basic,150.37
9556,Rebecca Gonzalez,rebecca.gonzalez1@mail.io,France,2024-01-08,Standard,328.34
9557,Daniel Thompson,daniel.thompson3@outlook.com,United Kingdom,2022-12-11,Standard,458.69
9558,Sharon Rodriguez,sharon.rodriguez@gmail.com,United States,2023-05-06,Standard,592.61
9559,William Smith,william.smith1@gmail.com,Australia,2024-05-20,Basic,41.77
9560,Mark Jackson,mark.jackson2@gmail.com,France,2023-01-30,Standard,530.77
9561,Thomas Chen,thomas.chen@corp.net,Germany,2022-08-07,Premium,2535.45
9562,William Mueller,william.mueller3@gmail.com,France,2025-01-07,Basic,69.42
9563,Andrew Williams,andrew.williams3@gmail.com,Australia,2024-06-30,Standard,200.26
9564,Andrew Wang,andrew.wang@mail.io,United Kingdom,2022-06-16,Basic,105.40
9565,Arjun Kumar,arjun.kumar@yahoo.com,United States,2024-07-28,Standard,715.03
9566,Jessica Singh,jessica.singh2@mail.io,United States,2025-02-23,Premium,4016.37
9567,Noah Wilson,noah.wilson@hotmail.com,Germany,2021-07-18,Standard,742.98
9568,Karen Robinson,karen.robinson@corp.net,United Kingdom,2024-10-17,Premium,4656.54
9569,Ashley Sanchez,ashley.sanchez@company.com,United States,2025-03-15,Standard,81.84
9570,Susan Mueller,susan.mueller3@gmail.com,United Kingdom,2024-10-04,Standard,348.07
9571,Sarah Ramirez,sarah.ramirez@mail.io,United States,2021-07-24,Standard,237.97
9572,Kenneth Lewis,kenneth.lewis@icloud.com,United Kingdom,2020-06-04,Standard,763.84
9573,David Gonzalez,david.gonzalez@hotmail.com,France,2024-09-04,Basic,96.69
9574,Mia Mueller,mia.mueller2@gmail.com,United Kingdom,2021-09-15,Premium,2332.09
9575,Sarah Smith,sarah.smith1@mail.io,Germany,2021-06-15,Standard,267.51
9576,Patricia Johnson,patricia.johnson@icloud.com,Canada,2024-08-16,Basic,66.29
9577,Lisa Robinson,lisa.robinson1@gmail.com,Australia,2023-01-27,Standard,440.62
9578,Nancy Taylor,nancy.taylor@gmail.com,France,2022-11-11,Standard,566.27
9579,Rebecca Robinson,rebecca.robinson1@outlook.com,United Kingdom,2025-03-15,Basic,41.40
9580,Anthony Thompson,anthony.thompson@gmail.com,United States,2020-02-08,Standard,58.97
9581,Matthew Brown,matthew.brown1@mail.io,United States,2025-03-14,Basic,185.21
9582,Richard Miller,richard.miller@yahoo.com,United States,2023-06-04,Standard,759.97
9583,Susan White,susan.white@mail.io,France,2022-03-09,Premium,1323.22
9584,Joseph Jackson,joseph.jackson@gmail.com,United States,2021-07-29,Standard,252.38
9585,Matthew Clark,matthew.clark2@gmail.com,Australia,2023-06-18,Standard,536.58
9586,Anthony Brown,anthony.brown@company.com,Germany,2024-10-21,Premium,3069.50
9587,Paul Garcia,paul.garcia1@gmail.com,United States,2025-04-25,Premium,4463.26
9588,Sarah Chen,sarah.chen@corp.net,Canada,2023-03-24,Basic,99.54
9589,Sarah Wang,sarah.wang3@gmail.com,United States,2024-07-05,Premium,2872.18
9590,Raj Jones,raj.jones@corp.net,United States,2022-05-05,Basic,139.66
9591,Matthew Brown,matthew.brown1@gmail.com,United States,2023-03-13,Standard,604.61
9592,Ananya Mueller,ananya.mueller1@gmail.com,Germany,2024-07-13,Standard,728.74
9593,Emma Nguyen,emma.nguyen2@outlook.com,United States,2024-03-20,Standard,110.48
9594,William Ramirez,william.ramirez@company.com,United States,2025-03-01,Standard,782.72
9595,Kenneth Martin,kenneth.martin@mail.io,United States,2024-03-11,Standard,500.66
9596,Christopher Martinez,christopher.martinez@outlook.com,Germany,2021-03-04,Basic,81.07
9597,Elizabeth Perez,elizabeth.perez@yahoo.com,Germany,2021-05-19,Premium,4905.60
9598,Emily Mueller,emily.mueller2@gmail.com,United States,2020-05-18,Standard,627.06
9599,Stephanie Johnson,stephanie.johnson@mail.io,Australia,2025-01-28,Standard,627.67
9600,Michael Anderson,michael.anderson@company.com,Canada,2025-02-02,Premium,1973.11
9601,James Nguyen,james.nguyen@outlook.com,United States,2022-11-10,Premium,4606.35
9602,William Walker,william.walker@gmail.com,Australia,2023-04-19,Standard,103.68
9603,Karen Chen,karen.chen@outlook.com,Australia,2020-03-29,Basic,188.25
9604,Lucas Jones,lucas.jones@hotmail.com,United States,2020-04-22,Standard,645.56
9605,Joshua Thompson,joshua.thompson@icloud.com,Canada,2021-06-29,Basic,126.70
9606,Christopher Gonzalez,christopher.gonzalez@outlook.com,United States,2020-11-09,Standard,123.21
9607,Joshua Lopez,joshua.lopez@hotmail.com,United States,2022-08-07,Basic,195.95
9608,Michael Robinson,michael.robinson1@gmail.com,United States,2020-08-08,Premium,807.25
9609,Rebecca Brown,rebecca.brown@gmail.com,United States,2023-07-20,Standard,580.44
9610,Steven Johnson,steven.johnson1@yahoo.com,Germany,2020-03-26,Standard,286.19
9611,Ashley Lopez,ashley.lopez3@gmail.com,France,2020-04-14,Basic,36.24
9612,Stephanie Anderson,stephanie.anderson3@gmail.com,United States,2023-10-29,Standard,704.31
9613,Oliver Thompson,oliver.thompson2@gmail.com,United States,2022-09-09,Standard,241.59
9614,David Jones,david.jones@icloud.com,Germany,2023-07-05,Standard,208.56
9615,Thomas Harris,thomas.harris3@outlook.com,United Kingdom,2020-08-11,Standard,402.22
9616,Robert Miller,robert.miller@mail.io,United States,2025-05-26,Basic,193.78
9617,Richard Martin,richard.martin1@corp.net,Germany,2025-01-23,Standard,692.42
9618,Lisa Davis,lisa.davis1@company.com,United States,2023-05-15,Standard,783.54
9619,Joshua Johnson,joshua.johnson2@hotmail.com,United States,2022-09-26,Standard,319.88
9620,Mark Chen,mark.chen2@gmail.com,United States,2023-11-09,Basic,58.15
9621,Susan Smith,susan.smith3@outlook.com,United States,2024-01-28,Standard,386.03
9622,Barbara Lee,barbara.lee@icloud.com,Canada,2023-03-21,Basic,14.61
9623,Jessica Moore,jessica.moore1@outlook.com,Canada,2025-03-08,Basic,75.96
9624,Patricia Brown,patricia.brown1@gmail.com,Canada,2022-01-28,Standard,482.13
9625,Melissa Chen,melissa.chen@gmail.com,Germany,2020-07-01,Standard,745.01
9626,Michael Gonzalez,michael.gonzalez1@company.com,India,2022-11-24,Standard,404.00
9627,Raj Rodriguez,raj.rodriguez@outlook.com,India,2023-03-01,Basic,191.71
9628,Noah Singh,noah.singh2@gmail.com,United States,2020-04-17,Standard,699.98
9629,Nancy Martinez,nancy.martinez1@hotmail.com,United Kingdom,2025-01-13,Standard,412.31
9630,Sofia White,sofia.white@hotmail.com,United Kingdom,2024-12-03,Standard,798.02
9631,Joseph Taylor,joseph.taylor@icloud.com,Canada,2021-02-26,Premium,555.24
9632,Linda Mueller,linda.mueller@outlook.com,United States,2021-01-24,Basic,177.77
9633,Richard Thompson,richard.thompson@gmail.com,United States,2020-11-16,Standard,798.66
9634,Jessica Lopez,jessica.lopez1@gmail.com,United Kingdom,2020-10-12,Standard,783.81
9635,Amanda Hernandez,amanda.hernandez4@gmail.com,Australia,2022-03-15,Standard,464.47
9636,Stephanie Chen,stephanie.chen1@company.com,United States,2023-11-21,Standard,55.53
9637,Thomas Jones,thomas.jones1@outlook.com,United States,2021-03-07,Standard,174.97
9638,Daniel Smith,daniel.smith1@hotmail.com,Canada,2025-02-18,Basic,66.74
9639,Susan Jones,susan.jones1@icloud.com,United States,2020-05-18,Standard,573.42
9640,Daniel Miller,,United Kingdom,2021-11-15,Standard,105.39
9641,Oliver Singh,oliver.singh@mail.io,France,2022-08-08,Basic,132.69
9642,Rebecca Chen,rebecca.chen2@gmail.com,United Kingdom,2021-07-02,Basic,170.49
9643,Karen Anderson,karen.anderson3@gmail.com,United States,2020-01-28,Basic,11.94
9644,Ananya Lewis,ananya.lewis@yahoo.com,United States,2021-08-25,Premium,2052.48
9645,Mary Smith,mary.smith3@outlook.com,United States,2025-01-03,Standard,336.62
9646,Emily Martinez,emily.martinez@company.com,Germany,2022-04-30,Basic,6.09
9647,Karen Harris,karen.harris1@company.com,United Kingdom,2022-01-24,Standard,440.68
9648,Arjun Gonzalez,arjun.gonzalez1@icloud.com,India,2024-10-23,Basic,30.28
9649,Melissa Martinez,melissa.martinez1@yahoo.com,Australia,2025-05-05,Standard,512.93
9650,Sofia White,sofia.white2@yahoo.com,France,2024-09-11,Standard,312.46
9651,Emma Williams,emma.williams2@company.com,United States,2020-08-21,Basic,135.34
9652,Noah White,noah.white1@mail.io,Germany,2021-10-01,Standard,621.54
9653,Stephanie Perez,stephanie.perez1@outlook.com,India,2020-06-12,Standard,563.97
9654,Oliver Martin,oliver.martin5@gmail.com,United States,2020-12-02,Premium,2073.13
9655,Lucas Singh,lucas.singh2@gmail.com,Germany,2023-03-14,Basic,73.18
9656,Steven Brown,steven.brown@icloud.com,Germany,2024-04-21,Standard,419.06
9657,Emma Sanchez,emma.sanchez@outlook.com,Germany,2023-10-17,Standard,781.97
9658,Donald Sanchez,donald.sanchez@company.com,Germany,2023-01-19,Basic,20.40
9659,James Jackson,james.jackson1@gmail.com,Germany,2023-01-11,Standard,383.73
9660,Susan Sanchez,susan.sanchez1@gmail.com,Germany,2021-07-19,Premium,1262.03
9661,Thomas Chen,thomas.chen3@gmail.com,United Kingdom,2024-01-20,Standard,390.28
9662,Laura Davis,laura.davis@icloud.com,France,2022-05-14,Standard,145.46
9663,Elizabeth Lopez,elizabeth.lopez@outlook.com,United States,2022-03-05,Premium,2009.33
9664,Mia Martinez,mia.martinez@outlook.com,India,2022-04-08,Basic,85.07
9665,Sofia Wang,sofia.wang@outlook.com,Australia,2023-11-13,Basic,165.29
9666,Andrew Martinez,andrew.martinez2@gmail.com,United Kingdom,2024-12-03,Premium,2565.56
9667,Joshua Sharma,joshua.sharma@yahoo.com,Canada,2023-11-01,Premium,621.07
9668,Noah Walker,noah.walker1@yahoo.com,United States,2021-10-09,Standard,670.12
9669,Stephanie Smith,stephanie.smith1@outlook.com,France,2023-02-07,Standard,306.66
9670,Richard Jones,richard.jones@mail.io,India,2020-02-04,Basic,195.39
9671,Jessica Moore,jessica.moore2@outlook.com,United States,2022-06-04,Standard,468.62
9672,Lucas Nguyen,lucas.nguyen1@company.com,United Kingdom,2022-11-07,Standard,653.34
9673,Daniel Perez,daniel.perez1@gmail.com,Australia,2020-02-09,Premium,3893.60
9674,Ananya Kumar,ananya.kumar1@gmail.com,India,2021-02-06,Premium,3906.08
9675,Noah Singh,noah.singh1@outlook.com,United States,2025-01-12,Standard,117.97
9676,Stephanie Patel,stephanie.patel1@gmail.com,United States,2020-06-02,Standard,741.78
9677,Mia Lewis,mia.lewis3@outlook.com,United States,2020-05-13,Basic,191.98
9678,Raj Lee,raj.lee2@gmail.com,Australia,2022-11-28,Basic,160.45
9679,Mia Harris,mia.harris2@gmail.com,India,2023-01-04,Basic,196.21
9680,Elizabeth Hernandez,elizabeth.hernandez2@yahoo.com,India,2021-11-26,Standard,715.88
9681,Michael Kim,michael.kim@icloud.com,United Kingdom,2023-11-09,Standard,653.87
9682,Joshua Gonzalez,joshua.gonzalez1@outlook.com,France,2023-12-08,Standard,175.26
9683,Steven Wang,steven.wang@corp.net,France,2022-12-15,Premium,4357.56
9684,Ananya Rodriguez,ananya.rodriguez@mail.io,Germany,2024-09-03,Standard,799.90
9685,Mary Thomas,mary.thomas@hotmail.com,United States,2021-07-08,Basic,73.72
9686,Arjun Thompson,arjun.thompson1@gmail.com,Canada,2020-01-07,Standard,793.52
9687,Raj Garcia,raj.garcia2@gmail.com,France,2021-12-22,Basic,0.61
9688,Mark Nguyen,mark.nguyen6@gmail.com,United Kingdom,2025-05-17,Standard,703.51
9689,Noah Hernandez,noah.hernandez@hotmail.com,United Kingdom,2022-09-29,Basic,143.45
9690,Laura Kim,laura.kim@gmail.com,United States,2022-09-06,Premium,2613.21
9691,Jennifer Rodriguez,jennifer.rodriguez2@yahoo.com,France,2021-10-01,Standard,232.60
9692,Michael Lee,michael.lee@outlook.com,United States,2022-01-06,Standard,359.51
9693,Stephanie Mueller,stephanie.mueller3@outlook.com,United States,2024-06-17,Premium,1640.90
9694,Ananya Taylor,ananya.taylor@mail.io,India,2023-09-26,Standard,674.28
9695,Barbara Thompson,barbara.thompson@company.com,United States,2024-09-26,Standard,200.37
9696,Kenneth Sanchez,kenneth.sanchez@corp.net,Australia,2021-10-07,Basic,29.92
9697,Matthew Martinez,matthew.martinez1@mail.io,France,2022-01-23,Standard,602.30
9698,Mary Lee,mary.lee2@gmail.com,United States,2022-07-09,Basic,7.52
9699,Joshua Lewis,joshua.lewis3@gmail.com,Australia,2023-10-24,Basic,83.93
9700,Nancy Kim,nancy.kim@gmail.com,United Kingdom,2021-05-07,Standard,397.54
9701,Elizabeth Perez,elizabeth.perez2@gmail.com,Germany,2023-05-09,Standard,299.83
9702,Rebecca Sharma,rebecca.sharma1@outlook.com,Canada,2023-08-11,Standard,501.13
9703,Lucas Kumar,lucas.kumar5@gmail.com,United States,2024-08-01,Basic,135.75
9704,Kenneth Williams,kenneth.williams1@yahoo.com,United States,2022-09-13,Premium,4714.37
9705,Mia Jackson,mia.jackson1@mail.io,United States,2020-10-20,Standard,525.89
9706,Kenneth Jones,kenneth.jones@mail.io,France,2020-01-21,Standard,435.60
9707,Andrew Robinson,andrew.robinson1@gmail.com,Germany,2020-01-20,Standard,644.15
9708,Kenneth Taylor,kenneth.taylor2@hotmail.com,United Kingdom,2021-02-22,Standard,122.27
9709,Arjun Thomas,arjun.thomas@gmail.com,United States,2022-09-26,Standard,576.80
9710,Ashley Sharma,ashley.sharma@icloud.com,Germany,2023-04-24,Standard,716.93
9711,William Brown,william.brown1@gmail.com,France,2023-04-05,Standard,438.96
9712,Emma Lewis,emma.lewis@outlook.com,Canada,2022-04-04,Premium,989.49
9713,Joshua Sharma,joshua.sharma1@yahoo.com,Germany,2022-03-25,Standard,163.32
9714,David Brown,david.brown1@yahoo.com,France,2020-05-04,Standard,362.11
9715,Steven Williams,steven.williams@mail.io,United States,2020-10-07,Premium,614.24
9716,Patricia Anderson,patricia.anderson@outlook.com,Germany,2023-03-23,Standard,257.69
9717,Ashley Sharma,ashley.sharma@outlook.com,Australia,2024-07-21,Standard,564.28
9718,James Wilson,james.wilson@hotmail.com,United Kingdom,2022-08-06,Standard,440.18
9719,Susan Williams,susan.williams@outlook.com,India,2025-05-29,Basic,83.86
9720,Emma Williams,emma.williams2@gmail.com,United Kingdom,2023-03-06,Standard,348.98
9721,Priya Lopez,priya.lopez@hotmail.com,Germany,2025-05-21,Premium,870.41
9722,Barbara Jackson,barbara.jackson@gmail.com,Canada,2022-03-11,Standard,261.33
9723,Rebecca Sanchez,rebecca.sanchez2@outlook.com,United States,2025-05-26,Standard,589.02
9724,Ananya Harris,ananya.harris@outlook.com,United States,2021-11-05,Premium,2266.10
9725,Jessica Smith,jessica.smith1@gmail.com,India,2021-04-11,Standard,143.02
9726,Priya Brown,priya.brown@outlook.com,India,2021-10-01,Standard,764.79
9727,Emma Taylor,emma.taylor1@outlook.com,Canada,2023-06-17,Standard,358.92
9728,Michael Taylor,michael.taylor4@gmail.com,India,2025-05-09,Basic,51.28
9729,Andrew Johnson,andrew.johnson@corp.net,United Kingdom,2020-07-30,Basic,166.28
9730,Anthony Lee,anthony.lee1@gmail.com,United States,2023-04-14,Basic,78.44
9731,Arjun Brown,arjun.brown2@outlook.com,United States,2020-03-05,Standard,586.38
9732,Amanda Miller,amanda.miller1@outlook.com,United Kingdom,2022-04-24,Standard,579.85
9733,Raj Davis,raj.davis2@gmail.com,United States,2020-07-08,Standard,536.12
9734,William Kumar,william.kumar@outlook.com,France,2024-04-13,Standard,415.35
9735,Andrew Rodriguez,andrew.rodriguez1@mail.io,Australia,2024-08-12,Basic,127.97
9736,Matthew Martinez,matthew.martinez2@mail.io,United States,2020-04-24,Basic,136.95
9737,Andrew Wang,andrew.wang1@company.com,Australia,2022-07-28,Standard,792.14
9738,Ananya Moore,ananya.moore1@hotmail.com,United States,2023-10-19,Standard,199.06
9739,Raj Lopez,raj.lopez@icloud.com,Australia,2022-11-12,Basic,122.78
9740,Noah Jones,noah.jones7@gmail.com,United Kingdom,2020-10-14,Standard,782.09
9741,Kenneth Mueller,kenneth.mueller3@gmail.com,Canada,2022-05-30,Basic,76.94
9742,Sharon Hernandez,sharon.hernandez@outlook.com,United States,2023-02-10,Basic,98.39
9743,Susan Gonzalez,susan.gonzalez1@mail.io,India,2022-11-02,Standard,57.17
9744,Paul Jones,paul.jones3@gmail.com,France,2024-12-11,Basic,128.17
9745,Rebecca Hernandez,rebecca.hernandez@outlook.com,Germany,2023-11-24,Basic,30.14
9746,John Ramirez,john.ramirez2@gmail.com,United States,2021-07-02,Standard,503.56
9747,Matthew Walker,matthew.walker2@company.com,Canada,2020-06-30,Premium,3670.67
9748,Linda Singh,linda.singh3@yahoo.com,India,2023-09-22,Premium,1361.75
9749,Mia Clark,mia.clark@mail.io,United States,2022-10-12,Basic,152.41
9750,Mark Sharma,mark.sharma@outlook.com,Australia,2023-02-02,Standard,319.96
9751,Kenneth Thomas,kenneth.thomas@corp.net,United Kingdom,2021-02-10,Premium,2201.09
9752,Emily Chen,emily.chen4@gmail.com,United States,2021-04-07,Standard,582.52
9753,Sofia Moore,sofia.moore@gmail.com,United States,2024-12-19,Standard,222.13
9754,Priya Miller,priya.miller2@gmail.com,United States,2020-09-13,Standard,376.87
9755,Ashley Perez,ashley.perez@yahoo.com,United Kingdom,2020-10-23,Standard,571.87
9756,Ashley Rodriguez,ashley.rodriguez@outlook.com,United Kingdom,2022-04-28,Standard,194.37
9757,Andrew Anderson,andrew.anderson@company.com,United States,2021-12-04,Basic,133.73
9758,Joshua Rodriguez,joshua.rodriguez1@gmail.com,United Kingdom,2021-09-08,Standard,698.93
9759,Amanda Anderson,amanda.anderson3@gmail.com,United States,2021-08-31,Standard,708.27
9760,Melissa Moore,melissa.moore3@gmail.com,India,2025-01-26,Basic,169.90
9761,William Smith,william.smith1@outlook.com,United States,2022-06-19,Basic,76.10
9762,Mary Lee,mary.lee@mail.io,United States,2024-03-29,Basic,53.99
9763,Ashley White,ashley.white@outlook.com,Australia,2022-05-03,Standard,688.83
9764,Karen Sanchez,karen.sanchez3@gmail.com,United Kingdom,2021-03-07,Standard,549.55
9765,Daniel Thompson,daniel.thompson1@gmail.com,India,2021-01-22,Standard,450.29
9766,James White,james.white@mail.io,United Kingdom,2021-01-18,Standard,480.96
9767,Lucas Walker,lucas.walker1@outlook.com,Germany,2025-05-01,Basic,198.98
9768,Donald Ramirez,donald.ramirez@company.com,Australia,2023-11-19,Standard,422.23
9769,Mark Miller,mark.miller1@company.com,United States,2022-11-20,Standard,411.49
9770,Michael Johnson,michael.johnson@yahoo.com,United States,2020-11-22,Basic,102.59
9771,Steven Thomas,steven.thomas@outlook.com,United States,2022-10-11,Standard,61.02
9772,Joshua Thompson,joshua.thompson1@hotmail.com,Germany,2025-05-14,Standard,238.75
9773,Elizabeth Singh,elizabeth.singh5@gmail.com,United States,2021-04-11,Standard,533.86
9774,Lucas Wilson,lucas.wilson2@gmail.com,United Kingdom,2022-07-31,Basic,110.71
9775,Richard Lewis,richard.lewis@mail.io,United States,2020-05-03,Standard,358.11
9776,Oliver Nguyen,oliver.nguyen1@yahoo.com,France,2025-02-28,Standard,472.76
9777,Sarah Sharma,sarah.sharma@yahoo.com,Germany,2023-02-26,Standard,682.79
9778,Daniel Lopez,daniel.lopez2@gmail.com,United Kingdom,2021-02-07,Standard,66.38
9779,Lucas Taylor,lucas.taylor@icloud.com,United States,2023-08-03,Premium,1844.15
9780,Stephanie Anderson,stephanie.anderson4@gmail.com,United States,2021-03-28,Standard,553.72
9781,Mark Wang,mark.wang@mail.io,United States,2021-01-09,Standard,289.00
9782,Paul Williams,paul.williams2@outlook.com,United Kingdom,2023-05-22,Standard,225.08
9783,Sarah Harris,sarah.harris@company.com,France,2020-04-02,Basic,78.07
9784,Karen Harris,karen.harris1@hotmail.com,France,2024-03-26,Basic,183.56
9785,David Robinson,david.robinson@icloud.com,United Kingdom,2025-02-24,Standard,251.97
9786,Richard Williams,richard.williams3@gmail.com,United States,2021-02-10,Standard,743.29
9787,Arjun Rodriguez,arjun.rodriguez2@outlook.com,United States,2024-04-09,Premium,4053.12
9788,Robert Anderson,robert.anderson@mail.io,United States,2023-12-26,Basic,118.62
9789,Paul Robinson,paul.robinson@hotmail.com,France,2020-04-25,Basic,150.70
9790,Stephanie Thompson,stephanie.thompson2@gmail.com,United Kingdom,2023-10-15,Premium,4452.17
9791,Elizabeth Jones,elizabeth.jones3@gmail.com,United States,2023-01-22,Standard,555.83
9792,Mark Brown,mark.brown1@gmail.com,Germany,2023-10-11,Basic,186.87
9793,Sofia Robinson,sofia.robinson@gmail.com,United States,2024-01-24,Standard,164.72
9794,Raj Davis,raj.davis1@yahoo.com,Australia,2023-10-24,Premium,4404.67
9795,Michael Wang,michael.wang@hotmail.com,United States,2025-04-07,Basic,116.69
9796,Jessica Chen,jessica.chen@yahoo.com,Germany,2022-08-30,Premium,3464.66
9797,Amanda Smith,amanda.smith1@outlook.com,United States,2022-06-13,Standard,397.39
9798,Elizabeth Harris,elizabeth.harris@hotmail.com,United States,2022-02-17,Standard,251.24
9799,Mark White,mark.white@outlook.com,United States,2020-01-02,Standard,798.79
9800,Kenneth Wilson,kenneth.wilson5@gmail.com,United States,2023-09-11,Basic,26.54
9801,David Mueller,david.mueller1@outlook.com,Australia,2020-01-27,Standard,549.82
9802,Richard Perez,richard.perez@company.com,India,2022-06-05,Standard,690.56
9803,Kenneth Wilson,kenneth.wilson@icloud.com,United Kingdom,2021-03-17,Standard,233.64
9804,Susan Brown,susan.brown6@gmail.com,United States,2023-06-14,Standard,254.41
9805,Joseph Gonzalez,joseph.gonzalez@gmail.com,United States,2024-04-13,Basic,133.86
9806,Stephanie Kim,stephanie.kim1@outlook.com,Germany,2022-02-03,Standard,767.65
9807,Laura Singh,laura.singh1@gmail.com,United States,2024-04-16,Basic,25.10
9808,Thomas Miller,thomas.miller1@gmail.com,United States,2021-10-27,Basic,150.93
9809,William Nguyen,william.nguyen1@hotmail.com,United States,2021-10-05,Premium,2034.55
9810,Rebecca Mueller,rebecca.mueller@mail.io,United States,2021-08-26,Basic,76.68
9811,David Martin,david.martin@icloud.com,United States,2022-01-09,Premium,3200.75
9812,Emily Robinson,emily.robinson1@outlook.com,United States,2024-04-10,Standard,117.59
9813,Ashley Brown,ashley.brown1@outlook.com,France,2020-02-03,Premium,1397.11
9814,Karen Gonzalez,karen.gonzalez@corp.net,United Kingdom,2023-10-29,Standard,127.59
9815,Stephanie Garcia,stephanie.garcia@gmail.com,United States,2020-10-21,Standard,385.94
9816,Ashley Nguyen,ashley.nguyen3@gmail.com,France,2021-09-04,Premium,4417.89
9817,Lisa Wilson,lisa.wilson@hotmail.com,United Kingdom,2024-04-03,Standard,482.17
9818,Priya Moore,priya.moore2@gmail.com,United States,2023-10-07,Standard,303.38
9819,Mark Rodriguez,mark.rodriguez@outlook.com,Canada,2024-05-12,Standard,402.41
9820,Noah Thomas,noah.thomas@icloud.com,United States,2024-06-08,Basic,107.06
9821,Priya Wilson,priya.wilson@corp.net,Australia,2025-02-21,Standard,310.87
9822,Priya Williams,priya.williams1@icloud.com,United Kingdom,2024-12-08,Standard,314.44
9823,Arjun Sanchez,arjun.sanchez5@gmail.com,Germany,2021-01-13,Standard,741.82
9824,Emma Gonzalez,emma.gonzalez2@gmail.com,United Kingdom,2021-03-14,Basic,94.64
9825,Sarah Rodriguez,sarah.rodriguez3@gmail.com,United States,2020-08-10,Premium,4369.80
9826,Emma Harris,emma.harris1@company.com,United Kingdom,2021-09-06,Basic,142.40
9827,Emily Sharma,emily.sharma2@gmail.com,United States,2023-09-05,Standard,375.02
9828,Elizabeth Mueller,elizabeth.mueller1@outlook.com,Germany,2025-04-02,Standard,787.95
9829,Barbara White,barbara.white2@gmail.com,Canada,2023-03-16,Standard,595.24
9830,Stephanie Johnson,stephanie.johnson1@gmail.com,United States,2024-04-26,Premium,1680.59
9831,Emma Lewis,emma.lewis2@gmail.com,United Kingdom,2023-03-18,Standard,491.77
9832,Christopher Anderson,christopher.anderson@company.com,United Kingdom,2020-03-13,Standard,553.31
9833,Barbara Martinez,barbara.martinez@yahoo.com,United States,2020-04-28,Basic,97.35
9834,Sharon Lopez,sharon.lopez1@hotmail.com,India,2024-09-19,Standard,609.19
9835,Noah Harris,noah.harris3@gmail.com,United States,2023-09-01,Basic,53.67
9836,Mia Harris,mia.harris3@gmail.com,India,2025-05-19,Basic,63.57
9837,Raj Walker,raj.walker@hotmail.com,United Kingdom,2020-05-18,Standard,725.77
9838,Robert Singh,robert.singh1@gmail.com,France,2022-05-13,Standard,95.27
9839,Raj Martin,raj.martin2@gmail.com,France,2024-04-05,Standard,519.84
9840,Mia Patel,mia.patel@company.com,United States,2022-09-16,Standard,407.07
9841,William Jones,william.jones@outlook.com,Canada,2022-10-21,Premium,629.27
9842,Paul Walker,paul.walker1@gmail.com,Canada,2022-03-03,Basic,140.73
9843,Jessica Nguyen,jessica.nguyen@outlook.com,France,2023-04-26,Basic,168.94
9844,Christopher Wilson,christopher.wilson@gmail.com,United States,2024-01-04,Standard,455.36
9845,James Miller,james.miller1@mail.io,Australia,2024-07-30,Standard,356.25
9846,Mia Hernandez,mia.hernandez@corp.net,United States,2022-04-29,Basic,192.01
9847,Priya Thompson,priya.thompson1@company.com,United States,2020-07-27,Basic,140.69
9848,Karen Brown,karen.brown@company.com,United States,2020-05-13,Basic,6.32
9849,Jennifer Lewis,jennifer.lewis1@outlook.com,Canada,2022-01-13,Standard,434.30
9850,Lisa White,lisa.white4@gmail.com,France,2024-02-06,Basic,175.31
9851,Thomas Smith,thomas.smith@hotmail.com,Germany,2023-07-12,Basic,108.87
9852,John Miller,john.miller3@outlook.com,Australia,2023-10-05,Premium,1055.79
9853,Ashley Lewis,ashley.lewis@icloud.com,United States,2020-03-21,Basic,160.08
9854,Joseph Anderson,joseph.anderson@hotmail.com,India,2020-01-26,Basic,23.86
9855,Rebecca White,rebecca.white@hotmail.com,France,2024-06-18,Standard,394.28
9856,Richard Martinez,richard.martinez1@gmail.com,United States,2021-06-22,Standard,420.60
9857,Mia Lewis,mia.lewis4@outlook.com,France,2021-05-02,Standard,616.51
9858,Ashley Thomas,ashley.thomas@gmail.com,United States,2022-12-31,Standard,660.96
9859,Mia Miller,mia.miller2@gmail.com,United States,2024-08-25,Premium,3785.66
9860,Thomas Wang,thomas.wang@icloud.com,United States,2024-07-27,Standard,77.60
9861,Joseph Clark,joseph.clark@outlook.com,United States,2021-09-02,Standard,548.90
9862,Daniel Smith,daniel.smith@mail.io,United Kingdom,2025-03-05,Basic,95.14
9863,Joshua Walker,joshua.walker@outlook.com,Germany,2024-12-07,Basic,124.84
9864,David Robinson,david.robinson@mail.io,United Kingdom,2024-03-22,Standard,169.48
9865,John Walker,john.walker@yahoo.com,France,2020-02-03,Standard,518.84
9866,Ananya Clark,ananya.clark@outlook.com,United States,2020-09-10,Standard,439.77
9867,Laura Jackson,laura.jackson@hotmail.com,United Kingdom,2024-11-08,Basic,81.67
9868,Matthew Smith,matthew.smith@yahoo.com,India,2022-07-15,Standard,149.33
9869,Sofia Chen,sofia.chen@hotmail.com,Germany,2024-07-10,Standard,250.78
9870,Stephanie Walker,stephanie.walker@outlook.com,Australia,2020-07-23,Standard,185.95
9871,Stephanie Hernandez,stephanie.hernandez1@company.com,United Kingdom,2020-06-30,Premium,591.02
9872,Matthew Sanchez,matthew.sanchez@company.com,France,2024-10-16,Standard,652.51
9873,Oliver Perez,oliver.perez2@outlook.com,India,2023-01-12,Basic,94.93
9874,Matthew Rodriguez,matthew.rodriguez@outlook.com,United Kingdom,2022-11-03,Standard,727.41
9875,Paul Smith,paul.smith4@gmail.com,United Kingdom,2024-07-22,Standard,480.65
9876,William Smith,william.smith2@gmail.com,United Kingdom,2020-04-06,Standard,678.68
9877,Sarah Wilson,sarah.wilson@hotmail.com,Australia,2021-04-02,Basic,68.73
9878,Ananya Harris,ananya.harris2@yahoo.com,United States,2022-02-18,Basic,49.22
9879,Melissa Ramirez,melissa.ramirez1@icloud.com,United States,2021-09-06,Standard,744.68
9880,Amanda Moore,amanda.moore@icloud.com,India,2022-08-18,Standard,555.17
9881,Priya Wilson,priya.wilson2@gmail.com,United States,2021-06-12,Standard,262.41
9882,John Garcia,john.garcia2@gmail.com,United States,2023-04-30,Standard,470.43
9883,Elizabeth Perez,elizabeth.perez3@gmail.com,Canada,2025-03-04,Standard,190.69
9884,Stephanie Mueller,stephanie.mueller@company.com,United States,2025-05-30,Standard,700.64
9885,Laura Nguyen,laura.nguyen1@mail.io,United States,2023-08-14,Basic,91.56
9886,Emily Harris,emily.harris@hotmail.com,United Kingdom,2021-08-07,Basic,101.78
9887,Michael Wang,michael.wang@mail.io,United States,2024-06-25,Basic,70.36
9888,Lucas Kumar,lucas.kumar6@gmail.com,United Kingdom,2021-11-18,Standard,388.22
9889,Ashley Kim,ashley.kim@hotmail.com,United Kingdom,2024-10-17,Standard,155.63
9890,Sofia Thompson,sofia.thompson@company.com,United States,2021-05-07,Standard,268.85
9891,Linda Wang,linda.wang@hotmail.com,United Kingdom,2021-11-15,Basic,74.41
9892,Joshua White,joshua.white2@gmail.com,Germany,2022-10-09,Standard,613.97
9893,Nancy Thomas,nancy.thomas@company.com,India,2023-04-14,Basic,156.73
9894,Emily Gonzalez,emily.gonzalez@outlook.com,India,2020-11-04,Premium,3797.10
9895,Joshua Nguyen,joshua.nguyen@mail.io,India,2025-03-27,Basic,197.45
9896,Elizabeth Lewis,elizabeth.lewis@yahoo.com,United States,2022-12-23,Basic,136.66
9897,David Rodriguez,david.rodriguez3@gmail.com,Canada,2021-02-24,Basic,123.63
9898,John Brown,john.brown1@outlook.com,India,2022-09-09,Standard,440.75
9899,Steven Singh,steven.singh@company.com,Germany,2022-02-16,Standard,109.59
9900,Amanda Wilson,amanda.wilson1@company.com,United States,2023-05-21,Standard,86.36
9901,Robert Kumar,robert.kumar2@gmail.com,France,2022-02-26,Standard,70.54
9902,Sarah Perez,sarah.perez1@outlook.com,Canada,2020-10-17,Premium,4580.01
9903,Noah Ramirez,noah.ramirez@outlook.com,United States,2020-12-05,Standard,257.93
9904,Raj Chen,raj.chen2@gmail.com,Australia,2020-02-07,Premium,2195.53
9905,Arjun Patel,arjun.patel@mail.io,Germany,2022-08-18,Basic,191.87
9906,Jennifer Brown,jennifer.brown4@gmail.com,France,2020-10-08,Standard,411.15
9907,Mary Lewis,mary.lewis5@gmail.com,United States,2023-04-06,Standard,614.43
9908,Oliver Jackson,oliver.jackson@mail.io,France,2025-03-19,Basic,191.91
9909,Steven Lee,steven.lee@mail.io,United States,2023-10-21,Premium,2666.71
9910,Stephanie Moore,stephanie.moore@outlook.com,United States,2020-09-24,Basic,64.98
9911,Christopher Singh,christopher.singh@hotmail.com,United Kingdom,2020-09-08,Standard,305.17
9912,Mary Jones,mary.jones@outlook.com,Germany,2020-11-16,Premium,1079.37
9913,Melissa Rodriguez,melissa.rodriguez@gmail.com,United States,2020-06-02,Standard,465.01
9914,Joshua Kumar,joshua.kumar@yahoo.com,France,2025-04-05,Standard,689.63
9915,Joshua Jones,joshua.jones@outlook.com,France,2021-03-09,Standard,754.59
9916,Joshua Perez,joshua.perez@mail.io,United States,2020-09-15,Standard,214.44
9917,Matthew Wilson,matthew.wilson1@yahoo.com,Australia,2022-01-05,Standard,386.64
9918,Thomas Clark,thomas.clark@mail.io,India,2022-12-28,Premium,4670.61
9919,Robert Anderson,robert.anderson@hotmail.com,United States,2022-07-06,Premium,1301.63
9920,Ananya Perez,ananya.perez@hotmail.com,Canada,2020-12-23,Premium,3833.29
9921,Nancy Gonzalez,nancy.gonzalez2@hotmail.com,United Kingdom,2021-05-01,Premium,1249.14
9922,Amanda Johnson,amanda.johnson3@gmail.com,United Kingdom,2021-09-06,Premium,2474.53
9923,Karen Sharma,karen.sharma1@gmail.com,United States,2020-03-22,Basic,185.02
9924,Sofia Chen,sofia.chen3@gmail.com,United States,2021-12-24,Basic,106.80
9925,Joseph Harris,joseph.harris2@gmail.com,Canada,2023-01-28,Standard,557.58
9926,Matthew Harris,matthew.harris@company.com,United States,2023-12-21,Basic,7.63
9927,Robert Jones,robert.jones@icloud.com,Germany,2023-12-17,Basic,148.97
9928,Sofia Singh,sofia.singh3@gmail.com,United Kingdom,2023-06-28,Basic,107.71
9929,Lisa Martin,lisa.martin1@gmail.com,United States,2022-11-22,Standard,773.86
9930,Karen Wang,karen.wang1@company.com,Australia,2022-03-01,Premium,2475.17
9931,Ananya Lopez,ananya.lopez@gmail.com,United States,2022-11-30,Standard,459.46
9932,Rebecca Rodriguez,rebecca.rodriguez@gmail.com,United States,2022-06-23,Basic,45.94
9933,Arjun Rodriguez,arjun.rodriguez2@gmail.com,United Kingdom,2022-06-14,Standard,632.73
9934,Patricia Harris,patricia.harris1@gmail.com,United Kingdom,2022-05-04,Basic,199.42
9935,Lisa Martinez,lisa.martinez@gmail.com,United States,2024-11-18,Premium,4252.20
9936,Melissa Sharma,melissa.sharma@hotmail.com,Germany,2020-02-19,Standard,636.74
9937,Joshua Kumar,joshua.kumar1@yahoo.com,United Kingdom,2024-01-23,Premium,1946.13
9938,Donald Hernandez,donald.hernandez1@outlook.com,United States,2023-06-16,Standard,772.24
9939,Stephanie Gonzalez,stephanie.gonzalez2@gmail.com,France,2021-11-10,Standard,75.22
9940,Patricia Sharma,patricia.sharma3@gmail.com,Germany,2024-05-27,Standard,343.81
9941,Paul Johnson,paul.johnson@outlook.com,Australia,2024-07-15,Standard,665.42
9942,Sofia Smith,sofia.smith@company.com,France,2020-03-03,Basic,111.89
9943,Thomas Robinson,thomas.robinson1@gmail.com,United States,2025-02-24,Standard,442.08
9944,Lisa Taylor,lisa.taylor@outlook.com,India,2023-10-24,Premium,788.50
9945,Andrew Walker,andrew.walker@yahoo.com,United Kingdom,2023-03-23,Standard,305.87
9946,Andrew Moore,andrew.moore1@gmail.com,Canada,2020-09-09,Premium,1308.44
9947,Jennifer Hernandez,jennifer.hernandez@hotmail.com,United States,2022-09-10,Standard,541.62
9948,Mia Rodriguez,mia.rodriguez@yahoo.com,Canada,2023-04-28,Basic,14.21
9949,Barbara Clark,barbara.clark@outlook.com,United Kingdom,2020-07-28,Standard,144.03
9950,Lucas Wilson,lucas.wilson1@mail.io,India,2021-08-07,Standard,498.76
9951,Stephanie Moore,stephanie.moore1@outlook.com,United States,2021-08-08,Standard,418.32
9952,Christopher Anderson,christopher.anderson@icloud.com,Germany,2022-12-14,Premium,3477.54
9953,John White,john.white2@gmail.com,India,2021-01-21,Standard,487.40
9954,Joseph Mueller,joseph.mueller@company.com,United Kingdom,2023-12-08,Basic,142.52
9955,Jessica Sanchez,jessica.sanchez1@outlook.com,Australia,2023-12-05,Basic,162.15
9956,Kenneth Moore,kenneth.moore@outlook.com,United States,2023-02-10,Basic,32.81
9957,Andrew Patel,andrew.patel1@yahoo.com,United States,2025-05-21,Basic,193.64
9958,Lisa Moore,lisa.moore@gmail.com,United States,2022-12-21,Premium,3753.82
9959,Amanda Martinez,amanda.martinez2@gmail.com,Germany,2021-02-13,Standard,189.24
9960,Jennifer Chen,jennifer.chen1@company.com,India,2021-05-17,Basic,123.57
9961,Sofia Thompson,sofia.thompson1@gmail.com,United Kingdom,2022-12-25,Standard,420.80
9962,Linda Kumar,linda.kumar1@outlook.com,Germany,2021-07-12,Basic,43.55
9963,Daniel Miller,daniel.miller1@hotmail.com,France,2022-08-25,Standard,488.60
9964,Richard Wilson,richard.wilson1@mail.io,United States,2023-05-18,Standard,200.59
9965,Noah White,noah.white1@icloud.com,Australia,2020-10-16,Basic,96.48
9966,Raj Taylor,raj.taylor@gmail.com,Australia,2021-07-26,Standard,656.51
9967,Andrew Sharma,andrew.sharma3@gmail.com,United States,2024-08-14,Standard,116.12
9968,Jennifer Lopez,jennifer.lopez@gmail.com,Germany,2024-06-07,Standard,631.77
9969,Mary Robinson,mary.robinson@mail.io,France,2021-02-11,Basic,4.90
9970,Oliver Wilson,oliver.wilson1@gmail.com,Germany,2022-03-24,Standard,729.61
9971,Andrew Jones,andrew.jones@company.com,United States,2024-09-01,Basic,182.28
9972,Andrew Wilson,andrew.wilson4@gmail.com,United States,2022-10-09,Basic,128.45
9973,Michael Lopez,michael.lopez1@gmail.com,United States,2023-11-05,Basic,105.10
9974,Susan Martinez,susan.martinez@outlook.com,United Kingdom,2024-01-20,Standard,409.06
9975,Amanda Jackson,amanda.jackson@mail.io,France,2025-03-20,Standard,385.78
9976,Linda Anderson,linda.anderson1@company.com,United States,2024-06-14,Premium,4633.62
9977,Donald Lewis,donald.lewis@hotmail.com,United Kingdom,2023-10-28,Standard,473.27
9978,James Jones,james.jones2@gmail.com,United Kingdom,2020-04-16,Premium,1623.57
9979,Kenneth Lopez,kenneth.lopez1@gmail.com,Australia,2024-01-19,Basic,163.27
9980,Robert Kumar,robert.kumar@yahoo.com,United States,2025-05-17,Standard,522.18
9981,Stephanie Perez,stephanie.perez@gmail.com,United States,2021-09-09,Standard,777.23
9982,Emily Brown,,United Kingdom,2021-11-05,Basic,168.29
9983,Mark Smith,mark.smith@outlook.com,Canada,2025-04-17,Basic,70.42
9984,Sarah Sanchez,sarah.sanchez2@gmail.com,United States,2020-12-28,Standard,565.05
9985,Noah White,noah.white@yahoo.com,Canada,2022-05-25,Basic,120.73
9986,Oliver Jackson,oliver.jackson1@mail.io,United States,2020-05-10,Premium,1753.53
9987,Noah Patel,noah.patel@gmail.com,United States,2022-09-01,Basic,42.81
9988,Jessica Thompson,jessica.thompson@outlook.com,Australia,2024-07-19,Standard,214.61
9989,Linda Thompson,linda.thompson@gmail.com,India,2020-07-15,Standard,350.15
9990,Linda Kim,linda.kim1@company.com,India,2020-10-24,Basic,84.19
9991,Barbara Wang,barbara.wang@mail.io,India,2023-12-11,Basic,69.21
9992,James Harris,james.harris@mail.io,India,2022-03-07,Basic,16.18
9993,Mark Mueller,mark.mueller@yahoo.com,United States,2021-07-21,Standard,655.98
9994,Stephanie Singh,stephanie.singh2@mail.io,United States,2025-02-11,Standard,326.70
9995,Paul Wilson,paul.wilson1@hotmail.com,United States,2021-11-16,Premium,821.39
9996,Amanda Walker,amanda.walker@yahoo.com,United States,2021-01-27,Standard,118.98
9997,Amanda Mueller,amanda.mueller2@gmail.com,Germany,2020-11-22,Standard,86.08
9998,Noah Lopez,noah.lopez@outlook.com,Canada,2024-01-25,Standard,571.12
9999,Patricia Robinson,patricia.robinson@gmail.com,United States,2025-01-05,Standard,504.65
10000,Jennifer Williams,jennifer.williams@company.com,United States,2022-03-09,Basic,61.28
3214,Daniel Garcia,daniel.garcia@mail.io,France,2022-09-11,Standard,226.48
9151,Ananya Davis,ananya.davis1@corp.net,United States,2024-09-01,Standard,313.42
2390,Laura Thomas,laura.thomas1@gmail.com,Australia,2022-08-25,Standard,227.59
7468,Jennifer Martinez,jennifer.martinez1@outlook.com,United States,2021-11-15,Standard,751.15
4921,Emma Ramirez,emma.ramirez@outlook.com,India,2021-11-10,Basic,199.88
1634,Elizabeth Lopez,elizabeth.lopez@mail.io,United States,2020-11-09,Premium,3292.97
3233,Karen Patel,karen.patel1@icloud.com,United States,2024-02-19,Basic,177.94
7823,Oliver Miller,oliver.miller@mail.io,United States,2021-07-06,Basic,104.74
4576,Lucas Miller,lucas.miller@outlook.com,United States,2023-08-20,Standard,541.83
6349,Mary Lewis,mary.lewis@icloud.com,Germany,2024-08-02,Basic,34.94
